{
    "code": 200,
    "status": "OK.",
    "message": "Success fetching surah.",
    "data": {
        "number": 100,
        "sequence": 14,
        "numberOfVerses": 11,
        "name": {
            "short": "العاديات",
            "long": "سورة العاديات",
            "transliteration": {
                "en": "Al-Aadiyaat",
                "id": "Al-'Adiyat"
            },
            "translation": {
                "en": "The Chargers",
                "id": "Kuda Yang Berlari Kencang"
            }
        },
        "revelation": {
            "arab": "مكة",
            "en": "Meccan",
            "id": "Makkiyyah"
        },
        "tafsir": {
            "id": "Surat ini terdiri atas 11 ayat, termasuk golongan surat-surat Makkiyyah, diturunkan sesudah surat Al'Ashr. Nama Al 'Aadiyaat diambil dari kata Al 'Aadiyaat yang terdapat pada ayat pertama surat ini, artinya yang berlari kencang."
        },
        "preBismillah": {
            "text": {
                "arab": "بِسْمِ اللَّهِ الرَّحْمَٰنِ الرَّحِيمِ",
                "transliteration": {
                    "en": "Bismillaahir Rahmaanir Raheem"
                }
            },
            "translation": {
                "en": "In the name of Allah, the Entirely Merciful, the Especially Merciful.",
                "id": "Dengan nama Allah Yang Maha Pengasih, Maha Penyayang."
            },
            "audio": {
                "primary": "https://cdn.alquran.cloud/media/audio/ayah/ar.alafasy/1",
                "secondary": [
                    "https://cdn.islamic.network/quran/audio/128/ar.alafasy/1.mp3",
                    "https://cdn.islamic.network/quran/audio/64/ar.alafasy/1.mp3"
                ]
            }
        },
        "verses": [
            {
                "number": {
                    "inQuran": 6147,
                    "inSurah": 1
                },
                "meta": {
                    "juz": 30,
                    "page": 599,
                    "manzil": 7,
                    "ruku": 542,
                    "hizbQuarter": 239,
                    "sajda": {
                        "recommended": false,
                        "obligatory": false
                    }
                },
                "text": {
                    "arab": "وَالْعَادِيَاتِ ضَبْحًا",
                    "transliteration": {
                        "en": "Wal'aadi yaati dabha"
                    }
                },
                "translation": {
                    "en": "By the racers, panting,",
                    "id": "Demi kuda perang yang berlari kencang terengah-engah,"
                },
                "audio": {
                    "primary": "https://cdn.alquran.cloud/media/audio/ayah/ar.alafasy/6147",
                    "secondary": [
                        "https://cdn.islamic.network/quran/audio/128/ar.alafasy/6147.mp3",
                        "https://cdn.islamic.network/quran/audio/64/ar.alafasy/6147.mp3"
                    ]
                },
                "tafsir": {
                    "id": {
                        "short": "Demi kuda perang yang berlari kencang dan bernafas terengah-engah ke arah musuh dengan penuh keberanian dan semangat guna membawa tuannya berperang di jalan Allah.",
                        "long": "Allah bersumpah dengan kuda perang yang memperdengarkan suaranya yang gemuruh. Kuda-kuda yang memancarkan bunga api dari kuku kakinya karena berlari kencang. Kuda-kuda yang menyerang di waktu subuh untuk menyergap musuh di waktu mereka tidak siap siaga. Karena kencangnya lari kuda itu, debu-debu jadi beterbangan. Allah menyatakan bahwa kuda yang menyerang itu tiba-tiba berada di tengah-tengah musuh sehingga menyebabkan mereka panik.\n\nAllah bersumpah dengan kuda dan sifat-sifatnya dalam suasana perang bertujuan untuk membangkitkan semangat perjuangan di kalangan orang-orang Mukmin. Sudah selayaknya mereka bersifat demikian dengan membiasakan diri menunggang kuda dengan tangkas untuk menyerbu musuh. Mereka juga diperintahkan agar selalu siap siaga untuk terjun ke medan pertempuran bila genderang perang memanggil mereka untuk menghancurkan musuh yang menyerang, sebagaimana Allah berfirman:\n\nDan persiapkanlah dengan segala kemampuan untuk menghadapi mereka dengan kekuatan yang kamu miliki dan dari pasukan berkuda yang dapat menggentarkan musuh Allah dan musuhmu. (al-Anfal/8: 60).\n\nAllah bersumpah dengan kuda perang yang dalam keadaan berlari kencang, hilir-mudik, memancarkan percikan bunga api dari kakinya karena berlari kencang, dan dengan penyergapan di waktu subuh, menunjukkan bahwa kuda-kuda yang dipelihara itu bukan untuk kebanggaan. Hendaknya kuda yang dipuji adalah yang digunakan untuk memadamkan keganasan musuh, melumpuhkan kekuatan mereka, atau menghadang serangan mereka.\n\nMaksudnya, dalam ketangkasan berkuda terkandung faedah yang tidak terkira banyaknya. Di antaranya adalah dapat dipergunakan untuk mencari nafkah, cepat bergerak untuk suatu keperluan yang mendadak, digunakan untuk menyergap musuh, dan dapat mencapai tempat yang jauh dalam waktu yang singkat."
                    }
                }
            },
            {
                "number": {
                    "inQuran": 6148,
                    "inSurah": 2
                },
                "meta": {
                    "juz": 30,
                    "page": 599,
                    "manzil": 7,
                    "ruku": 542,
                    "hizbQuarter": 239,
                    "sajda": {
                        "recommended": false,
                        "obligatory": false
                    }
                },
                "text": {
                    "arab": "فَالْمُورِيَاتِ قَدْحًا",
                    "transliteration": {
                        "en": "Fal moori yaati qadha"
                    }
                },
                "translation": {
                    "en": "And the producers of sparks [when] striking",
                    "id": "dan kuda yang memercikkan bunga api (dengan pukulan kuku kakinya),"
                },
                "audio": {
                    "primary": "https://cdn.alquran.cloud/media/audio/ayah/ar.alafasy/6148",
                    "secondary": [
                        "https://cdn.islamic.network/quran/audio/128/ar.alafasy/6148.mp3",
                        "https://cdn.islamic.network/quran/audio/64/ar.alafasy/6148.mp3"
                    ]
                },
                "tafsir": {
                    "id": {
                        "short": "Dan demi kuda yang memercikkan bunga api karena hentakan kuku kakinya beradu dengan batu batu. Hal ini menunjukkan keberaniannya menghadapi rintangan sebesar apa pun.",
                        "long": "Allah bersumpah dengan kuda perang yang memperdengarkan suaranya yang gemuruh. Kuda-kuda yang memancarkan bunga api dari kuku kakinya karena berlari kencang. Kuda-kuda yang menyerang di waktu subuh untuk menyergap musuh di waktu mereka tidak siap siaga. Karena kencangnya lari kuda itu, debu-debu jadi beterbangan. Allah menyatakan bahwa kuda yang menyerang itu tiba-tiba berada di tengah-tengah musuh sehingga menyebabkan mereka panik.\n\nAllah bersumpah dengan kuda dan sifat-sifatnya dalam suasana perang bertujuan untuk membangkitkan semangat perjuangan di kalangan orang-orang Mukmin. Sudah selayaknya mereka bersifat demikian dengan membiasakan diri menunggang kuda dengan tangkas untuk menyerbu musuh. Mereka juga diperintahkan agar selalu siap siaga untuk terjun ke medan pertempuran bila genderang perang memanggil mereka untuk menghancurkan musuh yang menyerang, sebagaimana Allah berfirman:\n\nDan persiapkanlah dengan segala kemampuan untuk menghadapi mereka dengan kekuatan yang kamu miliki dan dari pasukan berkuda yang dapat menggentarkan musuh Allah dan musuhmu. (al-Anfal/8: 60).\n\nAllah bersumpah dengan kuda perang yang dalam keadaan berlari kencang, hilir-mudik, memancarkan percikan bunga api dari kakinya karena berlari kencang, dan dengan penyergapan di waktu subuh, menunjukkan bahwa kuda-kuda yang dipelihara itu bukan untuk kebanggaan. Hendaknya kuda yang dipuji adalah yang digunakan untuk memadamkan keganasan musuh, melumpuhkan kekuatan mereka, atau menghadang serangan mereka.\n\nMaksudnya, dalam ketangkasan berkuda terkandung faedah yang tidak terkira banyaknya. Di antaranya adalah dapat dipergunakan untuk mencari nafkah, cepat bergerak untuk suatu keperluan yang mendadak, digunakan untuk menyergap musuh, dan dapat mencapai tempat yang jauh dalam waktu yang singkat."
                    }
                }
            },
            {
                "number": {
                    "inQuran": 6149,
                    "inSurah": 3
                },
                "meta": {
                    "juz": 30,
                    "page": 599,
                    "manzil": 7,
                    "ruku": 542,
                    "hizbQuarter": 239,
                    "sajda": {
                        "recommended": false,
                        "obligatory": false
                    }
                },
                "text": {
                    "arab": "فَالْمُغِيرَاتِ صُبْحًا",
                    "transliteration": {
                        "en": "Fal mugheeraati subha"
                    }
                },
                "translation": {
                    "en": "And the chargers at dawn,",
                    "id": "dan kuda yang menyerang (dengan tiba-tiba) pada waktu pagi,"
                },
                "audio": {
                    "primary": "https://cdn.alquran.cloud/media/audio/ayah/ar.alafasy/6149",
                    "secondary": [
                        "https://cdn.islamic.network/quran/audio/128/ar.alafasy/6149.mp3",
                        "https://cdn.islamic.network/quran/audio/64/ar.alafasy/6149.mp3"
                    ]
                },
                "tafsir": {
                    "id": {
                        "short": "Dan demi kuda yang menyerang dengan tiba-tiba pada waktu pagi hal ini menunjukkan kesiagaannya untuk berjihad tanpa mengenal waktu,",
                        "long": "Allah bersumpah dengan kuda perang yang memperdengarkan suaranya yang gemuruh. Kuda-kuda yang memancarkan bunga api dari kuku kakinya karena berlari kencang. Kuda-kuda yang menyerang di waktu subuh untuk menyergap musuh di waktu mereka tidak siap siaga. Karena kencangnya lari kuda itu, debu-debu jadi beterbangan. Allah menyatakan bahwa kuda yang menyerang itu tiba-tiba berada di tengah-tengah musuh sehingga menyebabkan mereka panik.\n\nAllah bersumpah dengan kuda dan sifat-sifatnya dalam suasana perang bertujuan untuk membangkitkan semangat perjuangan di kalangan orang-orang Mukmin. Sudah selayaknya mereka bersifat demikian dengan membiasakan diri menunggang kuda dengan tangkas untuk menyerbu musuh. Mereka juga diperintahkan agar selalu siap siaga untuk terjun ke medan pertempuran bila genderang perang memanggil mereka untuk menghancurkan musuh yang menyerang, sebagaimana Allah berfirman:\n\nDan persiapkanlah dengan segala kemampuan untuk menghadapi mereka dengan kekuatan yang kamu miliki dan dari pasukan berkuda yang dapat menggentarkan musuh Allah dan musuhmu. (al-Anfal/8: 60).\n\nAllah bersumpah dengan kuda perang yang dalam keadaan berlari kencang, hilir-mudik, memancarkan percikan bunga api dari kakinya karena berlari kencang, dan dengan penyergapan di waktu subuh, menunjukkan bahwa kuda-kuda yang dipelihara itu bukan untuk kebanggaan. Hendaknya kuda yang dipuji adalah yang digunakan untuk memadamkan keganasan musuh, melumpuhkan kekuatan mereka, atau menghadang serangan mereka.\n\nMaksudnya, dalam ketangkasan berkuda terkandung faedah yang tidak terkira banyaknya. Di antaranya adalah dapat dipergunakan untuk mencari nafkah, cepat bergerak untuk suatu keperluan yang mendadak, digunakan untuk menyergap musuh, dan dapat mencapai tempat yang jauh dalam waktu yang singkat."
                    }
                }
            },
            {
                "number": {
                    "inQuran": 6150,
                    "inSurah": 4
                },
                "meta": {
                    "juz": 30,
                    "page": 599,
                    "manzil": 7,
                    "ruku": 542,
                    "hizbQuarter": 239,
                    "sajda": {
                        "recommended": false,
                        "obligatory": false
                    }
                },
                "text": {
                    "arab": "فَأَثَرْنَ بِهِ نَقْعًا",
                    "transliteration": {
                        "en": "Fa atharna bihee naq'a"
                    }
                },
                "translation": {
                    "en": "Stirring up thereby [clouds of] dust,",
                    "id": "sehingga menerbangkan debu,"
                },
                "audio": {
                    "primary": "https://cdn.alquran.cloud/media/audio/ayah/ar.alafasy/6150",
                    "secondary": [
                        "https://cdn.islamic.network/quran/audio/128/ar.alafasy/6150.mp3",
                        "https://cdn.islamic.network/quran/audio/64/ar.alafasy/6150.mp3"
                    ]
                },
                "tafsir": {
                    "id": {
                        "short": "sehingga dengan serangan kuda-kuda itu menerbangkan debu yang tebal, tanda betapa dahsyat serangan mereka ke arah musuh,",
                        "long": "Allah bersumpah dengan kuda perang yang memperdengarkan suaranya yang gemuruh. Kuda-kuda yang memancarkan bunga api dari kuku kakinya karena berlari kencang. Kuda-kuda yang menyerang di waktu subuh untuk menyergap musuh di waktu mereka tidak siap siaga. Karena kencangnya lari kuda itu, debu-debu jadi beterbangan. Allah menyatakan bahwa kuda yang menyerang itu tiba-tiba berada di tengah-tengah musuh sehingga menyebabkan mereka panik.\n\nAllah bersumpah dengan kuda dan sifat-sifatnya dalam suasana perang bertujuan untuk membangkitkan semangat perjuangan di kalangan orang-orang Mukmin. Sudah selayaknya mereka bersifat demikian dengan membiasakan diri menunggang kuda dengan tangkas untuk menyerbu musuh. Mereka juga diperintahkan agar selalu siap siaga untuk terjun ke medan pertempuran bila genderang perang memanggil mereka untuk menghancurkan musuh yang menyerang, sebagaimana Allah berfirman:\n\nDan persiapkanlah dengan segala kemampuan untuk menghadapi mereka dengan kekuatan yang kamu miliki dan dari pasukan berkuda yang dapat menggentarkan musuh Allah dan musuhmu. (al-Anfal/8: 60).\n\nAllah bersumpah dengan kuda perang yang dalam keadaan berlari kencang, hilir-mudik, memancarkan percikan bunga api dari kakinya karena berlari kencang, dan dengan penyergapan di waktu subuh, menunjukkan bahwa kuda-kuda yang dipelihara itu bukan untuk kebanggaan. Hendaknya kuda yang dipuji adalah yang digunakan untuk memadamkan keganasan musuh, melumpuhkan kekuatan mereka, atau menghadang serangan mereka.\n\nMaksudnya, dalam ketangkasan berkuda terkandung faedah yang tidak terkira banyaknya. Di antaranya adalah dapat dipergunakan untuk mencari nafkah, cepat bergerak untuk suatu keperluan yang mendadak, digunakan untuk menyergap musuh, dan dapat mencapai tempat yang jauh dalam waktu yang singkat."
                    }
                }
            },
            {
                "number": {
                    "inQuran": 6151,
                    "inSurah": 5
                },
                "meta": {
                    "juz": 30,
                    "page": 599,
                    "manzil": 7,
                    "ruku": 542,
                    "hizbQuarter": 239,
                    "sajda": {
                        "recommended": false,
                        "obligatory": false
                    }
                },
                "text": {
                    "arab": "فَوَسَطْنَ بِهِ جَمْعًا",
                    "transliteration": {
                        "en": "Fawa satna bihee jam'a"
                    }
                },
                "translation": {
                    "en": "Arriving thereby in the center collectively,",
                    "id": "lalu menyerbu ke tengah-tengah kumpulan musuh,"
                },
                "audio": {
                    "primary": "https://cdn.alquran.cloud/media/audio/ayah/ar.alafasy/6151",
                    "secondary": [
                        "https://cdn.islamic.network/quran/audio/128/ar.alafasy/6151.mp3",
                        "https://cdn.islamic.network/quran/audio/64/ar.alafasy/6151.mp3"
                    ]
                },
                "tafsir": {
                    "id": {
                        "short": "lalu menyerbu bersama dengan kepulan debu itu ke tengah-tengah kumpulan musuh dengan gagah berani.",
                        "long": "Allah bersumpah dengan kuda perang yang memperdengarkan suaranya yang gemuruh. Kuda-kuda yang memancarkan bunga api dari kuku kakinya karena berlari kencang. Kuda-kuda yang menyerang di waktu subuh untuk menyergap musuh di waktu mereka tidak siap siaga. Karena kencangnya lari kuda itu, debu-debu jadi beterbangan. Allah menyatakan bahwa kuda yang menyerang itu tiba-tiba berada di tengah-tengah musuh sehingga menyebabkan mereka panik.\n\nAllah bersumpah dengan kuda dan sifat-sifatnya dalam suasana perang bertujuan untuk membangkitkan semangat perjuangan di kalangan orang-orang Mukmin. Sudah selayaknya mereka bersifat demikian dengan membiasakan diri menunggang kuda dengan tangkas untuk menyerbu musuh. Mereka juga diperintahkan agar selalu siap siaga untuk terjun ke medan pertempuran bila genderang perang memanggil mereka untuk menghancurkan musuh yang menyerang, sebagaimana Allah berfirman:\n\nDan persiapkanlah dengan segala kemampuan untuk menghadapi mereka dengan kekuatan yang kamu miliki dan dari pasukan berkuda yang dapat menggentarkan musuh Allah dan musuhmu. (al-Anfal/8: 60).\n\nAllah bersumpah dengan kuda perang yang dalam keadaan berlari kencang, hilir-mudik, memancarkan percikan bunga api dari kakinya karena berlari kencang, dan dengan penyergapan di waktu subuh, menunjukkan bahwa kuda-kuda yang dipelihara itu bukan untuk kebanggaan. Hendaknya kuda yang dipuji adalah yang digunakan untuk memadamkan keganasan musuh, melumpuhkan kekuatan mereka, atau menghadang serangan mereka.\n\nMaksudnya, dalam ketangkasan berkuda terkandung faedah yang tidak terkira banyaknya. Di antaranya adalah dapat dipergunakan untuk mencari nafkah, cepat bergerak untuk suatu keperluan yang mendadak, digunakan untuk menyergap musuh, dan dapat mencapai tempat yang jauh dalam waktu yang singkat."
                    }
                }
            },
            {
                "number": {
                    "inQuran": 6152,
                    "inSurah": 6
                },
                "meta": {
                    "juz": 30,
                    "page": 599,
                    "manzil": 7,
                    "ruku": 542,
                    "hizbQuarter": 239,
                    "sajda": {
                        "recommended": false,
                        "obligatory": false
                    }
                },
                "text": {
                    "arab": "إِنَّ الْإِنسَانَ لِرَبِّهِ لَكَنُودٌ",
                    "transliteration": {
                        "en": "Innal-insana lirabbihee lakanood"
                    }
                },
                "translation": {
                    "en": "Indeed mankind, to his Lord, is ungrateful.",
                    "id": "sungguh, manusia itu sangat ingkar, (tidak bersyukur) kepada Tuhannya,"
                },
                "audio": {
                    "primary": "https://cdn.alquran.cloud/media/audio/ayah/ar.alafasy/6152",
                    "secondary": [
                        "https://cdn.islamic.network/quran/audio/128/ar.alafasy/6152.mp3",
                        "https://cdn.islamic.network/quran/audio/64/ar.alafasy/6152.mp3"
                    ]
                },
                "tafsir": {
                    "id": {
                        "short": "Demi kuda-kuda perang yang demikian sifatnya, sungguh manusia itu enggan bersyukur dan sangat ingkar kepada nikmat Tuhannya. Manusia, kecuali yang dirahmati Allah, malas bersyukur ketika mendapatkan nikmat dan tidak mau memenuhi kewajiban yang dibebankan kepadanya.",
                        "long": "Dalam ayat ini, Allah menerangkan isi sumpah-Nya, yaitu: watak manusia adalah mengingkari kebenaran dan tidak mengakui hal-hal yang menyebabkan mereka harus bersyukur kepada penciptanya, kecuali orang-orang yang mendapat taufik, membiasakan diri berbuat kebajikan dan menjauhkan diri dari kemungkaran.\n\nHubungan antara ayat 5 yang menggambarkan persoalan kuda dan ayat 6 yang memberi informasi tentang sifat dasar manusia adalah bahwa manusia itu mempunyai potensi menjadi liar seperti kuda yang tidak terkendali, sehingga menyebabkannya ingkar kepada Allah.\n\nSifat yang terpendam dalam jiwa manusia ini menyebabkan ia tidak mementingkan apa yang terdapat di sekelilingnya, tidak menghiraukan apa yang akan datang, dan lupa apa yang telah lalu. Bila Allah memberikan kepadanya sesuatu nikmat, dia menjadi bingung, hatinya menjadi bengis, dan sikapnya menjadi kasar terhadap hamba-hamba Allah."
                    }
                }
            },
            {
                "number": {
                    "inQuran": 6153,
                    "inSurah": 7
                },
                "meta": {
                    "juz": 30,
                    "page": 599,
                    "manzil": 7,
                    "ruku": 542,
                    "hizbQuarter": 239,
                    "sajda": {
                        "recommended": false,
                        "obligatory": false
                    }
                },
                "text": {
                    "arab": "وَإِنَّهُ عَلَىٰ ذَٰلِكَ لَشَهِيدٌ",
                    "transliteration": {
                        "en": "Wa innahu 'alaa zaalika la shaheed"
                    }
                },
                "translation": {
                    "en": "And indeed, he is to that a witness.",
                    "id": "dan sesungguhnya dia (manusia) menyaksikan (mengakui) keingkarannya,"
                },
                "audio": {
                    "primary": "https://cdn.alquran.cloud/media/audio/ayah/ar.alafasy/6153",
                    "secondary": [
                        "https://cdn.islamic.network/quran/audio/128/ar.alafasy/6153.mp3",
                        "https://cdn.islamic.network/quran/audio/64/ar.alafasy/6153.mp3"
                    ]
                },
                "tafsir": {
                    "id": {
                        "short": "dan sesungguhnya dia mengakui dan menyaksikan keingkarannya itu. Hal itu bisa dilihat dari mudahnya manusia bermaksiat kepada Allah.",
                        "long": "Dalam ayat ini, Allah menjelaskan bahwa seorang manusia meskipun ingkar, aniaya, dan tetap dalam keingkaran serta kebohongan, bila ia mawas diri, seharusnya ia akan kembali kepada yang benar. \n\nDia mengaku bahwa dia tidak mensyukuri nikmat-nikmat Allah yang dianugerahkan kepadanya. Dia juga mengakui bahwa semua tindakannya merupakan penentangan dan pengingkaran terhadap nikmat tersebut. Ini adalah kesaksian sendiri atas keingkarannya, pengakuan tersebut lebih kuat daripada pengakuan yang timbul dari diri sendiri dengan lisan."
                    }
                }
            },
            {
                "number": {
                    "inQuran": 6154,
                    "inSurah": 8
                },
                "meta": {
                    "juz": 30,
                    "page": 599,
                    "manzil": 7,
                    "ruku": 542,
                    "hizbQuarter": 239,
                    "sajda": {
                        "recommended": false,
                        "obligatory": false
                    }
                },
                "text": {
                    "arab": "وَإِنَّهُ لِحُبِّ الْخَيْرِ لَشَدِيدٌ",
                    "transliteration": {
                        "en": "Wa innahu lihubbil khairi la shadeed"
                    }
                },
                "translation": {
                    "en": "And indeed he is, in love of wealth, intense.",
                    "id": "dan sesungguhnya cintanya kepada harta benar-benar berlebihan."
                },
                "audio": {
                    "primary": "https://cdn.alquran.cloud/media/audio/ayah/ar.alafasy/6154",
                    "secondary": [
                        "https://cdn.islamic.network/quran/audio/128/ar.alafasy/6154.mp3",
                        "https://cdn.islamic.network/quran/audio/64/ar.alafasy/6154.mp3"
                    ]
                },
                "tafsir": {
                    "id": {
                        "short": "Dan sesungguhnya cintanya kepada harta benar-benar berlebihan. Kecintaan berlebihnya pada harta membuatnya materialistis, mengumpulkan harta dengan jalan apa pun, tidak peduli halan atau haram. Cintanya itu juga membuatnya bakhil dan cenderung menggunakannya untuk sesuatu yang tidak benar.",
                        "long": "Allah menyatakan bahwa karena sangat sayang dan cinta kepada harta serta keinginan untuk mengumpulkan dan menyimpannya menyebabkan manusia menjadi sangat kikir, tamak, serta melampaui batas. Allah berfirman:\n\nDan kamu mencintai harta dengan kecintaan yang berlebihan. (al-Fajr/89: 20)"
                    }
                }
            },
            {
                "number": {
                    "inQuran": 6155,
                    "inSurah": 9
                },
                "meta": {
                    "juz": 30,
                    "page": 599,
                    "manzil": 7,
                    "ruku": 542,
                    "hizbQuarter": 240,
                    "sajda": {
                        "recommended": false,
                        "obligatory": false
                    }
                },
                "text": {
                    "arab": "۞ أَفَلَا يَعْلَمُ إِذَا بُعْثِرَ مَا فِي الْقُبُورِ",
                    "transliteration": {
                        "en": "Afala ya'lamu iza b'uthira ma filquboor"
                    }
                },
                "translation": {
                    "en": "But does he not know that when the contents of the graves are scattered",
                    "id": "Maka tidakkah dia mengetahui apabila apa yang di dalam kubur dikeluarkan,"
                },
                "audio": {
                    "primary": "https://cdn.alquran.cloud/media/audio/ayah/ar.alafasy/6155",
                    "secondary": [
                        "https://cdn.islamic.network/quran/audio/128/ar.alafasy/6155.mp3",
                        "https://cdn.islamic.network/quran/audio/64/ar.alafasy/6155.mp3"
                    ]
                },
                "tafsir": {
                    "id": {
                        "short": "Maka tidakkah dia mengetahui apabila apa yang di dalam kubur dikeluarkan dan dibangkitkan pada hari kiamat untuk mempertanggung-jawabkan amalnya,",
                        "long": "Dalam ayat-ayat berikut ini, Allah menerangkan ancaman-Nya kepada orang-orang yang ingkar terhadap nikmat-nikmat-Nya dengan menyatakan apakah mereka tidak sadar bahwa Allah mengetahui isi hatinya. Allah juga menyatakan bahwa Dia akan membalas keingkaran mereka itu pada hari dikeluarkan apa yang ada di dalam dada dan dibangkitkan apa yang ada di dalam kubur."
                    }
                }
            },
            {
                "number": {
                    "inQuran": 6156,
                    "inSurah": 10
                },
                "meta": {
                    "juz": 30,
                    "page": 600,
                    "manzil": 7,
                    "ruku": 542,
                    "hizbQuarter": 240,
                    "sajda": {
                        "recommended": false,
                        "obligatory": false
                    }
                },
                "text": {
                    "arab": "وَحُصِّلَ مَا فِي الصُّدُورِ",
                    "transliteration": {
                        "en": "Wa hussila maa fis sudoor"
                    }
                },
                "translation": {
                    "en": "And that within the breasts is obtained,",
                    "id": "dan apa yang tersimpan di dalam dada dilahirkan?"
                },
                "audio": {
                    "primary": "https://cdn.alquran.cloud/media/audio/ayah/ar.alafasy/6156",
                    "secondary": [
                        "https://cdn.islamic.network/quran/audio/128/ar.alafasy/6156.mp3",
                        "https://cdn.islamic.network/quran/audio/64/ar.alafasy/6156.mp3"
                    ]
                },
                "tafsir": {
                    "id": {
                        "short": "dan tidakkah mereka mengetahui nasibnya bila apa yang tersimpan di dalam dada dilahirkan, baik itu keimanan maupun kekafiran? Kelakuan seseorang adalah cerminan isi hatinya. Buruknya perilaku seseorang merupakan pertanda buruknya hati orang tersebut, demikian sebaliknya.",
                        "long": "Dalam ayat-ayat berikut ini, Allah menerangkan ancaman-Nya kepada orang-orang yang ingkar terhadap nikmat-nikmat-Nya dengan menyatakan apakah mereka tidak sadar bahwa Allah mengetahui isi hatinya. Allah juga menyatakan bahwa Dia akan membalas keingkaran mereka itu pada hari dikeluarkan apa yang ada di dalam dada dan dibangkitkan apa yang ada di dalam kubur."
                    }
                }
            },
            {
                "number": {
                    "inQuran": 6157,
                    "inSurah": 11
                },
                "meta": {
                    "juz": 30,
                    "page": 600,
                    "manzil": 7,
                    "ruku": 542,
                    "hizbQuarter": 240,
                    "sajda": {
                        "recommended": false,
                        "obligatory": false
                    }
                },
                "text": {
                    "arab": "إِنَّ رَبَّهُم بِهِمْ يَوْمَئِذٍ لَّخَبِيرٌ",
                    "transliteration": {
                        "en": "Inna rabbahum bihim yauma 'izil la khabeer"
                    }
                },
                "translation": {
                    "en": "Indeed, their Lord with them, that Day, is [fully] Acquainted.",
                    "id": "sungguh, Tuhan mereka pada hari itu Mahateliti terhadap keadaan mereka."
                },
                "audio": {
                    "primary": "https://cdn.alquran.cloud/media/audio/ayah/ar.alafasy/6157",
                    "secondary": [
                        "https://cdn.islamic.network/quran/audio/128/ar.alafasy/6157.mp3",
                        "https://cdn.islamic.network/quran/audio/64/ar.alafasy/6157.mp3"
                    ]
                },
                "tafsir": {
                    "id": {
                        "short": "Sungguh, Tuhan mereka pada hari itu Mahateliti terhadap keadaan mereka. Allah mencatat dengan rinci dan detail apa yang dilakukan manusia. Dengan bukti itu Allah akan menghisab dan memberi balasan yang sesuai kepada mereka.",
                        "long": "Dalam ayat-ayat berikut ini, Allah menerangkan ancaman-Nya kepada orang-orang yang ingkar terhadap nikmat-nikmat-Nya dengan menyatakan apakah mereka tidak sadar bahwa Allah mengetahui isi hatinya. Allah juga menyatakan bahwa Dia akan membalas keingkaran mereka itu pada hari dikeluarkan apa yang ada di dalam dada dan dibangkitkan apa yang ada di dalam kubur."
                    }
                }
            }
        ]
    }
}