{
    "code": 200,
    "status": "OK.",
    "message": "Success fetching surah.",
    "data": {
        "number": 102,
        "sequence": 16,
        "numberOfVerses": 8,
        "name": {
            "short": "التكاثر",
            "long": "سورة التكاثر",
            "transliteration": {
                "en": "At-Takaathur",
                "id": "At-Takasur"
            },
            "translation": {
                "en": "Competition",
                "id": "Bermegah-Megahan"
            }
        },
        "revelation": {
            "arab": "مكة",
            "en": "Meccan",
            "id": "Makkiyyah"
        },
        "tafsir": {
            "id": "Surat At Takaatsur terdiri atas 8 ayat, termasuk golongan surat-surat Makkiyyah, diturunkan sesudah surat Al Kautsar. Dinamai At Takaatsur (bermegah-megahan) diambil dari perkataan At Takaatsur yang terdapat pada ayat pertama surat ini."
        },
        "preBismillah": {
            "text": {
                "arab": "بِسْمِ اللَّهِ الرَّحْمَٰنِ الرَّحِيمِ",
                "transliteration": {
                    "en": "Bismillaahir Rahmaanir Raheem"
                }
            },
            "translation": {
                "en": "In the name of Allah, the Entirely Merciful, the Especially Merciful.",
                "id": "Dengan nama Allah Yang Maha Pengasih, Maha Penyayang."
            },
            "audio": {
                "primary": "https://cdn.alquran.cloud/media/audio/ayah/ar.alafasy/1",
                "secondary": [
                    "https://cdn.islamic.network/quran/audio/128/ar.alafasy/1.mp3",
                    "https://cdn.islamic.network/quran/audio/64/ar.alafasy/1.mp3"
                ]
            }
        },
        "verses": [
            {
                "number": {
                    "inQuran": 6169,
                    "inSurah": 1
                },
                "meta": {
                    "juz": 30,
                    "page": 600,
                    "manzil": 7,
                    "ruku": 544,
                    "hizbQuarter": 240,
                    "sajda": {
                        "recommended": false,
                        "obligatory": false
                    }
                },
                "text": {
                    "arab": "أَلْهَاكُمُ التَّكَاثُرُ",
                    "transliteration": {
                        "en": "Al haaku mut takathur"
                    }
                },
                "translation": {
                    "en": "Competition in [worldly] increase diverts you",
                    "id": "Bermegah-megahan telah melalaikan kamu,"
                },
                "audio": {
                    "primary": "https://cdn.alquran.cloud/media/audio/ayah/ar.alafasy/6169",
                    "secondary": [
                        "https://cdn.islamic.network/quran/audio/128/ar.alafasy/6169.mp3",
                        "https://cdn.islamic.network/quran/audio/64/ar.alafasy/6169.mp3"
                    ]
                },
                "tafsir": {
                    "id": {
                        "short": "Wahai manusia, bermegah-megahan dalam hal harta, keturunan, dan pengikut telah melalaikan kamu dari ketaatan kepada Allah dan mempersiapkan diri untuk menghadapi hari akhir.",
                        "long": "Dalam ayat ini, Allah mengungkapkan bahwa manusia sibuk bermegah-megahan dengan harta, teman, dan pengikut yang banyak, sehingga melalaikannya dari kegiatan beramal. Mereka asyik dengan berbicara saja, teperdaya oleh keturunan mereka dan teman sejawat tanpa memikirkan amal perbuatan yang bermanfaat untuk diri dan keluarga mereka.\n\nDiriwayatkan dari Mutharrif dari ayahnya, ia berkata:\n\nSaya menemui Nabi saw ketika beliau sedang membaca al-hakumut-takatsur, beliau bersabda, \"Anak Adam berkata, 'Inilah harta saya, inilah harta saya. Nabi bersabda, \"Wahai anak Adam! Engkau tidak memiliki dari hartamu kecuali apa yang engkau makan dan telah engkau habiskan, atau pakaian yang engkau pakai hingga lapuk, atau yang telah kamu sedekahkan sampai habis.\" (Riwayat Muslim) \n\nDiriwayatkan pula bahwa Nabi saw bersabda:\n\nSeandainya anak Adam memiliki satu lembah harta, sungguh ia ingin memiliki dua lembah harta, dan seandainya ia memiliki dua lembah harta, sungguh ia ingin memiliki tiga lembah harta dan tidak memenuhi perut manusia (tidak merasa puas) kecuali perutnya diisi dengan tanah dan Allah akan menerima tobat (memberi ampunan) kepada orang yang bertobat. (Riwayat Ahmad, al-Bukhari, Muslim, dan at-Tirmidhi dari Anas)\n\nAhli tafsir ada yang berpendapat bahwa maksud ayat ini adalah bangga dalam berlebih-lebihan. Seseorang berusaha memiliki lebih banyak dari yang lain baik harta ataupun kedudukan dengan tujuan semata-mata untuk mencapai ketinggian dan kebanggaan, bukan untuk digunakan pada jalan kebaikan atau untuk membantu menegakkan keadilan dan maksud baik lainnya.\n\nKetahuilah, sesungguhnya kehidupan dunia itu hanyalah permainan dan sendagurauan, perhiasan dan saling berbangga di antara kamu serta berlomba dalam kekayaan dan anak keturunan, seperti hujan yang tanam-tanamannya mengagumkan para petani; kemudian (tanaman) itu menjadi kering dan kamu lihat warnanya kuning kemudian menjadi hancur. Dan di akhirat (nanti) ada azab yang keras dan ampunan dari Allah serta keridaan-Nya. Dan kehidupan dunia tidak lain hanyalah kesenangan yang palsu. (al-hadid/57: 20)"
                    }
                }
            },
            {
                "number": {
                    "inQuran": 6170,
                    "inSurah": 2
                },
                "meta": {
                    "juz": 30,
                    "page": 600,
                    "manzil": 7,
                    "ruku": 544,
                    "hizbQuarter": 240,
                    "sajda": {
                        "recommended": false,
                        "obligatory": false
                    }
                },
                "text": {
                    "arab": "حَتَّىٰ زُرْتُمُ الْمَقَابِرَ",
                    "transliteration": {
                        "en": "Hatta zurtumul-maqaabir"
                    }
                },
                "translation": {
                    "en": "Until you visit the graveyards.",
                    "id": "sampai kamu masuk ke dalam kubur."
                },
                "audio": {
                    "primary": "https://cdn.alquran.cloud/media/audio/ayah/ar.alafasy/6170",
                    "secondary": [
                        "https://cdn.islamic.network/quran/audio/128/ar.alafasy/6170.mp3",
                        "https://cdn.islamic.network/quran/audio/64/ar.alafasy/6170.mp3"
                    ]
                },
                "tafsir": {
                    "id": {
                        "short": "Kamu tidak akan berhenti bermegah-megahan seperti itu sampai kamu mati dan masuk ke dalam kubur.",
                        "long": "Selanjutnya Allah menjelaskan keadaan bermegah-megah di antara manusia atau dengan usaha untuk memiliki lebih banyak dari orang lain akan terus berlanjut hingga mereka masuk lubang kubur. Dengan demikian, mereka telah menyia-nyiakan umur untuk hal yang tidak berfaedah, baik dalam hidup di dunia maupun untuk kehidupan akhirat.\n\nPara ulama berpendapat bahwa menziarahi kuburan adalah obat penawar yang paling ampuh untuk melunakkan hati, karena dengan ziarah kubur itu manusia akan ingat mati dan hari akhirat, maka dengan sendirinya akan membatasi keinginan-keinginan yang bukan-bukan.\n\nNabi Muhammad bersabda:\n\nSaya pernah melarang kamu menziarahi kubur, maka sekarang ziarahilah kubur itu, karena menziarahi kubur itu akan menjadikan zuhud dari kemewahan dunia dan mengingatkan kamu kepada kehidupan akhirat. (Riwayat Ibnu Majah dari Ibnu Mas'ud)."
                    }
                }
            },
            {
                "number": {
                    "inQuran": 6171,
                    "inSurah": 3
                },
                "meta": {
                    "juz": 30,
                    "page": 600,
                    "manzil": 7,
                    "ruku": 544,
                    "hizbQuarter": 240,
                    "sajda": {
                        "recommended": false,
                        "obligatory": false
                    }
                },
                "text": {
                    "arab": "كَلَّا سَوْفَ تَعْلَمُونَ",
                    "transliteration": {
                        "en": "Kalla sawfa ta'lamoon"
                    }
                },
                "translation": {
                    "en": "No! You are going to know.",
                    "id": "Sekali-kali tidak! Kelak kamu akan mengetahui (akibat perbuatanmu itu),"
                },
                "audio": {
                    "primary": "https://cdn.alquran.cloud/media/audio/ayah/ar.alafasy/6171",
                    "secondary": [
                        "https://cdn.islamic.network/quran/audio/128/ar.alafasy/6171.mp3",
                        "https://cdn.islamic.network/quran/audio/64/ar.alafasy/6171.mp3"
                    ]
                },
                "tafsir": {
                    "id": {
                        "short": "Tidak patut bagimu untuk lalai karena bermegah-megahan. Sekali-kali tidak! Kelak kamu akan mengetahui dan menyadari bahwa akhirat itu lebih baik bagimu.",
                        "long": "Kemudian Allah dengan ayat ini memperingatkan bahwa bermegah-megahan itu tidak pantas dikerjakan karena akibatnya buruk serta menimbulkan kekacauan dan permusuhan. Sebaliknya Allah menganjurkan agar diciptakan kerukunan hidup, bantu-membantu dalam menegakkan kebenaran dan tolong-menolong dalam kebajikan dan dalam melestarikan hidup bermasyarakat, dengan membina akhlak yang luhur serta budi pekerti yang baik."
                    }
                }
            },
            {
                "number": {
                    "inQuran": 6172,
                    "inSurah": 4
                },
                "meta": {
                    "juz": 30,
                    "page": 600,
                    "manzil": 7,
                    "ruku": 544,
                    "hizbQuarter": 240,
                    "sajda": {
                        "recommended": false,
                        "obligatory": false
                    }
                },
                "text": {
                    "arab": "ثُمَّ كَلَّا سَوْفَ تَعْلَمُونَ",
                    "transliteration": {
                        "en": "Thumma kalla sawfa ta'lamoon"
                    }
                },
                "translation": {
                    "en": "Then no! You are going to know.",
                    "id": "kemudian sekali-kali tidak! Kelak kamu akan mengetahui."
                },
                "audio": {
                    "primary": "https://cdn.alquran.cloud/media/audio/ayah/ar.alafasy/6172",
                    "secondary": [
                        "https://cdn.islamic.network/quran/audio/128/ar.alafasy/6172.mp3",
                        "https://cdn.islamic.network/quran/audio/64/ar.alafasy/6172.mp3"
                    ]
                },
                "tafsir": {
                    "id": {
                        "short": "Dan sekali-kali tidak patut bagimu berbuat demikian! Kelak kamu akan mengetahui akibat dari kesibukanmu dengan dunia dan kelalaianmu dari ketaatan.",
                        "long": "Allah mengulang ancaman-Nya melalui ayat ini dan merupakan ancaman sesudah ancaman, bagaikan seorang tuan berkata kepada hamba sahayanya bahwa agar tidak mengerjakan sesuatu, kemudian tuan itu mengulangi ucapannya itu."
                    }
                }
            },
            {
                "number": {
                    "inQuran": 6173,
                    "inSurah": 5
                },
                "meta": {
                    "juz": 30,
                    "page": 600,
                    "manzil": 7,
                    "ruku": 544,
                    "hizbQuarter": 240,
                    "sajda": {
                        "recommended": false,
                        "obligatory": false
                    }
                },
                "text": {
                    "arab": "كَلَّا لَوْ تَعْلَمُونَ عِلْمَ الْيَقِينِ",
                    "transliteration": {
                        "en": "Kalla law ta'lamoona 'ilmal yaqeen"
                    }
                },
                "translation": {
                    "en": "No! If you only knew with knowledge of certainty...",
                    "id": "Sekali-kali tidak! Sekiranya kamu mengetahui dengan pasti,"
                },
                "audio": {
                    "primary": "https://cdn.alquran.cloud/media/audio/ayah/ar.alafasy/6173",
                    "secondary": [
                        "https://cdn.islamic.network/quran/audio/128/ar.alafasy/6173.mp3",
                        "https://cdn.islamic.network/quran/audio/64/ar.alafasy/6173.mp3"
                    ]
                },
                "tafsir": {
                    "id": {
                        "short": "Sekali-kali tidak pantas bagimu bermegah-megahan! Sekiranya kamu mengetahui dengan pasti akibat buruk dari perbuatanmu itu di akhirat nanti, niscaya kamu akan meninggalkannya dan beralih menyibukkan diri dengan hal-hal yang menyelamatkanmu dari siksa neraka.",
                        "long": "Ayat ini merupakan peringatan Allah dalam bentuk perintah agar waspada terhadap tingkah laku yang buruk itu. Keinginan untuk berlebih-lebihan dapat menyibukkan seseorang untuk mengerjakan pekerjaan yang tidak bermanfaat. Pendirian yang dianggapnya benar itu sebenarnya adalah salah. Itu hanya sangkaan belaka yang pasti berubah, karena tidak sesuai dengan kenyataan. Yang harus menjadi pendirian adalah yang sesuai dengan kenyataan yang dapat disaksikan oleh mata, oleh perasaan atau berdasarkan dalil sahih."
                    }
                }
            },
            {
                "number": {
                    "inQuran": 6174,
                    "inSurah": 6
                },
                "meta": {
                    "juz": 30,
                    "page": 600,
                    "manzil": 7,
                    "ruku": 544,
                    "hizbQuarter": 240,
                    "sajda": {
                        "recommended": false,
                        "obligatory": false
                    }
                },
                "text": {
                    "arab": "لَتَرَوُنَّ الْجَحِيمَ",
                    "transliteration": {
                        "en": "Latara-wun nal jaheem"
                    }
                },
                "translation": {
                    "en": "You will surely see the Hellfire.",
                    "id": "niscaya kamu benar-benar akan melihat neraka Jahim,"
                },
                "audio": {
                    "primary": "https://cdn.alquran.cloud/media/audio/ayah/ar.alafasy/6174",
                    "secondary": [
                        "https://cdn.islamic.network/quran/audio/128/ar.alafasy/6174.mp3",
                        "https://cdn.islamic.network/quran/audio/64/ar.alafasy/6174.mp3"
                    ]
                },
                "tafsir": {
                    "id": {
                        "short": "Aku bersumpah, niscaya kamu benar-benar akan melihat neraka Jahim dan merasakan panasnya.",
                        "long": "Dalam ayat ini, Allah menerangkan sebagian azab yang akan dialami oleh orang yang bermegah-megahan itu karena kelalaian tersebut. Mereka akan ditimpa azab di akhirat, dan pasti akan melihat tempat itu dengan mata kepala mereka sendiri. Oleh sebab itu, mereka hendaknya selalu merenungkan kedahsyatan azab itu dalam pikiran agar membawa mereka kepada perbuatan yang baik dan bermanfaat. Maksud perkataan \"melihat neraka Jahim\" adalah merasakan azabnya, sesuai dengan tujuan Al-Qur'an dalam pemakaian kata-kata tersebut."
                    }
                }
            },
            {
                "number": {
                    "inQuran": 6175,
                    "inSurah": 7
                },
                "meta": {
                    "juz": 30,
                    "page": 600,
                    "manzil": 7,
                    "ruku": 544,
                    "hizbQuarter": 240,
                    "sajda": {
                        "recommended": false,
                        "obligatory": false
                    }
                },
                "text": {
                    "arab": "ثُمَّ لَتَرَوُنَّهَا عَيْنَ الْيَقِينِ",
                    "transliteration": {
                        "en": "Thumma latara wunnaha 'ainal yaqeen"
                    }
                },
                "translation": {
                    "en": "Then you will surely see it with the eye of certainty.",
                    "id": "kemudian kamu benar-benar akan melihatnya dengan mata kepala sendiri,"
                },
                "audio": {
                    "primary": "https://cdn.alquran.cloud/media/audio/ayah/ar.alafasy/6175",
                    "secondary": [
                        "https://cdn.islamic.network/quran/audio/128/ar.alafasy/6175.mp3",
                        "https://cdn.islamic.network/quran/audio/64/ar.alafasy/6175.mp3"
                    ]
                },
                "tafsir": {
                    "id": {
                        "short": "Untuk menambah ketakutan manusia terhadap neraka Jahim, Allah mengulangi sumpahnya. Kemudian Aku bersumpah, kamu benar-benar akan melihatnya dengan mata kepala sendiri. Ketika itu kamu sadar betapa buruk akibat kelalaianmu dari iman dan taat kepada Allah.",
                        "long": "Kemudian dengan ayat ini, Allah menguatkan isi ayat sebelumnya, bahwa azab itu benar-benar akan dirasakan oleh orang yang teperdaya itu. Oleh karena itu, siapa saja dan dari golongan apa saja hendaklah bertakwa kepada Tuhannya serta menghindari perbuatan-perbuatan yang menyebabkan mereka disiksa. Hendaknya seseorang itu memperhatikan nikmat-nikmat Allah yang ada padanya untuk dipelihara dan dipergunakan sesuai dengan fungsi nikmat tersebut. Juga hendaknya mereka tidak melakukan kejahatan, mengada-adakan kemungkaran, dan mengharap-harapkan ampunan Allah hanya semata-mata dengan pengakuan beragama Islam dengan memakai nama dan gelar yang muluk-muluk, sedangkan ia menyalahi hukum-hukum Al-Qur'an dan melakukan tindakan yang sama dengan musuh Islam."
                    }
                }
            },
            {
                "number": {
                    "inQuran": 6176,
                    "inSurah": 8
                },
                "meta": {
                    "juz": 30,
                    "page": 600,
                    "manzil": 7,
                    "ruku": 544,
                    "hizbQuarter": 240,
                    "sajda": {
                        "recommended": false,
                        "obligatory": false
                    }
                },
                "text": {
                    "arab": "ثُمَّ لَتُسْأَلُنَّ يَوْمَئِذٍ عَنِ النَّعِيمِ",
                    "transliteration": {
                        "en": "Thumma latus alunna yauma-izin 'anin na'eem"
                    }
                },
                "translation": {
                    "en": "Then you will surely be asked that Day about pleasure.",
                    "id": "kemudian kamu benar-benar akan ditanya pada hari itu tentang kenikmatan (yang megah di dunia itu)."
                },
                "audio": {
                    "primary": "https://cdn.alquran.cloud/media/audio/ayah/ar.alafasy/6176",
                    "secondary": [
                        "https://cdn.islamic.network/quran/audio/128/ar.alafasy/6176.mp3",
                        "https://cdn.islamic.network/quran/audio/64/ar.alafasy/6176.mp3"
                    ]
                },
                "tafsir": {
                    "id": {
                        "short": "Kemudian, pada saat kamu menyaksikan neraka Jahim dengan mata kepalamu, kamu benar-benar akan ditanya pada hari itu tentang kenikmatan yang kamu jadikan bahan bermegah-megahan di dunia itu, seperti harta, keturunan, pengikut, dan sebagainya. Semua itu pada haki-katnya adalah cobaan. Jika diperoleh secara halal dan digunakan dengan benar, semua itu akan menguntungkan pemiliknya, baik di dunia maupun akhirat. Bila tidak, semua itu akan menjadikan hidup pemilik-nya tidak berkah dan menjerumuskannya ke dalam siksaan Allah di akhirat nanti.",
                        "long": "Allah lebih memperkuat lagi celaan-Nya terhadap mereka dengan mengatakan bahwa sesungguhnya mereka akan ditanyai pada hari itu tentang kenikmatan-kenikmatan yang mereka megah-megahkan di dunia, apa yang mereka perbuat dengan nikmat-nikmat itu. Apakah mereka telah menunaikan hak Allah daripadanya, atau apakah mereka menjaga batas-batas hukum Allah yang telah ditentukan dalam bersenang-senang dengan nikmat tersebut. Jika mereka tidak melakukannya, ketahuilah bahwa nikmat-nikmat itu adalah puncak kecelakaan di hari akhirat.\n\nDiriwayatkan dari Nabi Muhammad, beliau berkata:\n\nBarangsiapa di antara kamu yang bangun pagi dalam keadaan aman sentosa pada dirinya atau aman di tempatnya, sehat wal afiat badannya serta mempunyai bekal hidup untuk harinya, maka seolah-olah dunia dengan segala kekayaannya telah diserahkan kepadanya. (Riwayat al-Bukhari, Abu Dawud, at-Tirmidhi, dan Ibnu Majah dari 'Ubaidillah bin Muhsan)."
                    }
                }
            }
        ]
    }
}