{
    "code": 200,
    "status": "OK.",
    "message": "Success fetching surah.",
    "data": {
        "number": 111,
        "sequence": 6,
        "numberOfVerses": 5,
        "name": {
            "short": "المسد",
            "long": "سورة المسد",
            "transliteration": {
                "en": "Al-Masad",
                "id": "Al-Lahab"
            },
            "translation": {
                "en": "The Palm Fibre",
                "id": "Api Yang Bergejolak"
            }
        },
        "revelation": {
            "arab": "مكة",
            "en": "Meccan",
            "id": "Makkiyyah"
        },
        "tafsir": {
            "id": "Surat ini terdiri atas 5 ayat, termasuk golongan surat-surat Makkiyyah,  diturunkan sesudah surat Al Fath. Nama Al Lahab diambil dari kata  Al Lahab yang terdapat pada ayat ketiga surat ini yang artinya gejolak  api. Surat ini juga dinamakan surat Al Masad."
        },
        "preBismillah": {
            "text": {
                "arab": "بِسْمِ اللَّهِ الرَّحْمَٰنِ الرَّحِيمِ",
                "transliteration": {
                    "en": "Bismillaahir Rahmaanir Raheem"
                }
            },
            "translation": {
                "en": "In the name of Allah, the Entirely Merciful, the Especially Merciful.",
                "id": "Dengan nama Allah Yang Maha Pengasih, Maha Penyayang."
            },
            "audio": {
                "primary": "https://cdn.alquran.cloud/media/audio/ayah/ar.alafasy/1",
                "secondary": [
                    "https://cdn.islamic.network/quran/audio/128/ar.alafasy/1.mp3",
                    "https://cdn.islamic.network/quran/audio/64/ar.alafasy/1.mp3"
                ]
            }
        },
        "verses": [
            {
                "number": {
                    "inQuran": 6217,
                    "inSurah": 1
                },
                "meta": {
                    "juz": 30,
                    "page": 603,
                    "manzil": 7,
                    "ruku": 553,
                    "hizbQuarter": 240,
                    "sajda": {
                        "recommended": false,
                        "obligatory": false
                    }
                },
                "text": {
                    "arab": "تَبَّتْ يَدَا أَبِي لَهَبٍ وَتَبَّ",
                    "transliteration": {
                        "en": "Tab bat yadaa abee Lahabinw-wa tabb"
                    }
                },
                "translation": {
                    "en": "May the hands of Abu Lahab be ruined, and ruined is he.",
                    "id": "Binasalah kedua tangan Abu Lahab dan benar-benar binasa dia!"
                },
                "audio": {
                    "primary": "https://cdn.alquran.cloud/media/audio/ayah/ar.alafasy/6217",
                    "secondary": [
                        "https://cdn.islamic.network/quran/audio/128/ar.alafasy/6217.mp3",
                        "https://cdn.islamic.network/quran/audio/64/ar.alafasy/6217.mp3"
                    ]
                },
                "tafsir": {
                    "id": {
                        "short": "Karena kebenciannya kepada Nabi dan penentangannya terhadap dakwah beliau dengan cara yang menyakitkan, maka celaka dan binasalah kedua tangan Abu Lahab yakni diri Abù Lahab, yang bernama ‘Abdul ‘Uzzà bin ‘Abdul Muttalib; dan benar-benar binasa dia!",
                        "long": "Dalam ayat ini Allah menerangkan bahwa Abu Lahab akan rugi dan binasa dan kata-kata ini sebagai kutukan dari Allah baginya. Binasa pada kedua belah tangannya karena tangan adalah alat bekerja dan bertindak. Bila kedua belah tangan seseorang telah binasa, berarti ia telah binasa.\n\nDikatakan Abu Lahab, padahal namanya Abdul-'Uzza, karena ia berwajah tampan menawan. Namun para ulama berpendapat bahwa dikatakan Abu Lahab karena ia pasti menjadi penghuni neraka yang bergejolak apinya. Hal itu seperti orang komunis memilih syiar merah dan golongan kiri karena golongan kiri adalah ashabusy-syimal.\n\nPermulaan ayat ini adalah kutukan atas kebinasaan Abu Lahab dan penutupnya adalah sebagai keterangan dari Allah bahwa kutukan tersebut telah terbukti dan Abu Lahab pasti rugi di dunia dan di akhirat.\n\nKetika ayat tabbat yadA abi lahabin watabba turun, Ummu Jamil al-'AurA (wanita yang sebelah matanya buta) binti harb datang sambil berteriak-teriak. Ia membawa batu sekepalan tangan, seraya berkata. \"Dia mencela (agama kami), kami menolak. Agamanya kami benci dan perintahnya kami bantah.\" Ketika itu Nabi saw. duduk di dalam masjid bersama Abu Bakar. Ketika Abu Bakar melihat wanita itu, beliau berkata, Wahai Rasulullah, wanita itu telah datang. Saya khawatir dia melihatmu.\" Maka Rasulullah saw. berkata \"Dia tidak akan melihatku.\" Kemudian Nabi membaca sebuah ayat dan berlindung dengan menggunakan ayat itu. Beliau membaca \"Dan apabila kamu membaca Al-Qur'an, kami jadikan diantara kamu dan orang-orang yang tidak beriman itu penghalang yang tertutup.\" Wanita itu berdiri di depan Abu Bakar, namum ia tidak bisa melihat Rasulullah saw. Ia berkata, \"Hai Abu Bakar, aku mendapat kabar bahwa temanmu itu telah menghinaku.\" Abu Bakar berkata, \"Tidak. Demi Tuhan Pemilik Ka'bah. Dia tidak mencelamu.\" Lalu wanita itu berpaling sambil berkata, \"Kaum Quraisy telah tahu kalau aku adalah putri pembesarnya.\" (Riwayat al-hakim)"
                    }
                }
            },
            {
                "number": {
                    "inQuran": 6218,
                    "inSurah": 2
                },
                "meta": {
                    "juz": 30,
                    "page": 603,
                    "manzil": 7,
                    "ruku": 553,
                    "hizbQuarter": 240,
                    "sajda": {
                        "recommended": false,
                        "obligatory": false
                    }
                },
                "text": {
                    "arab": "مَا أَغْنَىٰ عَنْهُ مَالُهُ وَمَا كَسَبَ",
                    "transliteration": {
                        "en": "Maa aghna 'anhu maaluhu wa ma kasab"
                    }
                },
                "translation": {
                    "en": "His wealth will not avail him or that which he gained.",
                    "id": "Tidaklah berguna baginya hartanya dan apa yang dia usahakan."
                },
                "audio": {
                    "primary": "https://cdn.alquran.cloud/media/audio/ayah/ar.alafasy/6218",
                    "secondary": [
                        "https://cdn.islamic.network/quran/audio/128/ar.alafasy/6218.mp3",
                        "https://cdn.islamic.network/quran/audio/64/ar.alafasy/6218.mp3"
                    ]
                },
                "tafsir": {
                    "id": {
                        "short": "Ketika azab Allah menimpanya maka tidaklah berguna baginya hartanya yang dia kumpulkan dan banggakan, dan tidak pula bermanfaat apa yang dia usahakan seperti jabatan dan keturunan untuk menyelamatkan dirinya dari azab itu. Hanya iman dan amal saleh yang dapat menyelamatkan seseorang dari murka Allah.",
                        "long": "Dalam ayat ini, Allah menjelaskan bahwa apa yang menjadi kebanggaan Abu Lahab dalam hidup, yaitu harta dan kedudukan, ternyata sama sekali tidak dapat menyelamatkannya dari azab Allah pada hari Kiamat. Begitu pula usahanya untuk memusuhi dan mengalahkan Nabi Muhammad tidak berhasil sama sekali.\n\nAbu Lahab sangat membenci Nabi saw dan paling gigih mengajak orang untuk menentangnya dan paling kasar menghadapinya. Raba'ah bin 'Ubbad berkata:\n\nSaya melihat Nabi Muhammad saw pada masa Jahiliah di pasar dzu al-Majaz bersabda, \"Ucapkanlah tiada Tuhan melainkan Allah niscaya kamu akan berbahagia!\" Orang-orang berkumpul di sekitar beliau. Di belakang beliau seorang laki-laki, putih warna mukanya, juling matanya, mempunyai dua untaian rambut di kepalanya, berkata, \"Dia (Muhammad) beragama sabi' dan pembohong.\" Ia mengikuti Nabi ke mana saja beliau pergi, lalu saya bertanya, \"Siapakah orang itu?\" Mereka menjawab, \"Itu adalah pamannya sendiri Abu Lahab.\" (Riwayat Ahmad)\n\nDengan ini dijelaskan bahwa Abu Lahab selalu menentang kebenaran dan menjauhkan orang dari mengikuti kebenaran. Ia menyatakan bahwa Nabi Muhammad saw adalah seorang pendusta. Ia juga menentang beliau dan merendahkan nilai agama serta petunjuk yang beliau bawa."
                    }
                }
            },
            {
                "number": {
                    "inQuran": 6219,
                    "inSurah": 3
                },
                "meta": {
                    "juz": 30,
                    "page": 603,
                    "manzil": 7,
                    "ruku": 553,
                    "hizbQuarter": 240,
                    "sajda": {
                        "recommended": false,
                        "obligatory": false
                    }
                },
                "text": {
                    "arab": "سَيَصْلَىٰ نَارًا ذَاتَ لَهَبٍ",
                    "transliteration": {
                        "en": "Sa yas laa naran zaata lahab"
                    }
                },
                "translation": {
                    "en": "He will [enter to] burn in a Fire of [blazing] flame",
                    "id": "Kelak dia akan masuk ke dalam api yang bergejolak (neraka)."
                },
                "audio": {
                    "primary": "https://cdn.alquran.cloud/media/audio/ayah/ar.alafasy/6219",
                    "secondary": [
                        "https://cdn.islamic.network/quran/audio/128/ar.alafasy/6219.mp3",
                        "https://cdn.islamic.network/quran/audio/64/ar.alafasy/6219.mp3"
                    ]
                },
                "tafsir": {
                    "id": {
                        "short": "Sebagai balasan atas kekejiannya kepada Nabi Muhammad dan dosa-dosanya yang lain, kelak dia akan masuk ke dalam api yang bergejolak dan membakar seluruh tubuhnya secara terus-menerus. Dia tidak akan pernah mati di dalamnya dan tidak pula akan keluar darinya.",
                        "long": "Dalam ayat ini, Allah menegaskan bahwa Abu Lahab akan masuk neraka yang bergejolak dan merasakan panasnya azab neraka. Maksud pernyataan ini adalah bahwa sesungguhnya Abu Lahab akan mengalami kerugian, usahanya tidak akan berhasil dalam menentang agama Allah. Tidak ada gunanya harta, usaha, dan daya upaya untuk itu, karena Allah yang meninggikan kalimah Rasul-Nya, dan menyebarluaskan dakwahnya. Abu Lahab akan diazab pada hari Kiamat dengan neraka yang menyemburkan bunga api dan suhunya yang sangat panas, Azab itu disediakan Allah untuk orang-orang seperti Abu Lahab dari kalangan orang-orang kafir yang menentang Nabi, selain azab di dunia dengan kegagalan usahanya. Istrinya sebagai pembantu utama dalam usaha menentang dan menyakiti Rasulullah saw akan diazab juga bersama-sama. Selain daripada itu, istrinya juga menyebar fitnah ke mana-mana, menyebar berita-berita bohong, dan menghidupkan api permusuhan."
                    }
                }
            },
            {
                "number": {
                    "inQuran": 6220,
                    "inSurah": 4
                },
                "meta": {
                    "juz": 30,
                    "page": 603,
                    "manzil": 7,
                    "ruku": 553,
                    "hizbQuarter": 240,
                    "sajda": {
                        "recommended": false,
                        "obligatory": false
                    }
                },
                "text": {
                    "arab": "وَامْرَأَتُهُ حَمَّالَةَ الْحَطَبِ",
                    "transliteration": {
                        "en": "Wam ra-atuh hamma latal-hatab"
                    }
                },
                "translation": {
                    "en": "And his wife [as well] - the carrier of firewood.",
                    "id": "Dan (begitu pula) istrinya, pembawa kayu bakar (penyebar fitnah)."
                },
                "audio": {
                    "primary": "https://cdn.alquran.cloud/media/audio/ayah/ar.alafasy/6220",
                    "secondary": [
                        "https://cdn.islamic.network/quran/audio/128/ar.alafasy/6220.mp3",
                        "https://cdn.islamic.network/quran/audio/64/ar.alafasy/6220.mp3"
                    ]
                },
                "tafsir": {
                    "id": {
                        "short": "Abu Lahab akan masuk neraka, dan demikian pula istrinya, Ummu Jamìl Arwà binti Harb bin Umayyah, sang pembawa kayu bakar berduri. Dia meletakkannya di sepanjang jalan yang dilalui Nabi untuk menjebak beliau. Dia juga gemar menyebar fitnah kepada Nabi dan para pengikutnya.",
                        "long": "Allah menegaskan bahwa istri Abu Lahab akan diazab sebagaimana suaminya. Istrinya bernama Arwa binti Harb, saudara perempuan Abu Sufyan bin Harb. Dia diazab karena usahanya menyebarkan fitnah dan memadamkan dakwah Nabi Muhammad. Orang Arab mengatakan bahwa orang yang berusaha menyebarkan dan merusak hubungan antara manusia seolah-olah ia membawa kayu api antara manusia, seakan-akan dia membakar silaturrahim antara mereka.\n\nAda pula yang mengatakan bahwa istri Abu Lahab menaruh duri, pecahan kaca, dan kotoran di jalan yang biasa dilalui Nabi Muhammad dengan maksud untuk menyakiti beliau."
                    }
                }
            },
            {
                "number": {
                    "inQuran": 6221,
                    "inSurah": 5
                },
                "meta": {
                    "juz": 30,
                    "page": 603,
                    "manzil": 7,
                    "ruku": 553,
                    "hizbQuarter": 240,
                    "sajda": {
                        "recommended": false,
                        "obligatory": false
                    }
                },
                "text": {
                    "arab": "فِي جِيدِهَا حَبْلٌ مِّن مَّسَدٍ",
                    "transliteration": {
                        "en": "Fee jeediha hab lum mim-masad"
                    }
                },
                "translation": {
                    "en": "Around her neck is a rope of [twisted] fiber.",
                    "id": "Di lehernya ada tali dari sabut yang dipintal."
                },
                "audio": {
                    "primary": "https://cdn.alquran.cloud/media/audio/ayah/ar.alafasy/6221",
                    "secondary": [
                        "https://cdn.islamic.network/quran/audio/128/ar.alafasy/6221.mp3",
                        "https://cdn.islamic.network/quran/audio/64/ar.alafasy/6221.mp3"
                    ]
                },
                "tafsir": {
                    "id": {
                        "short": "Bentuk azab yang akan diterimanya di neraka sesuai dengan perilakunya sendiri. Di lehernya ada tali dari sabut yang dipintal. Dengan tali itu Allah menjerat lehernya dan mengangkatnya tinggi-tinggi, lalu mencampakkannya ke dasar neraka.",
                        "long": "Dalam ayat ini, Allah menyatakan keburukan perbuatan istri Abu Lahab, kerendahan budi dan kejelekan amal perbuatannya. Pada lehernya selalu ada seutas tali yang kuat, digunakannya untuk memikul duri-duri yang akan diletakkannya pada jalan yang dilalui Nabi. Pernyataan ini merupakan penghinaan bagi dirinya dan suaminya.\n\nUsaha istri Abu Lahab begitu keras untuk menyalakan permusuhan antara manusia, sehingga Allah mengisahkan dia sebagai seorang perempuan yang membawa kayu bakar yang digantungkan pada lehernya ke mana saja ia pergi. Ini adalah seburuk-buruknya perumpamaan bagi seorang perempuan.\n\nTelah diriwayatkan dari Sa'id bin Musayyab bahwa Ummu Jamil (panggilan istri Abu Lahab) mempunyai sebuah kalung yang sangat mahal, dan ia berkata, \"Sesungguhnya aku akan mempergunakan harga kalung ini untuk memusuhi Muhammad.\" Lalu Allah mengganti kalung tersebut dengan kalung dari api neraka."
                    }
                }
            }
        ]
    }
}