{
    "code": 200,
    "status": "OK.",
    "message": "Success fetching surah.",
    "data": {
        "number": 49,
        "sequence": 106,
        "numberOfVerses": 18,
        "name": {
            "short": "الحجرات",
            "long": "سورة الحجرات",
            "transliteration": {
                "en": "Al-Hujuraat",
                "id": "Al-Hujurat"
            },
            "translation": {
                "en": "The Inner Apartments",
                "id": "Kamar-Kamar"
            }
        },
        "revelation": {
            "arab": "مدينة",
            "en": "Medinan",
            "id": "Madaniyyah"
        },
        "tafsir": {
            "id": "Surat Al Hujuraat terdiri atas 18 ayat, termasuk golongan surat-surat Madaniyyah, diturunkan sesudah surat Al Mujaadalah. Dinamai Al Hujuraat diambil dari perkataan Al Hujuraat yang terdapat pada ayat 4 surat ini. Ayat tersebut mencela para sahabat yang memanggil Nabi Muhammad SAW yang sedang berada di dalam kamar rumahnya bersama isterinya. Memanggil Nabi Muhammad SAW dengan cara dan dalam keadaan yang demikian menunjukkan sifat kurang hormat kepada beliau dan mengganggu ketenteraman beliau."
        },
        "preBismillah": {
            "text": {
                "arab": "بِسْمِ اللَّهِ الرَّحْمَٰنِ الرَّحِيمِ",
                "transliteration": {
                    "en": "Bismillaahir Rahmaanir Raheem"
                }
            },
            "translation": {
                "en": "In the name of Allah, the Entirely Merciful, the Especially Merciful.",
                "id": "Dengan nama Allah Yang Maha Pengasih, Maha Penyayang."
            },
            "audio": {
                "primary": "https://cdn.alquran.cloud/media/audio/ayah/ar.alafasy/1",
                "secondary": [
                    "https://cdn.islamic.network/quran/audio/128/ar.alafasy/1.mp3",
                    "https://cdn.islamic.network/quran/audio/64/ar.alafasy/1.mp3"
                ]
            }
        },
        "verses": [
            {
                "number": {
                    "inQuran": 4613,
                    "inSurah": 1
                },
                "meta": {
                    "juz": 26,
                    "page": 515,
                    "manzil": 6,
                    "ruku": 450,
                    "hizbQuarter": 206,
                    "sajda": {
                        "recommended": false,
                        "obligatory": false
                    }
                },
                "text": {
                    "arab": "يَا أَيُّهَا الَّذِينَ آمَنُوا لَا تُقَدِّمُوا بَيْنَ يَدَيِ اللَّهِ وَرَسُولِهِ ۖ وَاتَّقُوا اللَّهَ ۚ إِنَّ اللَّهَ سَمِيعٌ عَلِيمٌ",
                    "transliteration": {
                        "en": "Yaa ayyuhal lazeena aamanoo la tuqaddimoo baina yada yil laahi wa Rasoolihee wattaqul laah; innal laaha samee'un 'Aleem"
                    }
                },
                "translation": {
                    "en": "O you who have believed, do not put [yourselves] before Allah and His Messenger but fear Allah. Indeed, Allah is Hearing and Knowing.",
                    "id": "Wahai orang-orang yang beriman! Janganlah kamu mendahului Allah dan Rasul-Nya dan bertakwalah kepada Allah. Sungguh, Allah Maha Mendengar, Maha Mengetahui."
                },
                "audio": {
                    "primary": "https://cdn.alquran.cloud/media/audio/ayah/ar.alafasy/4613",
                    "secondary": [
                        "https://cdn.islamic.network/quran/audio/128/ar.alafasy/4613.mp3",
                        "https://cdn.islamic.network/quran/audio/64/ar.alafasy/4613.mp3"
                    ]
                },
                "tafsir": {
                    "id": {
                        "short": "Pada permulaan Surah al-Hujuràt ini Allah mengajarkan akhlak kepada kaum muslim ketika berhubungan dengan Allah dan Rasul-Nya. Wahai orang-orang yang beriman! Janganlah kamu mendahului Allah dan Rasul-Nya, yakni jangan kamu tergesa-gesa dalam memutuskan suatu perkara sebelum mendapat keputusan Allah dan Rasul-Nya, dan bertakwalah kepada Allah dengan melaksanakan semua perintah-Nya dan menjauhi semua larangan-Nya. Sungguh, Allah Maha Mendengar ucapan kamu, Maha Mengetahui segala gerak-gerik dan perbuatan kamu. Dalam ayat ini Allah memerintahkan kepada kaum muslim agar ja-ngan mendahului Allah dan Rasul-Nya dalam menetapkan hukum keagamaan atau persoalan duniawi yang menyangkut kehidupan me-reka. Hal ini bertujuan agar keputusan mereka tidak menyalahi syariat Islam sehingga menimbulkan kemurkaan Allah.",
                        "long": "Pada ayat ini, Allah mengajarkan kesopanan kepada kaum Muslimin ketika berhadapan dengan Rasulullah saw dalam hal perbuatan dan percakapan. Allah memperingatkan kaum Mukminin supaya jangan mendahului Allah dan rasul-Nya dalam menentukan suatu hukum atau pendapat.\n\nMereka dilarang memutuskan suatu perkara sebelum membahas dan meneliti lebih dahulu hukum Allah dan (atau) ketentuan dari rasul-Nya terhadap masalah itu. Hal ini bertujuan agar keputusan mereka tidak menyalahi apalagi bertentangan dengan syariat Islam, sehingga dapat menimbulkan kemurkaan Allah. \n\nYang demikian ini sejalan dengan yang dialami oleh sahabat Nabi Muhammad yaitu Mu'adh bin Jabal ketika akan diutus ke negeri Yaman. Rasulullah saw bertanya, \"Kamu akan memberi keputusan dengan apa?\" Dijawab oleh Mu'adh, \"Dengan kitab Allah.\" Nabi bertanya lagi, \"Jika tidak kamu jumpai dalam kitab Allah, bagaimana?\" Mu'adh menjawab, \"Dengan Sunah Rasulullah.\" Nabi Muhammad bertanya lagi, \"Jika dalam Sunah Rasulullah tidak kamu jumpai, bagaimana?\" Mu'adh menjawab, \"Aku akan ijtihad dengan pikiranku.\" Lalu Nabi Muhammad saw menepuk dada Mu'adh seraya berkata, \"Segala puji bagi Allah yang telah memberi taufik kepada utusan rasul-Nya tentang apa yang diridai Allah dan rasul-Nya.\" (Riwayat Abu Dawud, at-Tirmidhi dan Ibnu Majah dari Mu'adh bin Jabal). \n\nDalam ayat ini, Allah memerintahkan kepada kaum Mukminin supaya melaksanakan perintah Allah, menjauhi larangan-Nya, dan tidak tergesa-gesa melakukan perbuatan atau mengemukakan pendapat dengan mendahului Al-Qur'an dan hadis Nabi yang ada hubungannya dengan sebab turunnya ayat ini. Tersebut dalam kitab al-Iklil bahwa mereka dilarang menyembelih kurban pada hari Raya Idul Adha sebelum nabi menyembelih, dan dilarang berpuasa pada hari yang diragukan, seperti apakah telah datang awal Ramadan atau belum, sebelum jelas hasil ijtihad untuk penetapannya. Kemudian Allah memerintahkan supaya mereka tetap bertakwa kepada-Nya karena Allah Maha Mendengar segala percakapan dan Maha Mengetahui segala yang terkandung dalam hati hamba-hamba-Nya."
                    }
                }
            },
            {
                "number": {
                    "inQuran": 4614,
                    "inSurah": 2
                },
                "meta": {
                    "juz": 26,
                    "page": 515,
                    "manzil": 6,
                    "ruku": 450,
                    "hizbQuarter": 206,
                    "sajda": {
                        "recommended": false,
                        "obligatory": false
                    }
                },
                "text": {
                    "arab": "يَا أَيُّهَا الَّذِينَ آمَنُوا لَا تَرْفَعُوا أَصْوَاتَكُمْ فَوْقَ صَوْتِ النَّبِيِّ وَلَا تَجْهَرُوا لَهُ بِالْقَوْلِ كَجَهْرِ بَعْضِكُمْ لِبَعْضٍ أَن تَحْبَطَ أَعْمَالُكُمْ وَأَنتُمْ لَا تَشْعُرُونَ",
                    "transliteration": {
                        "en": "Yaa ayyuhal lazeena aamanoo laa tarfa'ooo aswaatakum fawqa sawtin Nabiyi wa laa tajharoo lahoo bilqawli kajahri ba'dikum liba 'din an tahbata a 'maalukum wa antum laa tash'uroon"
                    }
                },
                "translation": {
                    "en": "O you who have believed, do not raise your voices above the voice of the Prophet or be loud to him in speech like the loudness of some of you to others, lest your deeds become worthless while you perceive not.",
                    "id": "Wahai orang-orang yang beriman! Janganlah kamu meninggikan suaramu melebihi suara Nabi, dan janganlah kamu berkata kepadanya dengan suara keras sebagaimana kerasnya (suara) sebagian kamu terhadap yang lain, nanti (pahala) segala amalmu bisa terhapus sedangkan kamu tidak menyadari."
                },
                "audio": {
                    "primary": "https://cdn.alquran.cloud/media/audio/ayah/ar.alafasy/4614",
                    "secondary": [
                        "https://cdn.islamic.network/quran/audio/128/ar.alafasy/4614.mp3",
                        "https://cdn.islamic.network/quran/audio/64/ar.alafasy/4614.mp3"
                    ]
                },
                "tafsir": {
                    "id": {
                        "short": "Wahai orang-orang yang beriman! Janganlah kamu meninggikan suaramu melebihi suara Nabi pada saat terjadi percakapan antara kamu dengan beliau, dan janganlah kamu berkata kepadanya dengan suara keras sebagaimana kerasnya suara sebagian kamu terhadap yang lain. Janganlah kamu memanggilnya dengan namanya, tetapi panggilah beliau dengan panggilan yang disertai penghormatan dan pengagungan. Apabila kamu tidak berlaku hormat kepada Nabi, dikhawatirkan nanti, pahala segala amalmu bisa terhapus sedangkan kamu tidak menyadari.",
                        "long": "Diriwayatkan oleh al-Bukhari dari Ibnu Abi Mulaikah bahwa 'Abdullah bin Zubair memberitahukan kepadanya bahwa telah datang satu rombongan dari Kabilah Bani Tamim kepada Rasulullah saw. Abu Bakar berkata, \"Rombongan ini hendaknya diketuai oleh al-Qa'qa' bin Ma'bad.\" 'Umar bin al-Khaththab berkata, \"Hendaknya diketuai oleh al-Aqra' bin habis.\" Abu Bakar membantah, \"Kamu tidak bermaksud lain kecuali menentang aku.\" 'Umar menjawab, \"Saya tidak bermaksud menentangmu.\" Maka timbullah perbedaan pendapat antara Abu Bakar dan 'Umar sehingga suara mereka kedengarannya bertambah keras, maka turunlah ayat ini. Sejak itu, Abu Bakar bila berkata-kata kepada Nabi Muhammad, suaranya direndahkan sekali seperti bisikan saja demikian pula 'Umar. Oleh karena sangat halus suaranya hampir-hampir tak terdengar sehingga sering ditanyakan lagi apa yang diucapkannya itu.\n\nMereka sama-sama memahami bahwa ayat-ayat tersebut sengaja diturunkan untuk memelihara kehormatan Nabi Muhammad. Setelah ayat ini turun, maka sabit bin Qais tidak pernah datang lagi menghadiri majelis Rasulullah saw. Ketika ditanya oleh Nabi tentang sebabnya, sabit menjawab, \"Ya Rasulullah, telah diturunkan ayat ini dan saya adalah seorang yang selalu berbicara keras dan nyaring. Saya merasa khawatir kalau-kalau pahala saya akan dihapus sebagai akibat kebiasaan saya itu.\" Nabi Muhammad menjawab, \"Engkau lain sekali, engkau hidup dalam kebaikan dan insya Allah akan mati dalam kebaikan pula, engkau termasuk ahli surga.\" sabit menjawab, \"Aku sangat senang karena berita yang menggembirakan itu, dan saya tidak akan mengeraskan suara saya terhadap Nabi untuk selama-lama-nya.\" (Riwayat al-Bukhari dari Ibnu Abi Mulaikah). Maka turunlah ayat berikutnya yaitu ayat ke 3 dari Surah al-hujurat. \n\nDari paparan di atas, dapat dipahami bagaimana Allah mengajarkan kepada kaum Mukminin kesopanan dalam percakapan ketika berhadapan dengan Nabi Muhammad. Allah melarang kaum Mukminin meninggikan suara mereka lebih dari suara Nabi. Mereka dilarang untuk berkata-kata kepada Nabi dengan suara keras karena perbuatan seperti itu tidak layak menurut kesopanan dan dapat menyinggung perasaan Nabi. Terutama jika dalam ucapan-ucapan yang tidak sopan itu tersimpan unsur-unsur cemoohan atau penghinaan yang menyakitkan hati Nabi dan dapat menyeret serta menjerumuskan orangnya kepada kekafiran, sehingga mengakibatkan hilang dan gugurnya segala pahala kebaikan mereka itu di masa lampau, padahal semuanya itu terjadi tanpa disadarinya."
                    }
                }
            },
            {
                "number": {
                    "inQuran": 4615,
                    "inSurah": 3
                },
                "meta": {
                    "juz": 26,
                    "page": 515,
                    "manzil": 6,
                    "ruku": 450,
                    "hizbQuarter": 206,
                    "sajda": {
                        "recommended": false,
                        "obligatory": false
                    }
                },
                "text": {
                    "arab": "إِنَّ الَّذِينَ يَغُضُّونَ أَصْوَاتَهُمْ عِندَ رَسُولِ اللَّهِ أُولَٰئِكَ الَّذِينَ امْتَحَنَ اللَّهُ قُلُوبَهُمْ لِلتَّقْوَىٰ ۚ لَهُم مَّغْفِرَةٌ وَأَجْرٌ عَظِيمٌ",
                    "transliteration": {
                        "en": "Innal lazeena yaghud doona aswaatahum 'inda Rasoolil laahi ulaaa'ikal lazeenam tah anal laahu quloobahum littaqwaa; lahum maghfiratunw waajrun 'azeem"
                    }
                },
                "translation": {
                    "en": "Indeed, those who lower their voices before the Messenger of Allah - they are the ones whose hearts Allah has tested for righteousness. For them is forgiveness and great reward.",
                    "id": "Sesungguhnya orang-orang yang merendahkan suaranya di sisi Rasulullah, mereka itulah orang-orang yang telah diuji hatinya oleh Allah untuk bertakwa. Mereka akan memperoleh ampunan dan pahala yang besar."
                },
                "audio": {
                    "primary": "https://cdn.alquran.cloud/media/audio/ayah/ar.alafasy/4615",
                    "secondary": [
                        "https://cdn.islamic.network/quran/audio/128/ar.alafasy/4615.mp3",
                        "https://cdn.islamic.network/quran/audio/64/ar.alafasy/4615.mp3"
                    ]
                },
                "tafsir": {
                    "id": {
                        "short": "Sesungguhnya orang-orang yang senantiasa merendahkan suaranya di sisi Rasulullah, didorong oleh motivasi penghormatan dan pengagungan kepada beliau mereka itulah orang-orang tinggi kedudukannya yang telah diuji hatinya yakni dibersihkan oleh Allah dengan bermacam-macam ujian dan cobaan untuk menjadi orang bertakwa. Mereka akan memperoleh ampunan atas kesalahannya dan pahala yang besar atas ketaatan yang dilakukannya.",
                        "long": "Sesungguhnya orang yang merendahkan suaranya di sisi Rasulullah saw setelah melatih diri dengan berbagai latihan yang ketat lagi berat, mereka itulah orang yang telah diuji hatinya oleh Allah untuk bertakwa. Mereka telah berhasil menyucikan diri mereka dengan berbagai usaha dan kesadaran serta bagi mereka ampunan dan pahala yang sangat besar.\n\nDiriwayatkan oleh Imam Ahmad dari Mujahid bahwa ada sebuah pertanyaan tertulis yang disampaikan kepada Umar, \"Wahai Amirul Mukminin, ada seorang laki-laki yang tidak suka akan kemaksiatan dan tidak mengerjakannya, dan seorang laki-laki lagi yang hatinya cenderung kepada kemaksiatan, tetapi ia tidak mengerjakannya. Manakah di antara kedua orang itu yang paling baik?\"\n\nUmar menjawab dengan tulisan pula, \"Sesungguhnya orang ya-ng hatinya cenderung kepada kemaksiatan, akan tetapi tidak mengerjakannya, mereka itulah orang-orang yang telah diuji hati mereka oleh Allah untuk bertakwa. Bagi mereka ampunan dan pahala yang besar.\""
                    }
                }
            },
            {
                "number": {
                    "inQuran": 4616,
                    "inSurah": 4
                },
                "meta": {
                    "juz": 26,
                    "page": 515,
                    "manzil": 6,
                    "ruku": 450,
                    "hizbQuarter": 206,
                    "sajda": {
                        "recommended": false,
                        "obligatory": false
                    }
                },
                "text": {
                    "arab": "إِنَّ الَّذِينَ يُنَادُونَكَ مِن وَرَاءِ الْحُجُرَاتِ أَكْثَرُهُمْ لَا يَعْقِلُونَ",
                    "transliteration": {
                        "en": "Innal lazeena yunaadoo naka minw waraaa'il hujuraati aksaruhum laa ya'qiloon"
                    }
                },
                "translation": {
                    "en": "Indeed, those who call you, [O Muhammad], from behind the chambers - most of them do not use reason.",
                    "id": "Sesungguhnya orang-orang yang memanggil engkau (Muhammad) dari luar kamar(mu) kebanyakan mereka tidak mengerti."
                },
                "audio": {
                    "primary": "https://cdn.alquran.cloud/media/audio/ayah/ar.alafasy/4616",
                    "secondary": [
                        "https://cdn.islamic.network/quran/audio/128/ar.alafasy/4616.mp3",
                        "https://cdn.islamic.network/quran/audio/64/ar.alafasy/4616.mp3"
                    ]
                },
                "tafsir": {
                    "id": {
                        "short": "Sesungguhnya orang-orang yang memanggil engkau dengan cara yang tidak sopan dari luar kamar kediamanmu dan kediaman istri-istrimu kebanyakan mereka tidak mengerti tata krama penghormatan dan pengagungan yang seharusnya dilakukan kepadamu.",
                        "long": "Dalam ayat ini, Allah memberikan pelajaran kesopanan dan tata krama dalam menghadapi Rasulullah saw, terutama dalam mengadakan percakapan dengan beliau. Rasulullah saw selama di Medinah tinggal di sebuah rumah di samping masjid Medinah. Di dalam rumah itu terdapat kamar-kamar yang berjumlah sembilan buah, dan masing-masing diisi oleh seorang istri nabi. Bangunan tersebut dibuat sangat sederhana, atapnya rendah sekali sehingga mudah disentuh oleh tangan dan pintu-pintunya terdiri dari gantungan kulit binatang yang berbulu. \n\nPada masa Khalifah al-Walid bin 'Abd al-Malik, kamar-kamar itu dibongkar dan dijadikan halaman masjid. Hal itu sangat menyedihkan kaum Mukminin di Medinah. Sa'id bin al-Musayyab merespon dan berkata, \"Saya suka sekali jika kamar-kamar istri Nabi itu tetap berdiri dan tidak dirombak, agar generasi mendatang dari penduduk Medinah dan orang-orang yang datang dapat meneladani kesederhanaan Nabi Muhammad dalam mengatur rumah tangganya.\n\nIbnu Ishaq menerangkan dalam kitab Sirah-nya bahwa tahun kesembilan Hijrah itu merupakan tahun mengalirnya para delegasi dari seluruh Jazirah Arab. Setelah Pembebasan Mekah, seusai Perang Tabuk, dan Kabilah saqif dari thaif masuk Islam dan ikut membaiat Rasulullah saw, maka datanglah dengan berduyun-duyun berbagai delegasi ke Medinah untuk menemui Rasulullah saw.\n\nDiriwayatkan oleh Ibnu Jarir, dari Zaid bin Arqam bahwa sekumpulan orang-orang Badui berkata kepada kawan-kawannya, \"Marilah kita menemui laki-laki (Muhammad) itu, apabila ia benar-benar seorang nabi, maka kitalah yang paling bahagia beserta dia, dan jika ia seorang raja maka kita pun akan beruntung dapat hidup di sampingnya.\" Maka datanglah Zaid bin Arqam kepada Rasulullah saw menyampaikan berita itu lalu mere-ka datang beramai-ramai menemui beliau yang kebetulan sedang berada di kamar salah seorang istrinya. Mereka memanggil dengan suara yang lantang sekali, \"Ya Muhammad, ya Muhammad, keluarlah dari kamarmu untuk berjumpa dengan kami karena tujuan kami sangat indah dan celaan kami sangat menusuk perasaan.\" Nabi Muhammad saw keluar dari kamar istrinya untuk menemui mereka dan turunlah ayat ini. \n\nMenurut Qatadah, rombongan sebanyak tujuh puluh orang itu adalah dari kabilah Bani Tamim. Mereka berkata, \"Kami ini dari Bani Tamim, kami datang ke sini membawa pujangga-pujangga kami dalam bidang syair dan pidato untuk bertanding dengan penyair-penyair kamu.\" Nabi menjawab, \"Kami tidak diutus untuk mengemukakan syair dan kami tidak diutus untuk mem-perlihatkan kesombongan, tetapi bila kamu mau mencoba, boleh kemukakan syairmu itu.\" Maka tampillah salah seorang pemuda di antara mereka membangga-banggakan kaumnya dengan berbagai keutamaan. Nabi Muhammad menampilkan hassan bin sabit untuk menjawab syair mereka dan ternyata hassan dapat menundukkan mereka semuanya. Setelah mereka mengakui keunggulan hassan, mereka lalu mendekati Rasulullah saw dan mengucapkan dua kalimat syahadat dan sekaligus masuk Islam.\n\nKebijaksanaan Nabi Muhammad dalam menghadapi delegasi da-ri Bani Tamim yang tidak sopan itu akhirnya berkesudahan dengan baik. Sebelum pulang, mereka lebih dahulu telah men-dapat petunjuk tentang jalan yang benar dan kesopanan dalam pergaulan. Dengan tegas sekali Allah menerangkan bahwa orang-orang yang memanggil Nabi supaya keluar kamar istrinya yang ada di samping masjid Medinah, kebanyakan mereka itu bodoh, tidak mengetahui kesopanan dan tata krama dalam mengadakan kunjungan kehormatan kepada seorang kepala negara apalagi seorang nabi. Tata cara yang dikemukakan ayat ini, sekarang dikenal sebagai protokoler dan security (keamanan). Dari ayat ini dapat pula dipahami bahwa agama Islam sejak dahulu kala sudah mengatur kode etiknya dengan maksud memberikan penghormatan yang pantas kepada pembesar yang dikunjungi."
                    }
                }
            },
            {
                "number": {
                    "inQuran": 4617,
                    "inSurah": 5
                },
                "meta": {
                    "juz": 26,
                    "page": 516,
                    "manzil": 6,
                    "ruku": 450,
                    "hizbQuarter": 206,
                    "sajda": {
                        "recommended": false,
                        "obligatory": false
                    }
                },
                "text": {
                    "arab": "وَلَوْ أَنَّهُمْ صَبَرُوا حَتَّىٰ تَخْرُجَ إِلَيْهِمْ لَكَانَ خَيْرًا لَّهُمْ ۚ وَاللَّهُ غَفُورٌ رَّحِيمٌ",
                    "transliteration": {
                        "en": "Wa law annahum sabaroo hatta takhruja ilaihim lakaana khairal lahum; wallaahu Ghafoorur Raheem"
                    }
                },
                "translation": {
                    "en": "And if they had been patient until you [could] come out to them, it would have been better for them. But Allah is Forgiving and Merciful.",
                    "id": "Dan sekiranya mereka bersabar sampai engkau keluar menemui mereka, tentu akan lebih baik bagi mereka. Dan Allah Maha Pengampun, Maha Penyayang."
                },
                "audio": {
                    "primary": "https://cdn.alquran.cloud/media/audio/ayah/ar.alafasy/4617",
                    "secondary": [
                        "https://cdn.islamic.network/quran/audio/128/ar.alafasy/4617.mp3",
                        "https://cdn.islamic.network/quran/audio/64/ar.alafasy/4617.mp3"
                    ]
                },
                "tafsir": {
                    "id": {
                        "short": "Dan sekiranya mereka bersabar, yakni tidak memanggil-manggil namamu sampai engkau keluar dari kamarmu untuk menemui mereka, tentu akan lebih baik bagi mereka di sisi Allah. Dan itu tidak dilakukan oleh mereka, namun Allah tidak menyiksa mereka. Allah Maha Pengampun bagi siapa yang bertobat, Maha Penyayang kepada hamba-Nya yang taat. Berkaitan dengan ayat ini terdapat riwayat bahwa sekelompok rombongan Bani Tamim datang untuk menemui Nabi dan mereka memanggil-manggil dari luar kamarnya, “Hai Muhammad, keluarlah untuk menemui kami”. Nabi dengan berat hati menemui mereka, padahal ketika itu beliau sedang beristirahat. Ayat ini mengecam sikap mereka yang berlaku tidak sopan kepada Rasulullah.",
                        "long": "Seandainya tamu-tamu delegasi itu tidak berteriak-teriak memanggil Nabi Muhammad dan mereka sabar menunggu sampai beliau sendiri keluar kamar peristirahatannya, niscaya yang demikian itu lebih baik bagi mereka. Karena sikap demikian itu menunjukkan adanya takzim dan penghormatan kepada Nabi Muhammad. Allah Maha Pengampun kepada mereka yang memanggil Nabi Muhammad dari belakang kamar-kamarnya bila mereka bertobat dan mengganti kecerobohan mereka dengan kesopanan tata krama. Allah Maha Penyayang kepada mereka, tidak mengazab mereka nanti pada hari Kiamat karena mereka telah menyesali perbuatan mereka yang memalukan itu."
                    }
                }
            },
            {
                "number": {
                    "inQuran": 4618,
                    "inSurah": 6
                },
                "meta": {
                    "juz": 26,
                    "page": 516,
                    "manzil": 6,
                    "ruku": 450,
                    "hizbQuarter": 206,
                    "sajda": {
                        "recommended": false,
                        "obligatory": false
                    }
                },
                "text": {
                    "arab": "يَا أَيُّهَا الَّذِينَ آمَنُوا إِن جَاءَكُمْ فَاسِقٌ بِنَبَإٍ فَتَبَيَّنُوا أَن تُصِيبُوا قَوْمًا بِجَهَالَةٍ فَتُصْبِحُوا عَلَىٰ مَا فَعَلْتُمْ نَادِمِينَ",
                    "transliteration": {
                        "en": "Yaaa ayyuhal lazeena aamanoo in jaaa'akum faasqum binaba in fatabaiyanooo an tuseeboo qawmam bijahalatin fatusbihoo 'alaa maa fa'altum naadimeen"
                    }
                },
                "translation": {
                    "en": "O you who have believed, if there comes to you a disobedient one with information, investigate, lest you harm a people out of ignorance and become, over what you have done, regretful.",
                    "id": "Wahai orang-orang yang beriman! Jika seseorang yang fasik datang kepadamu membawa suatu berita, maka telitilah kebenarannya, agar kamu tidak mencelakakan suatu kaum karena kebodohan (kecerobohan), yang akhirnya kamu menyesali perbuatanmu itu."
                },
                "audio": {
                    "primary": "https://cdn.alquran.cloud/media/audio/ayah/ar.alafasy/4618",
                    "secondary": [
                        "https://cdn.islamic.network/quran/audio/128/ar.alafasy/4618.mp3",
                        "https://cdn.islamic.network/quran/audio/64/ar.alafasy/4618.mp3"
                    ]
                },
                "tafsir": {
                    "id": {
                        "short": "Setelah kelompok ayat-ayat yang lalu menguraikan tuntunan bagai-mana bertatakrama dengan Rasullah, kelompok ayat ini menguraikan bagaimana berlaku dengan sesama manusia, termasuk kepada orang fasik. Diawali dengan tuntunan bagaimana menghadapi orang fasik, Allah berfirman, Wahai orang-orang yang beriman! Jika seseorang yang fasik datang kepadamu membawa suatu berita yang penting, maka ja-nganlah kamu tergesa-gesa menerima berita itu, tetapi telitilah terlebih dahulu kebenarannya. Hal ini penting dilakukan agar kamu tidak mencelakakan suatu kaum karena kebodohan atau kecerobohan kamu mengikuti berita itu yang akhirnya kamu menyesali perbuatanmu itu yang terlanjur kamu lakukan. Ayat ini memberikan tuntunan kepada kaum muslim agar berhati-hati dalam menerima berita terutama jika bersumber dari orang yang fasik. Perlunya berhati-hati dalam menerima berita adalah untuk menghindarkan penyesalan akibat tindakan yang diakibatkan oleh berita yang belum diteliti kebenarannya.",
                        "long": "Dalam ayat ini, Allah memberitakan peringatan kepada kaum Mukminin, jika datang kepada mereka seorang fasik membawa berita tentang apa saja, agar tidak tergesa-gesa menerima berita itu sebelum diperiksa dan diteliti dahulu kebenarannya. Sebelum diadakan penelitian yang seksama, jangan cepat percaya kepada berita dari orang fasik, karena seorang yang tidak mempedulikan kefasikannya, tentu juga tidak akan mempedulikan kedustaan berita yang disampaikannya. Perlunya berhati-hati dalam menerima berita adalah untuk menghindarkan penyesalan akibat berita yang tidak diteliti atau berita bohong itu. Penyesalan yang akan timbul sebenarnya dapat dihindari jika bersikap lebih hati-hati.\n\nAyat ini memberikan pedoman bagi sekalian kaum Mukminin supaya berhati-hati dalam menerima berita, terutama jika bersumber dari seorang yang fasik. Maksud yang terkandung dalam ayat ini adalah agar diadakan penelitian dahulu mengenai kebenarannya. Mempercayai suatu berita tanpa diselidiki kebenarannya, besar kemungkinan akan membawa korban jiwa dan harta yang sia-sia, yang hanya menimbulkan penyesalan belaka."
                    }
                }
            },
            {
                "number": {
                    "inQuran": 4619,
                    "inSurah": 7
                },
                "meta": {
                    "juz": 26,
                    "page": 516,
                    "manzil": 6,
                    "ruku": 450,
                    "hizbQuarter": 206,
                    "sajda": {
                        "recommended": false,
                        "obligatory": false
                    }
                },
                "text": {
                    "arab": "وَاعْلَمُوا أَنَّ فِيكُمْ رَسُولَ اللَّهِ ۚ لَوْ يُطِيعُكُمْ فِي كَثِيرٍ مِّنَ الْأَمْرِ لَعَنِتُّمْ وَلَٰكِنَّ اللَّهَ حَبَّبَ إِلَيْكُمُ الْإِيمَانَ وَزَيَّنَهُ فِي قُلُوبِكُمْ وَكَرَّهَ إِلَيْكُمُ الْكُفْرَ وَالْفُسُوقَ وَالْعِصْيَانَ ۚ أُولَٰئِكَ هُمُ الرَّاشِدُونَ",
                    "transliteration": {
                        "en": "Wa'lamooo anna feekum Rasoolal laah; law yutee'ukum fee kaseerim minal amrila'anittum wa laakinnal laaha habbaba ilaikumul eemaana wa zaiyanahoo fee quloobikum wa karraha ilaikumul kufra walfusooqa wal'isyaan; ulaaaika humur raashidoon"
                    }
                },
                "translation": {
                    "en": "And know that among you is the Messenger of Allah. If he were to obey you in much of the matter, you would be in difficulty, but Allah has endeared to you the faith and has made it pleasing in your hearts and has made hateful to you disbelief, defiance and disobedience. Those are the [rightly] guided.",
                    "id": "Dan ketahuilah olehmu bahwa di tengah-tengah kamu ada Rasulullah. Kalau dia menuruti (kemauan) kamu dalam banyak hal pasti kamu akan mendapatkan kesusahan. Tetapi Allah menjadikan kamu cinta kepada keimanan dan menjadikan (iman) itu indah dalam hatimu serta menjadikan kamu benci kepada kekafiran, kefasikan, dan kedurhakaan. Mereka itulah orang-orang yang mengikuti jalan yang lurus,"
                },
                "audio": {
                    "primary": "https://cdn.alquran.cloud/media/audio/ayah/ar.alafasy/4619",
                    "secondary": [
                        "https://cdn.islamic.network/quran/audio/128/ar.alafasy/4619.mp3",
                        "https://cdn.islamic.network/quran/audio/64/ar.alafasy/4619.mp3"
                    ]
                },
                "tafsir": {
                    "id": {
                        "short": "Dan ketahuilah olehmu bahwa di tengah-tengah kamu ada Rasulullah, yang sepatutnya dihormati dan dipatuhi semua petunjuknya karena beliau senantiasa dalam bimbingan wahyu Ilahi. Kalau dia menuruti kemauan kamu dalam banyak hal, pasti kamu akan mendapatkan kesusahan. Tetapi dengan bimbingan Rasulullah, Allah menjadikan kamu, wahai para sahabat yang setia, cinta kepada keimanan dan menjadikan iman itu indah dalam hatimu sehingga kamu mudah menjaga diri dari dosa serta menjadikan kamu benci kepada kekafiran, kefasikan, dan kedurhakaan sehingga mudah bagi kamu melakukan ketaatan. Mereka itulah orang-orang yang mengikuti secara mantap jalan yang lurus.",
                        "long": "Allah menjelaskan bahwa Rasulullah saw ketika berada di tengah-tengah kaum Mukminin, sepatutnya dihormati dan diikuti semua petunjuknya karena lebih mengetahui kemaslahatan umatnya. Nabi lebih utama bagi orang-orang Mukmin dari diri mereka sendiri, sebagaimana dicantumkan dalam firman Allah:\n\nNabi itu lebih utama bagi orang-orang Mukmin dibandingkan diri mereka sendiri (al-Ahzab/33: 6)\n\nKarena Nabi Muhammad selalu berada dalam bimbingan wahyu Ilahi, maka beliau yang berada di tengah-tengah para sahabat itu sepatutnya dijadikan teladan dalam segala aspek kehidupan dan aspek kemasyarakatan. Seandainya beliau menuruti kemauan para sahabat dalam memecahkan persoalan hidup, niscaya mereka akan menemui berbagai kesulitan dan kemudaratan seperti dalam peristiwa al-Walid bin 'Uqbah. Seandainya Nabi saw menerima berita bohong tentang Bani al-Musthaliq, lalu mengirimkan pasukan untuk menggempur mereka yang disangka murtad dan menolak membayar zakat, niscaya yang demikian itu hanya akan menimbulkan penyesalan dan bencana. Akan tetapi, sebaliknya dengan kebijaksanaan dan bimbingan Rasulullah saw yang berada di tengah-tengah para sahabat, mereka dijadikan oleh Allah mencintai keimanan dan menjadikan iman itu indah dalam hati mereka, dan menjadikan mereka benci kepada kekafiran, ke-fasikan dan kedurhakaan.\n\nKarena iman yang sempurna itu terdiri dari pengakuan dengan lisan, membenarkan dengan hati, dan beramal saleh dengan anggota tubuh, maka kebencian terhadap kekafiran berlawanan dengan kecintaan kepada keimanan. Menjadikan iman itu indah dalam hati adalah pararel dengan membenarkan (tasdiq) dalam hati, dan benci kepada kedurhakaan itu pararel dengan mengadakan amal saleh. Orang-orang yang demikian itu adalah orang-orang yang mendapat petunjuk dan mengikuti jalan yang lu-rus, yang langsung menuju kepada keridaan Allah."
                    }
                }
            },
            {
                "number": {
                    "inQuran": 4620,
                    "inSurah": 8
                },
                "meta": {
                    "juz": 26,
                    "page": 516,
                    "manzil": 6,
                    "ruku": 450,
                    "hizbQuarter": 206,
                    "sajda": {
                        "recommended": false,
                        "obligatory": false
                    }
                },
                "text": {
                    "arab": "فَضْلًا مِّنَ اللَّهِ وَنِعْمَةً ۚ وَاللَّهُ عَلِيمٌ حَكِيمٌ",
                    "transliteration": {
                        "en": "Fadlam minal laahi wa ni'mah; wallaahu 'Aleemun Hakeem"
                    }
                },
                "translation": {
                    "en": "[It is] as bounty from Allah and favor. And Allah is Knowing and Wise.",
                    "id": "sebagai karunia dan nikmat dari Allah. Dan Allah Maha Mengetahui, Mahabijaksana."
                },
                "audio": {
                    "primary": "https://cdn.alquran.cloud/media/audio/ayah/ar.alafasy/4620",
                    "secondary": [
                        "https://cdn.islamic.network/quran/audio/128/ar.alafasy/4620.mp3",
                        "https://cdn.islamic.network/quran/audio/64/ar.alafasy/4620.mp3"
                    ]
                },
                "tafsir": {
                    "id": {
                        "short": "Hal yang demikian itu adalah sebagai karunia dan nikmat dari Allah. Dan Allah Maha Mengetahui siapa yang pantas mendapat anugerah-Nya, Mahabijaksana dalam mengatur segala urusan.",
                        "long": "Karunia dan anugerah itu semata-mata kemurahan dari Allah dan merupakan nikmat dari-Nya. Allah Maha Mengetahui siapa yang berhak menerima petunjuk dan siapa yang terkena kesesatan, dan Maha bijaksana dalam mengatur segala urusan makhluk-Nya."
                    }
                }
            },
            {
                "number": {
                    "inQuran": 4621,
                    "inSurah": 9
                },
                "meta": {
                    "juz": 26,
                    "page": 516,
                    "manzil": 6,
                    "ruku": 450,
                    "hizbQuarter": 206,
                    "sajda": {
                        "recommended": false,
                        "obligatory": false
                    }
                },
                "text": {
                    "arab": "وَإِن طَائِفَتَانِ مِنَ الْمُؤْمِنِينَ اقْتَتَلُوا فَأَصْلِحُوا بَيْنَهُمَا ۖ فَإِن بَغَتْ إِحْدَاهُمَا عَلَى الْأُخْرَىٰ فَقَاتِلُوا الَّتِي تَبْغِي حَتَّىٰ تَفِيءَ إِلَىٰ أَمْرِ اللَّهِ ۚ فَإِن فَاءَتْ فَأَصْلِحُوا بَيْنَهُمَا بِالْعَدْلِ وَأَقْسِطُوا ۖ إِنَّ اللَّهَ يُحِبُّ الْمُقْسِطِينَ",
                    "transliteration": {
                        "en": "Wa in taaa'ifataani minal mu'mineenaq tataloo faaslihoo bainahumaa fa-im baghat ih daahumaa 'alal ukhraa faqaatilul latee tabhee hattaa tafeee'a ilaaa amril laah; fa-in faaa't fa aslihoo bainahumaa bil'adli wa aqsitoo innal laaha yuhibbul muqsiteen"
                    }
                },
                "translation": {
                    "en": "And if two factions among the believers should fight, then make settlement between the two. But if one of them oppresses the other, then fight against the one that oppresses until it returns to the ordinance of Allah. And if it returns, then make settlement between them in justice and act justly. Indeed, Allah loves those who act justly.",
                    "id": "Dan apabila ada dua golongan orang-orang mukmin berperang, maka damaikanlah antara keduanya. Jika salah satu dari keduanya berbuat zalim terhadap (golongan) yang lain, maka perangilah (golongan) yang berbuat zalim itu, sehingga golongan itu kembali kepada perintah Allah. Jika golongan itu telah kembali (kepada perintah Allah), maka damaikanlah antara keduanya dengan adil, dan berlakulah adil. Sungguh, Allah mencintai orang-orang yang berlaku adil."
                },
                "audio": {
                    "primary": "https://cdn.alquran.cloud/media/audio/ayah/ar.alafasy/4621",
                    "secondary": [
                        "https://cdn.islamic.network/quran/audio/128/ar.alafasy/4621.mp3",
                        "https://cdn.islamic.network/quran/audio/64/ar.alafasy/4621.mp3"
                    ]
                },
                "tafsir": {
                    "id": {
                        "short": "Setelah Allah memperingatkan kepada orang mukmin supaya berhati-hati dalam menerima berita yang disampaikan orang fasik, maka Allah menerangkan pada ayat ini tentang apa yang bisa terjadi akibat berita itu. Misalnya pertikaian antara dua kelompok yang kadang-kadang menyebabkan peperangan. Dan apabila ada dua golongan orang-orang mukmin berperang atau bertikai satu sama lain maka damaikanlah antara keduanya dengan memberi petunjuk dan nasihat ke jalan yang benar. Jika salah satu dari keduanya, yakni golongan yang bermusuhan itu terus menerus berbuat zalim terhadap golongan yang lain, maka pera-ngilah golongan yang berbuat zalim itu, yang enggan menerima kebenar-an, sehingga golongan itu kembali kepada perintah Allah. Jika golongan itu telah kembali kepada perintah Allah, yakni menerima kebenaran maka damaikanlah antara keduanya dengan adil, sehingga terjadi hubungan baik antara keduanya, dan berlakulah adil dalam segala urusan agar putusan kamu diterima oleh semua golongan. Sungguh, Allah mencintai orang-orang yang berlaku adil dalam perbuatan mereka dan memberi balasan kepada mereka dengan balasan yang sebaik-baiknya.",
                        "long": "Allah menerangkan bahwa jika ada dua golongan dari orangorang Mukmin berperang, maka harus diusahakan perdamaian antara kedua pihak yang bermusuhan itu dengan jalan berdamai sesuai dengan ketentuan hukum dari Allah berdasarkan keadilan untuk kemaslahatan mereka yang bersangkutan. Jika setelah diusahakan perdamaian itu masih ada yang membangkang dan tetap juga berbuat aniaya terhadap golongan yang lain, maka golongan yang agresif yang berbuat aniaya itu harus diperangi sehingga mereka kembali untuk menerima hukum Allah. Jika golongan yang membangkang itu telah tunduk dan kembali kepada perintah Allah, maka kedua golongan yang tadinya bermusuhan itu harus diperlakukan dengan adil dan bijaksana, penuh kesadaran sehingga tidak terulang lagi permusuhan seperti itu di masa yang akan datang. Allah memerintahkan supaya mereka tetap melakukan keadilan dalam segala urusan mereka, karena Allah menyukainya dan akan memberi pahala kepada orang-orang yang berlaku adil dalam segala urusan."
                    }
                }
            },
            {
                "number": {
                    "inQuran": 4622,
                    "inSurah": 10
                },
                "meta": {
                    "juz": 26,
                    "page": 516,
                    "manzil": 6,
                    "ruku": 450,
                    "hizbQuarter": 206,
                    "sajda": {
                        "recommended": false,
                        "obligatory": false
                    }
                },
                "text": {
                    "arab": "إِنَّمَا الْمُؤْمِنُونَ إِخْوَةٌ فَأَصْلِحُوا بَيْنَ أَخَوَيْكُمْ ۚ وَاتَّقُوا اللَّهَ لَعَلَّكُمْ تُرْحَمُونَ",
                    "transliteration": {
                        "en": "Innamal mu'minoona ikhwatun fa aslihoo baina akhawaykum wattaqul laaha la'allakum tuhamoon"
                    }
                },
                "translation": {
                    "en": "The believers are but brothers, so make settlement between your brothers. And fear Allah that you may receive mercy.",
                    "id": "Sesungguhnya orang-orang mukmin itu bersaudara, karena itu damaikanlah antara kedua saudaramu (yang berselisih) dan bertakwalah kepada Allah agar kamu mendapat rahmat."
                },
                "audio": {
                    "primary": "https://cdn.alquran.cloud/media/audio/ayah/ar.alafasy/4622",
                    "secondary": [
                        "https://cdn.islamic.network/quran/audio/128/ar.alafasy/4622.mp3",
                        "https://cdn.islamic.network/quran/audio/64/ar.alafasy/4622.mp3"
                    ]
                },
                "tafsir": {
                    "id": {
                        "short": "Sesungguhnya orang-orang mukmin itu bersaudara, sebab mereka itu satu dalam keimanan, karena itu damaikanlah antara kedua saudaramu yang sedang beselisih atau bertikai satu sama lain dan bertakwalah kepada Allah dengan melaksanakan perintahnya antara lain mendamaikan kedua golongan yang saling bermusuhan itu agar kamu mendapat rahmat persudaraan dan persatuan.",
                        "long": "Dalam ayat ini, Allah menerangkan bahwa sesungguhnya orang-orang Mukmin semuanya bersaudara seperti hubungan persaudaraan antara nasab karena sama-sama menganut unsur keimanan yang sama dan kekal dalam surga. Dalam sebuah hadis sahih diriwayatkan Muslim itu adalah saudara muslim yang lain, jangan berbuat aniaya dan jangan membiarkannya melakukan aniaya. Orang yang membantu kebutuhan saudaranya, maka Allah membantu kebutuhannya. Orang yang melonggarkan satu kesulitan dari seorang muslim, maka Allah melonggarkan satu kesulitan di antara kesulitan-kesuliannya pada hari Kiamat. Orang yang menutupi aib saudaranya, maka Allah akan menutupi kekurangannya pada hari Kiamat. (Riwayat al-Bukhari dari 'Abdullah bin 'Umar) \n\nPada hadis sahih yang lain dinyatakan: Apabila seorang muslim mendoakan saudaranya yang gaib, maka malaikat berkata, \"Amin, dan semoga kamu pun mendapat seperti itu.\" (Riwayat Muslim dan Abu ad-Darda') Karena persaudaraan itu mendorong ke arah perdamaian, maka Allah menganjurkan agar terus diusahakan di antara saudara seagama seperti perdamaian di antara saudara seketurunan, supaya mereka tetap memelihara ketakwaan kepada Allah. Mudah-mudahan mereka memperoleh rahmat dan ampunan Allah sebagai balasan terhadap usaha-usaha perdamaian dan ketakwaan mereka. Dari ayat tersebut dapat dipahami perlu adanya kekuatan sebagai penengah untuk mendamaikan pihak-pihak yang bertikai."
                    }
                }
            },
            {
                "number": {
                    "inQuran": 4623,
                    "inSurah": 11
                },
                "meta": {
                    "juz": 26,
                    "page": 516,
                    "manzil": 6,
                    "ruku": 451,
                    "hizbQuarter": 206,
                    "sajda": {
                        "recommended": false,
                        "obligatory": false
                    }
                },
                "text": {
                    "arab": "يَا أَيُّهَا الَّذِينَ آمَنُوا لَا يَسْخَرْ قَوْمٌ مِّن قَوْمٍ عَسَىٰ أَن يَكُونُوا خَيْرًا مِّنْهُمْ وَلَا نِسَاءٌ مِّن نِّسَاءٍ عَسَىٰ أَن يَكُنَّ خَيْرًا مِّنْهُنَّ ۖ وَلَا تَلْمِزُوا أَنفُسَكُمْ وَلَا تَنَابَزُوا بِالْأَلْقَابِ ۖ بِئْسَ الِاسْمُ الْفُسُوقُ بَعْدَ الْإِيمَانِ ۚ وَمَن لَّمْ يَتُبْ فَأُولَٰئِكَ هُمُ الظَّالِمُونَ",
                    "transliteration": {
                        "en": "Yaaa ayyuhal lazeena aamanoo laa yaskhar qawmum min qawmin 'asaaa anyyakoonoo khairam minhum wa laa nisaaa'um min nisaaa'in 'Asaaa ay yakunna khairam minhunna wa laa talmizooo bil alqaab; bi'sal ismul fusooqu ba'dal eemaan; wa mal-lam yatub fa-ulaaa'ika humuz zaalimoon"
                    }
                },
                "translation": {
                    "en": "O you who have believed, let not a people ridicule [another] people; perhaps they may be better than them; nor let women ridicule [other] women; perhaps they may be better than them. And do not insult one another and do not call each other by [offensive] nicknames. Wretched is the name of disobedience after [one's] faith. And whoever does not repent - then it is those who are the wrongdoers.",
                    "id": "Wahai orang-orang yang beriman! Janganlah suatu kaum mengolok-olok kaum yang lain (karena) boleh jadi mereka (yang diperolok-olokkan) lebih baik dari mereka (yang mengolok-olok) dan jangan pula perempuan-perempuan (mengolok-olokkan) perempuan lain (karena) boleh jadi perempuan (yang diperolok-olokkan) lebih baik dari perempuan (yang mengolok-olok). Janganlah kamu saling mencela satu sama lain dan janganlah saling memanggil dengan gelar-gelar yang buruk. Seburuk-buruk panggilan adalah (panggilan) yang buruk (fasik) setelah beriman. Dan barangsiapa tidak bertobat, maka mereka itulah orang-orang yang zalim."
                },
                "audio": {
                    "primary": "https://cdn.alquran.cloud/media/audio/ayah/ar.alafasy/4623",
                    "secondary": [
                        "https://cdn.islamic.network/quran/audio/128/ar.alafasy/4623.mp3",
                        "https://cdn.islamic.network/quran/audio/64/ar.alafasy/4623.mp3"
                    ]
                },
                "tafsir": {
                    "id": {
                        "short": "Setelah Allah menerangkan bahwa orang-orang mukmin adalah bersaudara, ayat ini menjelaskan tuntunan agar persaudaraan itu tetap terjaga. Wahai orang-orang yang beriman! Janganlah suatu kaum, yakni kelompok pria, mengolok-olok kaum, yakni kelompok pria yang lain karena boleh jadi mereka yang diperolok-olokkan lebih baik dari mereka yang mengolok-olok, dan jangan pula perempuan-perempuan mengolok-olokkan perempuan lain karena boleh jadi perempuan yang diperolok-olokkan lebih baik dari perempuan yang mengolok-olok. Janganlah kamu saling mencela satu sama lain dengan ucapan, perbuatan atau isyarat, dan janganlah saling memanggil dengan gelar-gelar yang dinilai buruk buruk oleh orang yang kamu panggil itu sehingga menyakiti hatinya. Seburuk-buruk panggilan adalah panggilan yang buruk fasik setelah iman. Yakni seburuh-buruk panggilan kepada orang-orang mukmin adalah bila mereka disebut orang-orang fasik sesudah mereka dahulu disebut sebagai golongan yang yang beriman. Dan barangsiapa tidak bertobat, setelah melakukan kefasikan, maka mereka itulah orang-orang yang zalim kepada diri sendiri dan karena perbuatannya itu maka Allah menimpakan hukuman atasnya.",
                        "long": "Dalam ayat ini, Allah mengingatkan kaum Mukminin supaya jangan ada suatu kaum mengolok-olokkan kaum yang lain karena boleh jadi, mereka yang diolok-olokkan itu pada sisi Allah jauh lebih mulia dan terhormat dari mereka yang mengolok-olokkan. Demikian pula di kalangan wanita, jangan ada segolongan wanita yang mengolok-olokkan wanita yang lain karena boleh jadi, mereka yang diolok-olokkan itu pada sisi Allah lebih baik dan lebih terhormat dari wanita-wanita yang mengolok-olokkan. Allah melarang kaum mukminin mencela kaum mereka sendiri karena kaum Mukminin semuanya harus dipandang satu tubuh yang diikat dengan kesatuan dan persatuan. Allah melarang pula memanggil dengan panggilan yang buruk seperti panggilan kepada seseorang yang sudah beriman dengan kata-kata: hai fasik, hai kafir, dan sebagainya. Tersebut dalam sebuah hadis riwayat al-Bukhari dan Muslim dari an-Nu'man bin Basyir: Perumpamaan orang-orang mukmin dalam kasih mengasihi dan sayang-menyayangi antara mereka seperti tubuh yang satu; bila salah satu anggota badannya sakit demam, maka badan yang lain merasa demam dan terganggu pula. (Riwayat Muslim dan Ahmad dari an-Nu'man bin Basyir) Sesungguhnya Allah tidak memandang kepada rupamu dan harta kekayaanmu, akan tetapi Ia memandang kepada hatimu dan perbuatanmu. (Riwayat Muslim dari Abu Hurairah) \n\nHadis ini mengandung isyarat bahwa seorang hamba Allah jangan memastikan kebaikan atau keburukan seseorang semata-mata karena melihat kepada amal perbuatannya saja, sebab ada kemungkinan seseorang tampak mengerjakan amal kebajikan, padahal Allah melihat di dalam hatinya ada sifat yang tercela. Sebaliknya pula mungkin ada orang yang kelihatan melakukan suatu yang tampak buruk, akan tetapi Allah melihat dalam hatinya ada rasa penyesalan yang besar yang mendorongnya bertobat dari dosanya. Maka amal perbuatan yang tampak di luar itu, hanya merupakan tanda-tanda saja yang menimbulkan sangkaan yang kuat, tetapi belum sampai ke tingkat meyakinkan. Allah melarang kaum Mukminin memanggil orang dengan panggilan-panggilan yang buruk setelah mereka beriman. Ibnu Jarir meriwayatkan bahwa Ibnu 'Abbas dalam menafsirkan ayat ini, menerangkan bahwa ada seorang laki-laki yang pernah di masa mudanya mengerjakan suatu perbuatan yang buruk, lalu ia bertobat dari dosanya, maka Allah melarang siapa saja yang menyebut-nyebut lagi keburukannya di masa yang lalu, karena hal itu dapat membangkitkan perasaan yang tidak baik. Itu sebabnya Allah melarang memanggil dengan panggilan dan gelar yang buruk. Adapun panggilan yang mengandung penghormatan tidak dilarang, seperti sebutan kepada Abu Bakar dengan as-shiddiq, kepada 'Umar dengan al-Faruq, kepada 'Utsman dengan sebutan dzu an-Nurain, kepada 'Ali dengan Abu Turab, dan kepada Khalid bin al-Walid dengan sebutan Saifullah (pedang Allah). Panggilan yang buruk dilarang untuk diucapkan setelah orangnya beriman karena gelar-gelar untuk itu mengingatkan kepada kedurhakaan yang sudah lewat, dan sudah tidak pantas lagi dilontarkan. Barang siapa tidak bertobat, bahkan terus pula memanggil-manggil dengan gelar-gelar yang buruk itu, maka mereka dicap oleh Allah sebagai orang-orang yang zalim terhadap diri sendiri dan pasti akan menerima konsekuensinya berupa azab dari Allah pada hari Kiamat."
                    }
                }
            },
            {
                "number": {
                    "inQuran": 4624,
                    "inSurah": 12
                },
                "meta": {
                    "juz": 26,
                    "page": 517,
                    "manzil": 6,
                    "ruku": 451,
                    "hizbQuarter": 206,
                    "sajda": {
                        "recommended": false,
                        "obligatory": false
                    }
                },
                "text": {
                    "arab": "يَا أَيُّهَا الَّذِينَ آمَنُوا اجْتَنِبُوا كَثِيرًا مِّنَ الظَّنِّ إِنَّ بَعْضَ الظَّنِّ إِثْمٌ ۖ وَلَا تَجَسَّسُوا وَلَا يَغْتَب بَّعْضُكُم بَعْضًا ۚ أَيُحِبُّ أَحَدُكُمْ أَن يَأْكُلَ لَحْمَ أَخِيهِ مَيْتًا فَكَرِهْتُمُوهُ ۚ وَاتَّقُوا اللَّهَ ۚ إِنَّ اللَّهَ تَوَّابٌ رَّحِيمٌ",
                    "transliteration": {
                        "en": "Yaaa ayyuhal lazeena aamanuj taniboo kaseeram minaz zanni inna ba'daz zanniismunw wa laa tajassasoo wa la yaghtab ba'dukum ba'daa; a yuhibbu ahadukum any yaakula lahma akheehi maitan fakarih tumooh; wattaqul laa; innal laaha tawwaabur Raheem"
                    }
                },
                "translation": {
                    "en": "O you who have believed, avoid much [negative] assumption. Indeed, some assumption is sin. And do not spy or backbite each other. Would one of you like to eat the flesh of his brother when dead? You would detest it. And fear Allah; indeed, Allah is Accepting of repentance and Merciful.",
                    "id": "Wahai orang-orang yang beriman! Jauhilah banyak dari prasangka, sesungguhnya sebagian prasangka itu dosa dan janganlah kamu mencari-cari kesalahan orang lain dan janganlah ada di antara kamu yang menggunjing sebagian yang lain. Apakah ada di antara kamu yang suka memakan daging saudaranya yang sudah mati? Tentu kamu merasa jijik. Dan bertakwalah kepada Allah, sesungguhnya Allah Maha Penerima tobat, Maha Penyayang."
                },
                "audio": {
                    "primary": "https://cdn.alquran.cloud/media/audio/ayah/ar.alafasy/4624",
                    "secondary": [
                        "https://cdn.islamic.network/quran/audio/128/ar.alafasy/4624.mp3",
                        "https://cdn.islamic.network/quran/audio/64/ar.alafasy/4624.mp3"
                    ]
                },
                "tafsir": {
                    "id": {
                        "short": "Wahai orang-orang yang beriman! Jauhilah banyak dari prasangka buruk kepada manusia yang tidak disertai bukti atau tanda-tanda, sesungguhnya sebagian prasangka, yakni prasangka yang tidak disertai bukti atau tanda-tanda itu adalah dosa dan janganlah kamu mencari-cari kesalahan orang lain yang sengaja ditutup-tutupi untuk mencemoohnya dan janganlah ada di antara kamu yang menggunjing, yakni membicarakan aib, sebagian yang lain. Apakah ada di antara kamu yang suka memakan daging saudaranya yang sudah mati? Tentu kamu merasa jijik. Karena itu hindarilah pergunjingan karena itu sama dengan memakan daging saudara yang telah mati. Dan bertakwalah kepada Allah, sesungguhnya Allah Maha Penerima tobat kepada orang yang bertobat, Maha Penyayang kepada orang yang taat.",
                        "long": "Pada ayat ini dijelaskan bahwa permintaan mereka itu tidak mungkin diperkenankan oleh Allah. Mereka tidak akan dikembalikan ke dunia, karena hati mereka sudah tidak menerima kebenaran lagi. Di dunia, mereka kafir dan ingkar apabila diseru untuk hanya menyembah Allah saja, tetapi apabila Allah dipersekutukan dengan yang lain, mereka percaya dan membenarkannya. Permintaan mereka ke luar dari neraka dan dikembalikan ke dunia untuk beramal saleh, dijawab oleh Allah dengan firman-Nya:\n\nDia (Allah) berfirman, \"Tinggallah dengan hina di dalamnya, dan janganlah kamu berbicara dengan Aku.\" (al-Mu'minun/23: 108)\n\nAndaikata permintaan mereka diperkenankan dan dikembalikan ke dunia, mereka akan tetap mengerjakan hal-hal yang dilarang Allah sebagaimana halnya dahulu. Mereka itu pembohong, sebagaimana firman Allah:\n\nSeandainya mereka dikembalikan ke dunia, tentu mereka akan mengulang kembali apa yang telah dilarang mengerjakannya. Mereka itu sungguh pendusta. (al-An'am/6: 28)\n\nAyat ini ditutup dengan satu ketegasan bahwa putusan di hari Kiamat berada di tangan Allah yang akan memberi putusan dengan hak dan adil, Tuhan Yang Mahatinggi dan Mahabesar tiada sesuatu yang menyamai-Nya. Tuhan sangat benci kepada yang mempersekutukan-Nya dan telah memberlakukan kebijaksanaan yaitu mengekalkan mereka di dalam neraka."
                    }
                }
            },
            {
                "number": {
                    "inQuran": 4625,
                    "inSurah": 13
                },
                "meta": {
                    "juz": 26,
                    "page": 517,
                    "manzil": 6,
                    "ruku": 451,
                    "hizbQuarter": 206,
                    "sajda": {
                        "recommended": false,
                        "obligatory": false
                    }
                },
                "text": {
                    "arab": "يَا أَيُّهَا النَّاسُ إِنَّا خَلَقْنَاكُم مِّن ذَكَرٍ وَأُنثَىٰ وَجَعَلْنَاكُمْ شُعُوبًا وَقَبَائِلَ لِتَعَارَفُوا ۚ إِنَّ أَكْرَمَكُمْ عِندَ اللَّهِ أَتْقَاكُمْ ۚ إِنَّ اللَّهَ عَلِيمٌ خَبِيرٌ",
                    "transliteration": {
                        "en": "Yaaa ayyuhan naasu innaa khalaqnaakum min zakarinw wa unsaa wa ja'alnaakum shu'oobanw wa qabaaa'ila lita'aarafoo inna akramakum 'indal laahi atqaakum innal laaha 'Aleemun khabeer"
                    }
                },
                "translation": {
                    "en": "O mankind, indeed We have created you from male and female and made you peoples and tribes that you may know one another. Indeed, the most noble of you in the sight of Allah is the most righteous of you. Indeed, Allah is Knowing and Acquainted.",
                    "id": "Wahai manusia! Sungguh, Kami telah menciptakan kamu dari seorang laki-laki dan seorang perempuan, kemudian Kami jadikan kamu berbangsa-bangsa dan bersuku-suku agar kamu saling mengenal. Sesungguhnya yang paling mulia di antara kamu di sisi Allah ialah orang yang paling bertakwa. Sungguh, Allah Maha Mengetahui, Mahateliti."
                },
                "audio": {
                    "primary": "https://cdn.alquran.cloud/media/audio/ayah/ar.alafasy/4625",
                    "secondary": [
                        "https://cdn.islamic.network/quran/audio/128/ar.alafasy/4625.mp3",
                        "https://cdn.islamic.network/quran/audio/64/ar.alafasy/4625.mp3"
                    ]
                },
                "tafsir": {
                    "id": {
                        "short": "Wahai manusia! Sungguh, Kami telah menciptakan kamu dari seorang laki-laki dan seorang perempuan, yakni berasal dari keturunan yang sama yaitu Adam dan Hawa. Semua manusia sama saja derajat kemanusiaannya, tidak ada perbedaan antara satu suku dengan suku lainnya. Kemudian Kami jadikan kamu berbangsa-bangsa dan bersuku-suku agar kamu saling mengenal dan dengan demikian saling membantu satu sama lain, bukan saling mengolok-olok dan saling memusuhi antara satu kelompok dengan lainnya. Allah tidak menyukai orang yang memperlihatkan kesombongan dengan keturunan, kekayaan atau kepangkatan karena sungguh yang paling mulia di antara kamu di sisi Allah ialah orang yang paling bertakwa. Karena itu berusahalah untuk meningkatkan ketakwaan agar menjadi orang yang mulia di sisi Allah. Sungguh, Allah Maha Mengetahui segala sesuatu baik yang lahir maupun yang tersembunyi, Mahateliti sehingga tidak satu pun gerak-gerik dan perbuatan manusia yang luput dari ilmu-Nya.",
                        "long": "Dalam ayat ini, dijelaskan bahwa Allah menciptakan manusia dari seorang laki-laki (Adam) dan seorang perempuan (Hawa) dan menjadikannya berbangsa-bangsa, bersuku-suku, dan berbeda-beda warna kulit bukan untuk saling mencemoohkan, tetapi supaya saling mengenal dan menolong. Allah tidak menyukai orang-orang yang memperlihatkan kesombongan dengan keturunan, kepangkatan, atau kekayaannya karena yang paling mulia di antara manusia pada sisi Allah hanyalah orang yang paling bertakwa kepada-Nya.\n\nKebiasaan manusia memandang kemuliaan itu selalu ada sangkut-pautnya dengan kebangsaan dan kekayaan. Padahal menurut pandangan Allah, orang yang paling mulia itu adalah orang yang paling takwa kepada-Nya.\n\nDiriwayatkan oleh Ibnu hibban dan at-Tirmidhi dari Ibnu 'Umar bahwa ia berkata:\n\nRasulullah saw melakukan tawaf di atas untanya yang telinganya tidak sempurna (terputus sebagian) pada hari Fath Makkah (Pembebasan Mekah). Lalu beliau menyentuh tiang Ka'bah dengan tongkat yang bengkok ujungnya. Beliau tidak mendapatkan tempat untuk menderumkan untanya di masjid sehingga unta itu dibawa keluar menuju lembah lalu menderumkannya di sana. Kemudian Rasulullah memuji Allah dan mengagungkan-Nya, kemudian berkata, \"Wahai manusia, sesungguhnya Allah telah menghilangkan pada kalian keburukan perilaku Jahiliah. Wahai manusia, sesungguhnya manusia itu ada dua macam: orang yang berbuat kebajikan, bertakwa, dan mulia di sisi Tuhannya. Dan orang yang durhaka, celaka, dan hina di sisi Tuhannya. Kemudian Rasulullah membaca ayat: ya ayyuhan-nas inna khalaqnakum min dhakarin wa untsa¦ Beliau membaca sampai akhir ayat, lalu berkata, \"Inilah yang aku katakan, dan aku memohon ampun kepada Allah untukku dan untuk kalian. (Riwayat Ibnu hibban dan at-Tirmidhi dari Ibnu 'Umar).\n\nSesungguhnya Allah Maha Penerima tobat lagi Maha Mengetahui tentang apa yang tersembunyi dalam jiwa dan pikiran manusia. Pada akhir ayat, Allah menyatakan bahwa Dia Maha Mengetahui tentang segala yang tersembunyi di dalam hati manusia dan mengetahui segala perbuatan mereka."
                    }
                }
            },
            {
                "number": {
                    "inQuran": 4626,
                    "inSurah": 14
                },
                "meta": {
                    "juz": 26,
                    "page": 517,
                    "manzil": 6,
                    "ruku": 451,
                    "hizbQuarter": 207,
                    "sajda": {
                        "recommended": false,
                        "obligatory": false
                    }
                },
                "text": {
                    "arab": "۞ قَالَتِ الْأَعْرَابُ آمَنَّا ۖ قُل لَّمْ تُؤْمِنُوا وَلَٰكِن قُولُوا أَسْلَمْنَا وَلَمَّا يَدْخُلِ الْإِيمَانُ فِي قُلُوبِكُمْ ۖ وَإِن تُطِيعُوا اللَّهَ وَرَسُولَهُ لَا يَلِتْكُم مِّنْ أَعْمَالِكُمْ شَيْئًا ۚ إِنَّ اللَّهَ غَفُورٌ رَّحِيمٌ",
                    "transliteration": {
                        "en": "Qaalatil-A 'raabu aamannaa qul lam tu'minoo wa laakin qoolooo aslamnaa wa lamma yadkhulil eemaanu fee quloobikum wa in tutee'ul laaha wa Rasoolahoo laa yalitkum min a'maalikum shai'aa; innal laaha Ghafoorur Raheem"
                    }
                },
                "translation": {
                    "en": "The bedouins say, \"We have believed.\" Say, \"You have not [yet] believed; but say [instead], 'We have submitted,' for faith has not yet entered your hearts. And if you obey Allah and His Messenger, He will not deprive you from your deeds of anything. Indeed, Allah is Forgiving and Merciful.\"",
                    "id": "Orang-orang Arab Badui berkata, “Kami telah beriman.” Katakanlah (kepada mereka), “Kamu belum beriman, tetapi katakanlah ‘Kami telah tunduk (Islam),’ karena iman belum masuk ke dalam hatimu. Dan jika kamu taat kepada Allah dan Rasul-Nya, Dia tidak akan mengurangi sedikit pun (pahala) amal perbuatanmu. Sungguh, Allah Maha Pengampun, Maha Penyayang.”"
                },
                "audio": {
                    "primary": "https://cdn.alquran.cloud/media/audio/ayah/ar.alafasy/4626",
                    "secondary": [
                        "https://cdn.islamic.network/quran/audio/128/ar.alafasy/4626.mp3",
                        "https://cdn.islamic.network/quran/audio/64/ar.alafasy/4626.mp3"
                    ]
                },
                "tafsir": {
                    "id": {
                        "short": "Setelah pada ayat yang lalu dijelaskan bahwa orang yang paling mulia di sisi Allah adalah adalah orang yang paling bertakwa, ayat ini menjelaskan hakikat iman yang melekat pada orang yang bertakwa. Ayat ini dikemukakan dalam konteks penjelasan terhadap serombong-an orang-orang Badui yang datang kepada Nabi yang menyatakan bahwa mereka telah beriman dengan benar. Orang-orang Arab Badui berkata kepadamu, “Kami telah beriman.” Allah menegaskan melalui firman-Nya, Katakanlah kepada mereka, wahai Nabi Muhammad, “Kamu belum beriman sebab hati kamu belum sepenuhnya percaya, dan perbuatan kamu belum mencerminkan iman sesuai apa yang kamu katakan tetapi katakanlah ‘Kami telah tunduk kepadamu.\\' Ucapan se-perti itu lebih pantas kamu katakan, karena iman belum masuk ke dalam hatimu. Dan jika kamu benar-benar taat kepada Allah dan Rasul-Nya, Dia tidak akan mengurangi sedikit pun pahala amal perbuatanmu. Sungguh, Allah Maha Pengampun kepada orang yang bertobat, Maha Penyayang kepada orang yang taat.”",
                        "long": "Allah menjelaskan bahwa orang-orang Arab Badui yang mengaku bahwa diri mereka telah beriman. Ucapan mereka itu dibantah oleh Allah. Sepantasnya mereka itu jangan mengatakan telah beriman karena iman yang sungguh-sungguh ialah membenarkan dengan hati yang tulus dan percaya kepada Allah dengan seutuhnya. Hal itu belum terbukti karena mereka memperlihatkan bahwa mereka telah memberikan kenikmatan kepada Rasulullah saw dengan keislaman mereka dan dengan tidak memerangi Rasulullah saw.\n\nMereka dilarang oleh Allah mengucapkan kata beriman itu dan sepantasnya mereka hanya mengucapkan 'kami telah tunduk masuk Islam, karena iman yang sungguh-sungguh itu belum pernah masuk ke dalam hati mereka. Apa yang mereka ucapkan tidak sesuai dengan isi hati mereka.\n\nAz-Zajjaj berkata, \"Islam itu ialah memperlihatkan kepatuhan dan menerima apa-apa yang dibawa oleh Nabi Muhammad. Dengan memperlihatkan patuh itu terpeliharalah darah dan jiwa, dan jika ikrar tentang keislaman itu disertai dengan tasdiq (dibenarkan hati), maka barulah yang demikian itu yang dinamakan iman yang sungguh-sungguh. Jika mereka benar-benar telah taat kepada Allah dan rasul-Nya, ikhlas berbuat amal, dan meninggalkan kemunafikan, maka Allah tidak akan mengurangi sedikit pun pahala amalan mereka, bahkan akan memperbaiki balasannya dengan berlipat ganda.\"\n\nTerhadap manusia yang banyak berbuat kesalahan, di mana pun ia berada, Allah akan mengampuninya karena Dia Maha Pengampun terhadap orang yang bertobat dan yang beramal penuh keikhlasan."
                    }
                }
            },
            {
                "number": {
                    "inQuran": 4627,
                    "inSurah": 15
                },
                "meta": {
                    "juz": 26,
                    "page": 517,
                    "manzil": 6,
                    "ruku": 451,
                    "hizbQuarter": 207,
                    "sajda": {
                        "recommended": false,
                        "obligatory": false
                    }
                },
                "text": {
                    "arab": "إِنَّمَا الْمُؤْمِنُونَ الَّذِينَ آمَنُوا بِاللَّهِ وَرَسُولِهِ ثُمَّ لَمْ يَرْتَابُوا وَجَاهَدُوا بِأَمْوَالِهِمْ وَأَنفُسِهِمْ فِي سَبِيلِ اللَّهِ ۚ أُولَٰئِكَ هُمُ الصَّادِقُونَ",
                    "transliteration": {
                        "en": "Innamal muu'minoonal lazeena aamanoo billaahi wa Rasoolihee summa lam yartaaboo wa jaahadoo biamwaalihim wa anfusihim fee sabeelil laah; ulaaaika humus saadiqoon"
                    }
                },
                "translation": {
                    "en": "The believers are only the ones who have believed in Allah and His Messenger and then doubt not but strive with their properties and their lives in the cause of Allah. It is those who are the truthful.",
                    "id": "Sesungguhnya orang-orang mukmin yang sebenarnya adalah mereka yang beriman kepada Allah dan Rasul-Nya kemudian mereka tidak ragu-ragu dan mereka berjihad dengan harta dan jiwanya di jalan Allah. Mereka itulah orang-orang yang benar."
                },
                "audio": {
                    "primary": "https://cdn.alquran.cloud/media/audio/ayah/ar.alafasy/4627",
                    "secondary": [
                        "https://cdn.islamic.network/quran/audio/128/ar.alafasy/4627.mp3",
                        "https://cdn.islamic.network/quran/audio/64/ar.alafasy/4627.mp3"
                    ]
                },
                "tafsir": {
                    "id": {
                        "short": "Selanjutnya ayat ini menjelaskan siapa yang benar-benar sempurna imannya. Sesungguhnya orang-orang mukmin yang sebenarnya adalah me-reka yang beriman kepada Allah dan meyakini semua sifat-sifat-Nya dan membenarkan apa yang disampaikan oleh Rasul-Nya. Kemudian dalam berlalunya waktu mereka tidak ragu-ragu sedikitpun dan tidak goyah pendiriannya dan mereka berjihad dengan menye-rahkan harta dan me-ngorbankan jiwanya di jalan Allah. Mereka itulah orang-orang yang benar dalam ucapan dan perbuatan mereka.",
                        "long": "Dalam ayat ini, Allah menerangkan hakikat iman yang sebenarnya yaitu bahwa orang-orang yang diakui mempunyai iman yang sungguh-sungguh hanyalah mereka yang beriman kepada Allah dan rasul-Nya, tanpa keragu-raguan sedikit pun dan tidak goyah pendiriannya apa pun yang dihadapi. Mereka menyerahkan harta dan jiwa dalam berjihad di jalan Allah semata-mata untuk mencapai keridaan-Nya.\n\nOrang mukmin di dunia ada tiga golongan: pertama, orang beriman kepada Allah dan Rasul-Nya, kemudian mereka tidak ragu dan berjihad fi sabilillah dengan harta dan dirinya. Kedua, orang yang tidak mengganggu harta dan diri orang lain. Ketiga, orang yang mendapatkan kemuliaan ambisi, ia meninggalkannya karena Allah. (Riwayat Ahmad dari Abu Sa'id al-Khudri)\n\nMereka itulah orang-orang yang imannya diakui oleh Allah. Tidak seperti orang-orang Arab Badui itu yang hanya mengucapkan beriman dengan lidah belaka, sedangkan hati mereka kosong karena mereka masuk Islam itu hanya karena takut akan tebasan pedang, hanya sekadar untuk mengamankan jiwa dan harta bendanya."
                    }
                }
            },
            {
                "number": {
                    "inQuran": 4628,
                    "inSurah": 16
                },
                "meta": {
                    "juz": 26,
                    "page": 517,
                    "manzil": 6,
                    "ruku": 451,
                    "hizbQuarter": 207,
                    "sajda": {
                        "recommended": false,
                        "obligatory": false
                    }
                },
                "text": {
                    "arab": "قُلْ أَتُعَلِّمُونَ اللَّهَ بِدِينِكُمْ وَاللَّهُ يَعْلَمُ مَا فِي السَّمَاوَاتِ وَمَا فِي الْأَرْضِ ۚ وَاللَّهُ بِكُلِّ شَيْءٍ عَلِيمٌ",
                    "transliteration": {
                        "en": "Qul atu'allimoonal laaha bideenikum wallaahu ya'lamu maa fis samaawaati wa maa fil ard; wallaahu bikulli shai'in 'Aleem"
                    }
                },
                "translation": {
                    "en": "Say, \"Would you acquaint Allah with your religion while Allah knows whatever is in the heavens and whatever is on the earth, and Allah is Knowing of all things?\"",
                    "id": "Katakanlah (kepada mereka), “Apakah kamu akan memberitahukan kepada Allah tentang agamamu (keyakinanmu), padahal Allah mengetahui apa yang ada di langit dan apa yang ada di bumi dan Allah Maha Mengetahui segala sesuatu.”"
                },
                "audio": {
                    "primary": "https://cdn.alquran.cloud/media/audio/ayah/ar.alafasy/4628",
                    "secondary": [
                        "https://cdn.islamic.network/quran/audio/128/ar.alafasy/4628.mp3",
                        "https://cdn.islamic.network/quran/audio/64/ar.alafasy/4628.mp3"
                    ]
                },
                "tafsir": {
                    "id": {
                        "short": "Katakanlah, wahai Nabi Muhammad, kepada orang-orang Badui yang mengaku beriman itu,“Apakah kamu akan memberitahukan kepada Allah dan menjelaskan tentang agamamu serta keyakinanmu seperti yang engkau katakan kepada Nabi, padahal yang demikian itu tidak perlu karena Allah mengetahui apa yang ada di langit dan apa yang ada di bumi dan Allah Maha Mengetahui segala sesuatu.\"",
                        "long": "Allah memerintahkan kepada Rasul-Nya agar bertanya kepada orang-orang Arab Badui itu, apakah mereka akan memberitahukan kepada Allah tentang keyakinannya yang telah tersimpan di dalam hatinya, padahal Allah mengetahui apa yang ada di langit dan apa yang ada di bumi, termasuk apa yang terkandung di dalam hati mereka karena Allah Maha Mengetahui segala sesuatu."
                    }
                }
            },
            {
                "number": {
                    "inQuran": 4629,
                    "inSurah": 17
                },
                "meta": {
                    "juz": 26,
                    "page": 517,
                    "manzil": 6,
                    "ruku": 451,
                    "hizbQuarter": 207,
                    "sajda": {
                        "recommended": false,
                        "obligatory": false
                    }
                },
                "text": {
                    "arab": "يَمُنُّونَ عَلَيْكَ أَنْ أَسْلَمُوا ۖ قُل لَّا تَمُنُّوا عَلَيَّ إِسْلَامَكُم ۖ بَلِ اللَّهُ يَمُنُّ عَلَيْكُمْ أَنْ هَدَاكُمْ لِلْإِيمَانِ إِن كُنتُمْ صَادِقِينَ",
                    "transliteration": {
                        "en": "Yamunnoona 'alaika an aslamoo qul laa tamunnoo 'alaiya Islaamakum balillaahu yamunnu 'alaikum an hadaakum lil eemaani in kuntum saadiqeen"
                    }
                },
                "translation": {
                    "en": "They consider it a favor to you that they have accepted Islam. Say, \"Do not consider your Islam a favor to me. Rather, Allah has conferred favor upon you that He has guided you to the faith, if you should be truthful.\"",
                    "id": "Mereka merasa berjasa kepadamu dengan keislaman mereka. Katakanlah, “Janganlah kamu merasa berjasa kepadaku dengan keislamanmu, sebenarnya Allah yang melimpahkan nikmat kepadamu dengan menunjukkan kamu kepada keimanan, jika kamu orang yang benar.”"
                },
                "audio": {
                    "primary": "https://cdn.alquran.cloud/media/audio/ayah/ar.alafasy/4629",
                    "secondary": [
                        "https://cdn.islamic.network/quran/audio/128/ar.alafasy/4629.mp3",
                        "https://cdn.islamic.network/quran/audio/64/ar.alafasy/4629.mp3"
                    ]
                },
                "tafsir": {
                    "id": {
                        "short": "Mereka tidak ragu-ragu mengaku bahwa mereka merasa berjasa telah memberi nikmat kepadamu, yakni kepada Nabi Muhammad, dengan keislaman mereka. Maka kepada Nabi diperintahkan untuk mengatakan kepada mereka: Katakanlah, “Janganlah kamu merasa berjasa kepadaku dengan keislamanmu, sebab manfaat keislamanmu bukan kepadaku tetapi untuk kamu sendiri dan sebenarnya Allah yang melimpahkan nikmat kepadamu dengan menunjukkan kamu kepada keimanan, jika kamu orang yang benar dalam ucapanmu.” Sungguh, Allah senantiasa mengetahui apa yang gaib di langit dan di bumi. Dan Allah senantiasa Maha Melihat apa yang kamu kerjakan. -",
                        "long": "Allah menjelaskan bahwa orang-orang Arab Badui itu merasa telah memberi nikmat kepada Rasulullah saw. Mereka menganggap bahwa keislaman dan ketundukan mereka kepada Nabi Muhammad itu harus dipandang suatu nikmat yang harus disyukuri oleh Nabi. Kemudian Allah memerintahkan kepada rasul-Nya supaya membantah ucapan mereka yang selalu menonjol-nonjolkan pemberian nikmat karena sesungguhnya hanya Allah yang melimpahkan nikmat kepada mereka dengan menunjuki mereka keimanan, jika mereka sungguh-sungguh menjadi orang-orang yang benar imannya."
                    }
                }
            },
            {
                "number": {
                    "inQuran": 4630,
                    "inSurah": 18
                },
                "meta": {
                    "juz": 26,
                    "page": 517,
                    "manzil": 6,
                    "ruku": 451,
                    "hizbQuarter": 207,
                    "sajda": {
                        "recommended": false,
                        "obligatory": false
                    }
                },
                "text": {
                    "arab": "إِنَّ اللَّهَ يَعْلَمُ غَيْبَ السَّمَاوَاتِ وَالْأَرْضِ ۚ وَاللَّهُ بَصِيرٌ بِمَا تَعْمَلُونَ",
                    "transliteration": {
                        "en": "Innal laaha ya'lamu ghaibas samaawaati wal ard; wallaahu baseerum bimaa ta'maloon"
                    }
                },
                "translation": {
                    "en": "Indeed, Allah knows the unseen [aspects] of the heavens and the earth. And Allah is Seeing of what you do.",
                    "id": "Sungguh, Allah mengetahui apa yang gaib di langit dan di bumi. Dan Allah Maha Melihat apa yang kamu kerjakan."
                },
                "audio": {
                    "primary": "https://cdn.alquran.cloud/media/audio/ayah/ar.alafasy/4630",
                    "secondary": [
                        "https://cdn.islamic.network/quran/audio/128/ar.alafasy/4630.mp3",
                        "https://cdn.islamic.network/quran/audio/64/ar.alafasy/4630.mp3"
                    ]
                },
                "tafsir": {
                    "id": {
                        "short": "-1. Qàf. Allah bersumpah dengan kitab-Nya : Demi Al-Qur’an yang mulia.",
                        "long": "Sesungguhnya Allah-lah Yang Maha Mengetahui apa-apa yang gaib di langit dan di bumi. Dia-lah yang melihat apa yang tersembunyi di dalam hati, dan apa yang diucapkan oleh lidah karena Allah Maha Melihat apa yang dikerjakan oleh seluruh hamba-hamba-Nya."
                    }
                }
            }
        ]
    }
}