{
    "code": 200,
    "status": "OK.",
    "message": "Success fetching surah.",
    "data": {
        "number": 63,
        "sequence": 104,
        "numberOfVerses": 11,
        "name": {
            "short": "المنافقون",
            "long": "سورة المنافقون",
            "transliteration": {
                "en": "Al-Munaafiqoon",
                "id": "Al-Munafiqun"
            },
            "translation": {
                "en": "The Hypocrites",
                "id": "Orang-Orang Munafik"
            }
        },
        "revelation": {
            "arab": "مدينة",
            "en": "Medinan",
            "id": "Madaniyyah"
        },
        "tafsir": {
            "id": "Surat ini terdiri atas 11 ayat, termasuk golongan surat-surat Madaniyyah, diturunkan sesudah surat Al Hajj. Surat ini dinamai Al-Munaafiquun  yang artinya orang-orang munafik, karena surat ini mengungkapkan  sifat-sifat orang-orang munafik."
        },
        "preBismillah": {
            "text": {
                "arab": "بِسْمِ اللَّهِ الرَّحْمَٰنِ الرَّحِيمِ",
                "transliteration": {
                    "en": "Bismillaahir Rahmaanir Raheem"
                }
            },
            "translation": {
                "en": "In the name of Allah, the Entirely Merciful, the Especially Merciful.",
                "id": "Dengan nama Allah Yang Maha Pengasih, Maha Penyayang."
            },
            "audio": {
                "primary": "https://cdn.alquran.cloud/media/audio/ayah/ar.alafasy/1",
                "secondary": [
                    "https://cdn.islamic.network/quran/audio/128/ar.alafasy/1.mp3",
                    "https://cdn.islamic.network/quran/audio/64/ar.alafasy/1.mp3"
                ]
            }
        },
        "verses": [
            {
                "number": {
                    "inQuran": 5189,
                    "inSurah": 1
                },
                "meta": {
                    "juz": 28,
                    "page": 554,
                    "manzil": 7,
                    "ruku": 488,
                    "hizbQuarter": 221,
                    "sajda": {
                        "recommended": false,
                        "obligatory": false
                    }
                },
                "text": {
                    "arab": "إِذَا جَاءَكَ الْمُنَافِقُونَ قَالُوا نَشْهَدُ إِنَّكَ لَرَسُولُ اللَّهِ ۗ وَاللَّهُ يَعْلَمُ إِنَّكَ لَرَسُولُهُ وَاللَّهُ يَشْهَدُ إِنَّ الْمُنَافِقِينَ لَكَاذِبُونَ",
                    "transliteration": {
                        "en": "Izaa jaaa'akal munaafiqoona qaaloo nashhadu innaka la rasoolul laah; wallaahu ya'lamu innaka la rasooluhoo wallaahu yashhadu innal munaafiqeena lakaaziboon"
                    }
                },
                "translation": {
                    "en": "When the hypocrites come to you, [O Muhammad], they say, \"We testify that you are the Messenger of Allah.\" And Allah knows that you are His Messenger, and Allah testifies that the hypocrites are liars.",
                    "id": "Apabila orang-orang munafik datang kepadamu (Muhammad), mereka berkata, “Kami mengakui, bahwa engkau adalah Rasul Allah.” Dan Allah mengetahui bahwa engkau benar-benar Rasul-Nya; dan Allah menyaksikan bahwa orang-orang munafik itu benar-benar pendusta."
                },
                "audio": {
                    "primary": "https://cdn.alquran.cloud/media/audio/ayah/ar.alafasy/5189",
                    "secondary": [
                        "https://cdn.islamic.network/quran/audio/128/ar.alafasy/5189.mp3",
                        "https://cdn.islamic.network/quran/audio/64/ar.alafasy/5189.mp3"
                    ]
                },
                "tafsir": {
                    "id": {
                        "short": "Apabila orang-orang munafik di Madinah datang kepadamu Muhammad, lalu mereka berkata di hadapanmu, “Kami mengakui bahwa engkau adalah Rasul Allah,” untuk menunjukkan bahwa mereka beriman kepada Allah dan Rasul-Nya, maka janganlah engkau percaya terhadap ucapan mereka. Dan sebaliknya yakinlah, Allah mengetahui bahwa engkau benar-benar Rasul-Nya dengan menurunkan wahyu dan melindungimu; dan Allah menyaksikan dengan menunjukkan bukti kepada kamu bahwa orang-orang munafik itu benar-benar pendusta tentang pengakuannya bahwa mereka beriman kepada Allah dan Rasul-Nya.",
                        "long": "Allah menerangkan bahwa apabila orang-orang munafik hadir pada majelis Nabi saw, di antaranya 'Abdullah bin Ubay, mereka mengakui dengan pengakuan yang tidak mengandung keraguan sedikit pun bahwa Muhammad saw itu benar-benar rasul dari sisi Allah, telah diberi wahyu, dan diturunkan kepadanya kitab Al-Qur'an sebagai rahmat kepada hamba-hamba Allah. Allah sebelumnya telah menandaskan bahwa Muhammad itu adalah rasul atau utusan-Nya kepada manusia seluruhnya, memberi kabar gembira dan ancaman untuk menyelamatkan mereka dari kesesatan, dan membawa mereka kepada petunjuk yang benar. Allah mengetahui kebohongan orang-orang munafik itu di dalam pengakuannya. Mereka itu benar-benar lain di mulut lain di hati. Orang munafik adalah orang yang beriman secara lahiriah, tetapi tidak secara batiniah."
                    }
                }
            },
            {
                "number": {
                    "inQuran": 5190,
                    "inSurah": 2
                },
                "meta": {
                    "juz": 28,
                    "page": 554,
                    "manzil": 7,
                    "ruku": 488,
                    "hizbQuarter": 221,
                    "sajda": {
                        "recommended": false,
                        "obligatory": false
                    }
                },
                "text": {
                    "arab": "اتَّخَذُوا أَيْمَانَهُمْ جُنَّةً فَصَدُّوا عَن سَبِيلِ اللَّهِ ۚ إِنَّهُمْ سَاءَ مَا كَانُوا يَعْمَلُونَ",
                    "transliteration": {
                        "en": "Ittakhazoo aymaanahum junnatan fasaddoo 'an sabeelil laah; innahum saaa'a maa kaanoo ya'maloon"
                    }
                },
                "translation": {
                    "en": "They have taken their oaths as a cover, so they averted [people] from the way of Allah. Indeed, it was evil that they were doing.",
                    "id": "Mereka menjadikan sumpah-sumpah mereka sebagai perisai, lalu mereka menghalang-halangi (manusia) dari jalan Allah. Sungguh, betapa buruknya apa yang telah mereka kerjakan."
                },
                "audio": {
                    "primary": "https://cdn.alquran.cloud/media/audio/ayah/ar.alafasy/5190",
                    "secondary": [
                        "https://cdn.islamic.network/quran/audio/128/ar.alafasy/5190.mp3",
                        "https://cdn.islamic.network/quran/audio/64/ar.alafasy/5190.mp3"
                    ]
                },
                "tafsir": {
                    "id": {
                        "short": "Ayat ini menjelaskan salah satu sifat orang munafik. Mereka menjadikan sumpah-sumpah mereka di hadapan Nabi dan orang-orang beriman sebagai perisai, yaitu mereka mengaku beriman hanya untuk menjaga agar diri mereka tidak dibunuh atau ditawan dan harta mereka tidak dirampas, ketika terjadi perang antara orang-orang Islam dengan orang-orang kafir. Setelah keadaan aman, lalu mereka menghalang-halangi masyarakat dari jalan Allah, yaitu dari beriman kepada Allah dan Rasul-Nya. Sungguh, betapa buruknya apa yang telah mereka kerjakan, pura-pura beriman untuk menyelamatkan diri, tetapi berusaha menghalangi masyarakat agar tidak beriman.",
                        "long": "Pada ayat ini, Allah menerangkan bahwa dalam menguatkan pengakuannya yang palsu itu, orang-orang munafik itu berani bersumpah, tetapi hal itu hanya sebagai perisai untuk menyelamatkan diri dari hukuman bunuh, penahanan, atau pengambilan harta benda mereka sebagai ganimah, sebagaimana hukuman yang dijatuhkan kepada orang-orang kafir. Qatadah berkata, \"Setiap akan dijatuhi hukuman terhadap orang-orang munafik atas perbuatannya, mereka mengemukakan sumpah palsu untuk menyelamatkan jiwa, darah, dan harta benda mereka.\" Tindakan mereka tidak terbatas dengan hal itu saja. Mereka juga menghalang-halangi manusia untuk masuk dan menganut agama Islam. \n\nAyat ini ditutup dengan satu ketegasan bahwa perbuatan orang-orang munafik itu adalah perbuatan yang paling jahat. Mereka lebih suka memilih kekafiran daripada iman, dan menampakkan apa yang berbeda dalam hatinya. Di dunia mereka akan kecewa dan di akhirat akan menyesal. Mereka akan dihina di depan khalayak ramai dengan menyatakan kemunafikan mereka kepada orang-orang mukmin di dunia ini. Sedangkan di akhirat, mereka akan dimasukkan ke dalam neraka Jahanam. Sejalan dengan ayat ini firman Allah:\n\nSungguh, orang-orang munafik itu (ditempatkan) pada tingkatan yang paling bawah dari neraka. Dan kamu tidak akan mendapat seorang penolong pun bagi mereka. (an-Nisa'/4: 145)\n\nFirman Allah:\n\nAllah menjanjikan (mengancam) orang-orang munafik laki-laki dan perempuan dan orang-orang kafir dengan neraka Jahanam. Mereka kekal di dalamnya. Cukuplah (neraka) itu bagi mereka. Allah melaknat mereka; dan mereka mendapat azab yang kekal. (at-Taubah/9: 68)"
                    }
                }
            },
            {
                "number": {
                    "inQuran": 5191,
                    "inSurah": 3
                },
                "meta": {
                    "juz": 28,
                    "page": 554,
                    "manzil": 7,
                    "ruku": 488,
                    "hizbQuarter": 221,
                    "sajda": {
                        "recommended": false,
                        "obligatory": false
                    }
                },
                "text": {
                    "arab": "ذَٰلِكَ بِأَنَّهُمْ آمَنُوا ثُمَّ كَفَرُوا فَطُبِعَ عَلَىٰ قُلُوبِهِمْ فَهُمْ لَا يَفْقَهُونَ",
                    "transliteration": {
                        "en": "Zaalika bi annahum aamanoo summa kafaroo fatubi'a 'alaa quloobihim fahum laa yafqahoon"
                    }
                },
                "translation": {
                    "en": "That is because they believed, and then they disbelieved; so their hearts were sealed over, and they do not understand.",
                    "id": "Yang demikian itu karena sesungguhnya mereka telah beriman, kemudian menjadi kafir, maka hati mereka dikunci, sehingga mereka tidak dapat mengerti."
                },
                "audio": {
                    "primary": "https://cdn.alquran.cloud/media/audio/ayah/ar.alafasy/5191",
                    "secondary": [
                        "https://cdn.islamic.network/quran/audio/128/ar.alafasy/5191.mp3",
                        "https://cdn.islamic.network/quran/audio/64/ar.alafasy/5191.mp3"
                    ]
                },
                "tafsir": {
                    "id": {
                        "short": "Orang-orang munafik melakukan perbuatan keji yang demikian itu karena sesungguhnya mereka telah mengaku beriman secara lisan, kemudian menjadi kafir, karena iman mereka hanya di mulut; maka hati mereka dikunci oleh diri mereka sendiri sehingga mereka tidak dapat mengerti pentingnya iman dan iman pun tidak akan pernah masuk ke dalam hati mereka karena terkunci.",
                        "long": "Pada ayat ini, Allah menerangkan bahwa perbuatan jahat dan hina orang-orang munafik itu adalah karena mereka itu menampakkan iman pada lahiriahnya, kemudian mereka kafir dan ingkar dalam batinnya. Mereka itu tadinya memang beriman, lalu mereka kafir dan menyembunyikan kekafirannya yang menyebabkan hati mereka dikunci mati sehingga tidak dapat lagi memahami dan mengetahui mana yang baik, mana yang buruk, dan sebagainya. Akhirnya mereka itu tidak ada bedanya dengan orang-orang yang bisu, tuli, dan buta, sebagaimana disebutkan di dalam firman Allah:\n\nDan perumpamaan bagi (penyeru) orang yang kafir adalah seperti (penggembala) yang meneriaki (binatang) yang tidak mendengar selain panggilan dan teriakan. (Mereka) tuli, bisu, dan buta, maka mereka tidak mengerti. (al-Baqarah/2: 171)"
                    }
                }
            },
            {
                "number": {
                    "inQuran": 5192,
                    "inSurah": 4
                },
                "meta": {
                    "juz": 28,
                    "page": 554,
                    "manzil": 7,
                    "ruku": 488,
                    "hizbQuarter": 222,
                    "sajda": {
                        "recommended": false,
                        "obligatory": false
                    }
                },
                "text": {
                    "arab": "۞ وَإِذَا رَأَيْتَهُمْ تُعْجِبُكَ أَجْسَامُهُمْ ۖ وَإِن يَقُولُوا تَسْمَعْ لِقَوْلِهِمْ ۖ كَأَنَّهُمْ خُشُبٌ مُّسَنَّدَةٌ ۖ يَحْسَبُونَ كُلَّ صَيْحَةٍ عَلَيْهِمْ ۚ هُمُ الْعَدُوُّ فَاحْذَرْهُمْ ۚ قَاتَلَهُمُ اللَّهُ ۖ أَنَّىٰ يُؤْفَكُونَ",
                    "transliteration": {
                        "en": "Wa izaa ra aytahum tu'jibuka ajsaamuhum wa iny yaqooloo tasma' liqawlihim kaannahum khushubum musannadah; yahsaboona kulla saihatin 'alaihim; humul 'aduwwu fahzarhum; qaatalahumul laahu annaa yu'fakoon"
                    }
                },
                "translation": {
                    "en": "And when you see them, their forms please you, and if they speak, you listen to their speech. [They are] as if they were pieces of wood propped up - they think that every shout is against them. They are the enemy, so beware of them. May Allah destroy them; how are they deluded?",
                    "id": "Dan apabila engkau melihat mereka, tubuh mereka mengagumkanmu. Dan jika mereka berkata, engkau mendengarkan tutur-katanya. Mereka seakan-akan kayu yang tersandar. Mereka mengira bahwa setiap teriakan ditujukan kepada mereka. Mereka itulah musuh (yang sebenarnya), maka waspadalah terhadap mereka; Allah membinasakan mereka. Bagaimanakah mereka dapat dipalingkan (dari kebenaran)?"
                },
                "audio": {
                    "primary": "https://cdn.alquran.cloud/media/audio/ayah/ar.alafasy/5192",
                    "secondary": [
                        "https://cdn.islamic.network/quran/audio/128/ar.alafasy/5192.mp3",
                        "https://cdn.islamic.network/quran/audio/64/ar.alafasy/5192.mp3"
                    ]
                },
                "tafsir": {
                    "id": {
                        "short": "Dan apabila engkau, Nabi Muhammad, melihat mereka secara lahiriah, tubuh mereka akan mengagumkanmu, karena penampilan mereka menarik. Dan jika mereka berkata tentang agama dan kemasyarakatan, engkau akan mendengarkan tutur-katanya baik dan benar seperti orang bijak. Mereka seakan-akan kayu yang tersandar, benda yang memiliki bentuk, tetapi tak bernyawa, penampilan mereka menarik dan pandai berorasi, tetapi otak mereka kosong tidak dapat memahami kebenaran. Mereka mengira bahwa setiap teriakan, yakni ungkapan amar makruf dan nahi mungkar yang diucapkan Rasulullah dan para sahabat, ditujukan kepada mereka, karena hati kecil mereka merasa dan menyadari kesalahan mereka. Mereka itulah musuh yang sebenarnya, jika topeng mereka dibuka. Maka waspadalah terhadap mereka, wahai Nabi dan orang-orang beriman; Allah membinasakan mereka di dunia melalui tanganmu dan di akhirat dengan dimasukkan ke dalam neraka. Bagaimanakah mereka dapat dipalingkan dari iman, padahal mereka menyaksikan turunnya Al-Qur’an kepada Nabi?",
                        "long": "Pada ayat ini, Allah menerangkan bahwa orang-orang munafik itu terlihat sangat menakjubkan. Tubuh mereka tegap-tegap, simpatik, dan lancar berbicara serta mengasyikkan. Apabila mereka berkata, orang senang mendengarnya karena tutur bahasanya yang teratur, menarik, dan tidak membosankan. Mereka tidak ubahnya seperti kayu yang tersandar, benda yang mempunyai bentuk, tetapi tidak bernyawa. Ini biasa dipakai sebagai perumpamaan bagi orang yang kelihatannya bagus, tetapi amal perbuatannya jelek. Lahiriahnya elok, tetapi hatinya busuk, tidak ubahnya dengan kayu yang di dalamnya kosong melompong, kelihatannya indah, tetapi tidak dapat digunakan, tidak dapat diharapkan daripadanya hal yang baik dan bermanfaat. \n\nSetiap ada kata-kata yang sifatnya amar ma'ruf nahi mungkar, mereka menyangka bahwa kata-kata itu ditujukan kepadanya. Mereka takut kalau-kalau kedudukan dan pangkatnya terancam dan rahasianya terbongkar. Cercaan dan cemoohan terhadap mereka akan datang dan mereka akan menjadi bulan-bulanan. Allah berfirman:\n\nMereka kikir terhadapmu. Apabila datang ketakutan (bahaya), kamu lihat mereka itu memandang kepadamu dengan mata yang terbalik-balik seperti orang yang pingsan karena akan mati, dan apabila ketakutan telah hilang, mereka mencaci kamu dengan lidah yang tajam. (al-Ahzab/33: 19)\n\nMereka itu sebenarnya adalah musuh, karena itu berhati-hatilah menghadapinya, jangan terpengaruh dengan keramah-tamahan mereka, dan jangan termakan dengan bujuk rayu mereka. Mereka kelihatan tersenyum, tetapi di dalam hatinya terpendam dendam yang mendalam, iktikad jahat yang membawa maut. Mereka itu dilaknat Allah dan jauh dari rahmat-Nya, karena perbuatan mereka yang sangat jahat. Penerangan dan penjelasan tentang kebenaran telah cukup diberikan kepada mereka, tetapi mereka itu membuang kebenaran itu, dan melaksanakan kebatilan yang dilarang oleh Allah"
                    }
                }
            },
            {
                "number": {
                    "inQuran": 5193,
                    "inSurah": 5
                },
                "meta": {
                    "juz": 28,
                    "page": 555,
                    "manzil": 7,
                    "ruku": 488,
                    "hizbQuarter": 222,
                    "sajda": {
                        "recommended": false,
                        "obligatory": false
                    }
                },
                "text": {
                    "arab": "وَإِذَا قِيلَ لَهُمْ تَعَالَوْا يَسْتَغْفِرْ لَكُمْ رَسُولُ اللَّهِ لَوَّوْا رُءُوسَهُمْ وَرَأَيْتَهُمْ يَصُدُّونَ وَهُم مُّسْتَكْبِرُونَ",
                    "transliteration": {
                        "en": "Wa izaa qeela lahum ta'aalaw yastaghfir lakum rasoolul laahi lawwaw ru'oo sahum wa ra aytahum yasuddoona wa hum mustakbiroon"
                    }
                },
                "translation": {
                    "en": "And when it is said to them, \"Come, the Messenger of Allah will ask forgiveness for you,\" they turn their heads aside and you see them evading while they are arrogant.",
                    "id": "Dan apabila dikatakan kepada mereka, “Marilah (beriman), agar Rasulullah memohonkan ampunan bagimu,” mereka membuang muka dan engkau lihat mereka berpaling dengan menyombongkan diri."
                },
                "audio": {
                    "primary": "https://cdn.alquran.cloud/media/audio/ayah/ar.alafasy/5193",
                    "secondary": [
                        "https://cdn.islamic.network/quran/audio/128/ar.alafasy/5193.mp3",
                        "https://cdn.islamic.network/quran/audio/64/ar.alafasy/5193.mp3"
                    ]
                },
                "tafsir": {
                    "id": {
                        "short": "Ayat ini menjelaskan penolakan orang-orang munafik, apabila diajak beriman dan memohon ampun kepada Allah. Dan apabila dikatakan kepada mereka dalam berbagai kesempatan, “Marilah beriman kepada Allah dan Rasul-Nya, agar Rasulullah memohonkan ampunan bagimu dari segala kesalahan kamu,” mereka membuang muka, karena keengganan mereka untuk beriman; dan engkau lihat mereka berpaling dari ajakanmu dengan menyombongkan diri, karena merasa dirinya hebat.",
                        "long": "Orang-orang munafik itu apabila diajak mendatangi Rasulullah saw agar beliau memintakan ampunan kepada Allah atas dosa-dosa yang telah diperbuat, mereka itu menolak mentah-mentah ajakan itu. Mereka memalingkan mukanya dengan gaya yang menunjukkan keangkuhan dan kesombongan. Hal ini disebutkan pula dalam firman Allah:\n\nDan apabila dikatakan kepada mereka, “Marilah (patuh) kepada apa yang telah diturunkan Allah dan (patuh) kepada Rasul,” (niscaya) engkau (Muhammad) melihat orang munafik menghalangi dengan keras darimu. (an-Nisa'/4: 61)"
                    }
                }
            },
            {
                "number": {
                    "inQuran": 5194,
                    "inSurah": 6
                },
                "meta": {
                    "juz": 28,
                    "page": 555,
                    "manzil": 7,
                    "ruku": 488,
                    "hizbQuarter": 222,
                    "sajda": {
                        "recommended": false,
                        "obligatory": false
                    }
                },
                "text": {
                    "arab": "سَوَاءٌ عَلَيْهِمْ أَسْتَغْفَرْتَ لَهُمْ أَمْ لَمْ تَسْتَغْفِرْ لَهُمْ لَن يَغْفِرَ اللَّهُ لَهُمْ ۚ إِنَّ اللَّهَ لَا يَهْدِي الْقَوْمَ الْفَاسِقِينَ",
                    "transliteration": {
                        "en": "Sawaaa'un 'alaihim as taghfarta lahum am lam tastaghfir lahum lany yaghfiral laahu lahum; innal laaha laa yahdil qawmal faasiqeen"
                    }
                },
                "translation": {
                    "en": "It is all the same for them whether you ask forgiveness for them or do not ask forgiveness for them; never will Allah forgive them. Indeed, Allah does not guide the defiantly disobedient people.",
                    "id": "Sama saja bagi mereka, engkau (Muhammad) mohonkan ampunan untuk mereka atau tidak engkau mohonkan ampunan bagi mereka, Allah tidak akan mengampuni mereka; sesungguhnya Allah tidak akan memberi petunjuk kepada orang-orang yang fasik."
                },
                "audio": {
                    "primary": "https://cdn.alquran.cloud/media/audio/ayah/ar.alafasy/5194",
                    "secondary": [
                        "https://cdn.islamic.network/quran/audio/128/ar.alafasy/5194.mp3",
                        "https://cdn.islamic.network/quran/audio/64/ar.alafasy/5194.mp3"
                    ]
                },
                "tafsir": {
                    "id": {
                        "short": "Allah mengingatkan Nabi bahwa sama saja bagi mereka, orang munafik yang tetap dalam kemunafikannya hingga mati, apakah engkau wahai Nabi Muhammad memohonkan ampunan untuk mereka, atau engkau tidak memohonkan ampunan bagi mereka, Allah tetap saja tidak akan mengampuni mereka yang mati dalam keadaan munafik; sesungguhnya Allah tidak akan memberi petunjuk kepada orang-orang yang fasik, yaitu orang-orang yang terus menerus berbuat dosa hingga pikiran dan mereka tertutup dari cahaya Allah.",
                        "long": "Allah menerangkan bahwa bagi orang-orang munafik, dimintakan ampunan atau tidak, sama saja. Allah tidak akan mengampuni mereka. Dia telah menetapkan mereka termasuk orang-orang yang celaka karena perbuatan mereka yang bergelimang dosa dan menunjukkan dengan jelas kemunafikan serta keingkaran di dalam hati mereka yang disembunyikan. Allah tidak akan memberi petunjuk kepada orang-orang fasik yang kerjanya hanya berbuat jahat, tidak memperhatikan nasihat-nasihat yang baik, dan tidak akan menyadari peringatan yang diberikan kepadanya. Perkataannya penuh kebohongan dan keingkaran yang keterlaluan, sebagaimana Allah berfirman:\n\nSungguh, Allah tidak memberi petunjuk kepada pendusta dan orang yang sangat ingkar. (az-Zumar/39: 3)\n\nFirman Allah:\n\nSesungguhnya Allah tidak memberi petunjuk kepada orang yang melampaui batas dan pendusta. (Gafir/40: 28)\n\nDan firman Allah:\n\n(Sama saja) engkau (Muhammad) memohonkan ampunan bagi mereka atau tidak memohonkan ampunan bagi mereka. Walaupun engkau memohonkan ampunan bagi mereka tujuh puluh kali, Allah tidak akan memberi ampunan kepada mereka. Yang demikian itu karena mereka ingkar (kafir) kepada Allah dan rasul-Nya. Dan Allah tidak memberi petunjuk kepada orang-orang yang fasik. (at-Taubah/9: 80)"
                    }
                }
            },
            {
                "number": {
                    "inQuran": 5195,
                    "inSurah": 7
                },
                "meta": {
                    "juz": 28,
                    "page": 555,
                    "manzil": 7,
                    "ruku": 488,
                    "hizbQuarter": 222,
                    "sajda": {
                        "recommended": false,
                        "obligatory": false
                    }
                },
                "text": {
                    "arab": "هُمُ الَّذِينَ يَقُولُونَ لَا تُنفِقُوا عَلَىٰ مَنْ عِندَ رَسُولِ اللَّهِ حَتَّىٰ يَنفَضُّوا ۗ وَلِلَّهِ خَزَائِنُ السَّمَاوَاتِ وَالْأَرْضِ وَلَٰكِنَّ الْمُنَافِقِينَ لَا يَفْقَهُونَ",
                    "transliteration": {
                        "en": "Humul lazeena yaqooloona laa tunfiqoo 'alaa man inda Rasoolil laahi hatta yanfaddoo; wa lillaahi khazaaa' inus samaawaati wal ardi wa laakinnal munaafiqeena la yafqahoon"
                    }
                },
                "translation": {
                    "en": "They are the ones who say, \"Do not spend on those who are with the Messenger of Allah until they disband.\" And to Allah belongs the depositories of the heavens and the earth, but the hypocrites do not understand.",
                    "id": "Mereka yang berkata (kepada orang-orang Ansar), “Janganlah kamu bersedekah kepada orang-orang (Muhajirin) yang ada di sisi Rasulullah sampai mereka bubar (meninggalkan Rasulullah).” Padahal milik Allah-lah perbendaharaan langit dan bumi, tetapi orang-orang munafik itu tidak memahami."
                },
                "audio": {
                    "primary": "https://cdn.alquran.cloud/media/audio/ayah/ar.alafasy/5195",
                    "secondary": [
                        "https://cdn.islamic.network/quran/audio/128/ar.alafasy/5195.mp3",
                        "https://cdn.islamic.network/quran/audio/64/ar.alafasy/5195.mp3"
                    ]
                },
                "tafsir": {
                    "id": {
                        "short": "Mereka itulah, yakni orang-orang munafik di Madinah yang berkata dengan pentuh hasutan kepada orang-orang Ansar, “Janganlah kamu bersedekah kepada orang-orang yang ada di sisi Rasulullah yaitu kaum Muhajirin sampai mereka bubar, meninggalkan Rasulullah agar umat Islam pecah dan lemah.” Padahal milik Allah-lah perbendaharaan langit dan bumi yang menjamin rezeki setiap orang, tetapi orang-orang munafik itu tidak memahami bahwa rezeki, hidup, dan mati setiap makhluk berada di tangan Allah.",
                        "long": "Allah menjelaskan bahwa orang-orang munafik itu selalu menganjurkan agar orang-orang Ansar tidak memberi nafkah kepada orang-orang Muhajirin yang datang bersama-sama Muhammad saw dari Mekah dan membiarkan mereka menderita kelaparan, sehingga mereka akan meninggalkan Nabi saw. Anjuran dan anggapan orang-orang munafik itu keliru. Mereka tidak mengetahui bahwa semua yang ada di langit dan di bumi adalah kepunyaan Allah. Di tangan-Nya-lah kunci perbendaharaan rezeki manusia. Tidak seorang pun yang dapat memberikan sesuatu kepada yang lain kecuali dengan kehendak-Nya. Mereka tidak mau memahami sunatullah yang berlaku bagi makhluk-makhluk-Nya. Allah telah menjamin rezeki hamba-hamba-Nya di mana pun mereka berada. Setiap mereka bekerja dan berusaha, mereka akan memperoleh rezekinya."
                    }
                }
            },
            {
                "number": {
                    "inQuran": 5196,
                    "inSurah": 8
                },
                "meta": {
                    "juz": 28,
                    "page": 555,
                    "manzil": 7,
                    "ruku": 488,
                    "hizbQuarter": 222,
                    "sajda": {
                        "recommended": false,
                        "obligatory": false
                    }
                },
                "text": {
                    "arab": "يَقُولُونَ لَئِن رَّجَعْنَا إِلَى الْمَدِينَةِ لَيُخْرِجَنَّ الْأَعَزُّ مِنْهَا الْأَذَلَّ ۚ وَلِلَّهِ الْعِزَّةُ وَلِرَسُولِهِ وَلِلْمُؤْمِنِينَ وَلَٰكِنَّ الْمُنَافِقِينَ لَا يَعْلَمُونَ",
                    "transliteration": {
                        "en": "Yaqooloona la'ir raja'naaa ilal madeenati la yukhrijanal a'azzu minhal azall; wa lillaahil 'izzatu wa li Rasoolihee wa lilmu'mineena wa laakinnal munaafiqeena laa ya'lamoon"
                    }
                },
                "translation": {
                    "en": "They say, \"If we return to al-Madinah, the more honored [for power] will surely expel therefrom the more humble.\" And to Allah belongs [all] honor, and to His Messenger, and to the believers, but the hypocrites do not know.",
                    "id": "Mereka berkata, “Sungguh, jika kita kembali ke Madinah (kembali dari perang Bani Mustalik), pastilah orang yang kuat akan mengusir orang-orang yang lemah dari sana.” Padahal kekuatan itu hanyalah bagi Allah, Rasul-Nya dan bagi orang-orang mukmin, tetapi orang-orang munafik itu tidak mengetahui."
                },
                "audio": {
                    "primary": "https://cdn.alquran.cloud/media/audio/ayah/ar.alafasy/5196",
                    "secondary": [
                        "https://cdn.islamic.network/quran/audio/128/ar.alafasy/5196.mp3",
                        "https://cdn.islamic.network/quran/audio/64/ar.alafasy/5196.mp3"
                    ]
                },
                "tafsir": {
                    "id": {
                        "short": "Mereka berkata kepada sesama orang munafik, “Sungguh, jika kita kembali ke Madinah seusai perang Bani Mustalik, yaitu perang yang diiikuti orang-orang munafik bersama kaum muslim, pastilah orang yang kuat, yaitu orang-orang munafik akan mengusir orang-orang yang lemah, yakni kaum muslim dari sana, Madinah.” Padahal kekuatan itu hakikatnya hanyalah milik Allah, Rasul-Nya, dan milik orang-orang mukmin, selama mereka bersatu dan memiliki mental kejuangan, tetapi orang-orang munafik itu tidak mengetahui bahwa yang lemah itu mereka dan yang kuat itu Rasulullah bersama para sahabat.",
                        "long": "Pada ayat ini, Allah menerangkan bahwa 'Abdullah bin Ubay dan pengikut-pengikutnya merencanakan apabila kembali ke Medinah dari peperangan Bani Musthaliq, mereka akan mengusir orang-orang mukmin dari Medinah. Mereka merasa dan menganggap bahwa merekalah yang kuat, perkasa, dan mulia, sedangkan orang-orang mukmin itu lemah dan hina. Mereka tidak menyadari bahwa kekuatan, keperkasaan, dan kemuliaan berada di tangan Allah dan rasul-Nya, serta orang-orang mukmin yang telah dimuliakan-Nya. \n\nDiriwayatkan bahwa 'Abdullah putra 'Abdullah bin Ubay adalah orang yang benar-benar beriman. Ia pernah mencabut pedang mengancam ayahnya, 'Abdullah bin Ubay, ketika mereka sudah dekat di Medinah dan berkata, \"Demi Allah, saya tidak akan memasukkan pedangku ini ke dalam sarungnya, sehingga engkau mengucapkan, 'Bahwa Muhammad itulah yang mulia dan sayalah yang hina.\" 'Abdullah putra 'Abdullah bin Ubay tetap pada sikapnya, sehingga ayahnya mengucapkan pengakuan tersebut yaitu Muhammadlah yang mulia dan dia yang hina. \n\nOrang-orang munafik tidak mengetahui bahwa sesungguhnya kemuliaan itu ada pada Allah, rasul-Nya, dan orang-orang mukmin. Kemenangan terakhir ada pada orang-orang yang bertakwa dan Allah akan memberi pertolongan kepada orang-orang yang menegakkan agama-Nya, sebagaimana diterangkan dalam ayat lain:\n\nAllah telah menetapkan, \"Aku dan rasul-rasul-Ku pasti menang.\" Sungguh, Allah Mahakuat, Mahaperkasa. (al-Mujadalah/58: 21)"
                    }
                }
            },
            {
                "number": {
                    "inQuran": 5197,
                    "inSurah": 9
                },
                "meta": {
                    "juz": 28,
                    "page": 555,
                    "manzil": 7,
                    "ruku": 489,
                    "hizbQuarter": 222,
                    "sajda": {
                        "recommended": false,
                        "obligatory": false
                    }
                },
                "text": {
                    "arab": "يَا أَيُّهَا الَّذِينَ آمَنُوا لَا تُلْهِكُمْ أَمْوَالُكُمْ وَلَا أَوْلَادُكُمْ عَن ذِكْرِ اللَّهِ ۚ وَمَن يَفْعَلْ ذَٰلِكَ فَأُولَٰئِكَ هُمُ الْخَاسِرُونَ",
                    "transliteration": {
                        "en": "Yaaa ayyuhal lazeena aamanoo la tulhikum amwaalukum wa laa awlaadukum 'anzikril laah; wa mai-yaf'al zaalika fa-ulaaa'ika humul khaasiroon"
                    }
                },
                "translation": {
                    "en": "O you who have believed, let not your wealth and your children divert you from remembrance of Allah. And whoever does that - then those are the losers.",
                    "id": "Wahai orang-orang yang beriman! Janganlah harta bendamu dan anak-anakmu melalaikan kamu dari mengingat Allah. Dan barangsiapa berbuat demikian, maka mereka itulah orang-orang yang rugi."
                },
                "audio": {
                    "primary": "https://cdn.alquran.cloud/media/audio/ayah/ar.alafasy/5197",
                    "secondary": [
                        "https://cdn.islamic.network/quran/audio/128/ar.alafasy/5197.mp3",
                        "https://cdn.islamic.network/quran/audio/64/ar.alafasy/5197.mp3"
                    ]
                },
                "tafsir": {
                    "id": {
                        "short": "Pada ayat ini Allah mengingatkan orang-orang beriman agar kesibukan mengurus harta dan memperhatikan urusan anak tidak menghalangi ibadah kepada Allah. Wahai orang-orang yang beriman di mana pun berada! Janganlah harta bendamu yang kamu cari dan anak-anakmu yang kamu sayangi, melalaikan kamu dari mengingat Allah, yakni salat lima waktu dan aturan-aturan Allah tentang bekerja, bermasyarakat, dan bernegara. Dan barang siapa berbuat demikian, melalaikan ibadah dan aturan Allah, maka mereka itulah orang-orang yang rugi, karena kebutuhan ruhaninya tidak terpenuhi dan hidupnya tidak seimbang.",
                        "long": "Allah mengingatkan bahwa kesibukan mengurus harta benda dan memperhatikan persoalan anak-anak jangan membuat manusia lalai dari kewajibannya kepada Allah atau bahkan tidak menunaikannya. Hendaknya perhatian mereka terhadap dunia dan akhirat seimbang, sebagaimana tertuang dalam sebuah riwayat:\n\nBeramallah (amalan duniawi) seperti amalan seseorang yang mengira bahwa ia tidak akan meninggal selama-lamanya. Namun, waspadalah seperti kewaspadaan seseorang yang akan meninggal besok. (Riwayat al-Baihaqi dari Abdullah bin Ibnu 'Amru bin al-'As)\n\nDalam hadis lain, Nabi bersabda:\n\nBukanlah orang yang terbaik di antara kamu seseorang yang meninggalkan (kepentingan) dunianya karena akhirat, dan sebaliknya meninggalkan (kepentingan) akhiratnya karena urusan dunianya, sehingga ia mendapatkan (bagian) keduanya sekaligus, ini dikarenakan kehidupan dunia merupakan wasilah yang menyampaikan ke kehidupan akhirat dan janganlah kamu menjadi beban terhadap orang lain. (Riwayat Ibnu 'Asakir dari Anas bin Malik) \n\nDi sinilah letak keistimewaan dan keunggulan agama yang dibawa oleh junjungan kita Nabi Muhammad saw yaitu agama Islam. Agama yang tidak menghendaki umatnya bersifat materialistis, yang semua pikiran dan usahanya hanya ditujukan untuk mengumpulkan kekayaan dan kenikmatan dunia, seperti halnya orang-orang Yahudi. Islam juga agama yang tidak membenarkan umatnya hanya mementingkan akhirat saja, tenggelam dalam kerohanian, menjauhkan diri dari kelezatan hidup, membujang terus dan tidak kawin, sebagaimana halnya orang-orang Nasrani. Allah berfirman:\n\nWahai anak cucu Adam! Pakailah pakaianmu yang bagus pada setiap (memasuki) masjid, makan dan minumlah, tetapi jangan berlebihan. (al-A'raf/7: 31)\n\nFirman Allah:\n\nKatakanlah (Muhammad), \"Siapakah yang mengharamkan perhiasan dari Allah yang telah disediakan untuk hamba-hamba-Nya dan rezeki yang baik-baik? (al-A'raf/7: 32)\n\nAllah menegaskan pada akhir ayat 9 ini bahwa orang-orang yang sangat mementingkan urusan dunia dan meninggalkan kebahagiaan akhirat, berarti telah mengundang murka Allah. Mereka akan merugi karena menukar sesuatu yang kekal abadi dengan sesuatu yang fana dan hilang lenyap."
                    }
                }
            },
            {
                "number": {
                    "inQuran": 5198,
                    "inSurah": 10
                },
                "meta": {
                    "juz": 28,
                    "page": 555,
                    "manzil": 7,
                    "ruku": 489,
                    "hizbQuarter": 222,
                    "sajda": {
                        "recommended": false,
                        "obligatory": false
                    }
                },
                "text": {
                    "arab": "وَأَنفِقُوا مِن مَّا رَزَقْنَاكُم مِّن قَبْلِ أَن يَأْتِيَ أَحَدَكُمُ الْمَوْتُ فَيَقُولَ رَبِّ لَوْلَا أَخَّرْتَنِي إِلَىٰ أَجَلٍ قَرِيبٍ فَأَصَّدَّقَ وَأَكُن مِّنَ الصَّالِحِينَ",
                    "transliteration": {
                        "en": "Wa anifqoo mim maa razaqnaakum min qabli any-yaatiya ahadakumul mawtu fa yaqoola rabbi law laaa akhkhartaneee ilaaa ajalin qareebin fa assaddaqa wa akum minassaaliheen"
                    }
                },
                "translation": {
                    "en": "And spend [in the way of Allah] from what We have provided you before death approaches one of you and he says, \"My Lord, if only You would delay me for a brief term so I would give charity and be among the righteous.\"",
                    "id": "Dan infakkanlah sebagian dari apa yang telah Kami berikan kepadamu sebelum kematian datang kepada salah seorang di antara kamu; lalu dia berkata (menyesali), “Ya Tuhanku, sekiranya Engkau berkenan menunda (kematian)ku sedikit waktu lagi, maka aku dapat bersedekah dan aku akan termasuk orang-orang yang saleh.”"
                },
                "audio": {
                    "primary": "https://cdn.alquran.cloud/media/audio/ayah/ar.alafasy/5198",
                    "secondary": [
                        "https://cdn.islamic.network/quran/audio/128/ar.alafasy/5198.mp3",
                        "https://cdn.islamic.network/quran/audio/64/ar.alafasy/5198.mp3"
                    ]
                },
                "tafsir": {
                    "id": {
                        "short": "Ayat ini menghimbau orang-orang beriman untuk memfungsikan harta dengan benar. Dan infakkanlah sebagian dari apa yang telah Kami berikan kepadamu untuk kepentingan duafa, fasilitas umum, dan fasilitas sosial sebelum kematian datang kepada salah seorang di antara kamu sehingga kamu tak sempat berinfak; lalu dia berkata setelah kematian terjadi, menyesalinya, “Ya Tuhanku, sekiranya Engkau berkenan menunda kematianku sedikit waktu lagi, maka aku dapat bersedekah dengan hartaku ini dan aku dengan demikian akan termasuk orang-orang yang saleh, karena menjadi dermawan.",
                        "long": "Pada ayat ini, Allah menganjurkan agar orang-orang mukmin membelanjakan sebagian rezeki yang telah dikaruniakan kepadanya, sebagai tanda syukur atas nikmat-Nya. Hal itu bisa berupa menyantuni anak-anak yatim, orang-orang fakir miskin, dan sebagainya. Hal ini merupakan bekal untuk akhirat untuk dinikmati di hari kemudian. Janganlah kekayaan itu hanya ditumpuk untuk diwarisi oleh para ahli waris yang belum tentu akan memanfaatkannya dengan sebaik-baiknya serta mendatangkan kegembiraan, atau untuk disia-siakan yang akan mengakibatkan kekecewaan. Kekayaan yang ada pada seseorang, bagaimanapun banyaknya, hanya tiga macam yang menjadi miliknya, sebagaimana diriwayatkan bahwa Nabi saw bersabda: \n\nMutharrif bin Syu'bah meriwayatkan dari ayahnya berkata, \"Aku mendatangi Nabi saw, sedangkan beliau sedang membaca ayat 'alhakumut-takatsur.\" Lalu Nabi saw bersabda, \"(Ada seorang) manusia mengatakan 'hartaku-hartaku.\" Nabi saw bersabda lagi, \"Wahai manusia, kamu tidaklah memiliki harta (yang kamu kumpulkan), melainkan apa yang kamu makan maka telah habis, apa yang kamu pakai maka telah lusuh, dan apa yang kamu sedekahkan maka telah berlalu.\" (Riwayat Muslim)\n\nMembelanjakan harta benda untuk kemanfaataan dunia dan akhirat, janganlah ditunda-tunda sampai datang sakaratul maut. Dan jangan berandai-andai kalau-kalau umurnya masih bisa diperpanjang atau kematiannya masih bisa ditunda. Ia harus membelanjakan harta bendanya kepada yang diridai Allah, dan beramal baik sehingga ia dapat digolongkan bersama orang-orang yang saleh sebelum ajal tiba, karena apabila ajal telah sampai pada batasnya, tak dapat lagi diubah, dimajukan, atau ditangguhkan."
                    }
                }
            },
            {
                "number": {
                    "inQuran": 5199,
                    "inSurah": 11
                },
                "meta": {
                    "juz": 28,
                    "page": 555,
                    "manzil": 7,
                    "ruku": 489,
                    "hizbQuarter": 222,
                    "sajda": {
                        "recommended": false,
                        "obligatory": false
                    }
                },
                "text": {
                    "arab": "وَلَن يُؤَخِّرَ اللَّهُ نَفْسًا إِذَا جَاءَ أَجَلُهَا ۚ وَاللَّهُ خَبِيرٌ بِمَا تَعْمَلُونَ",
                    "transliteration": {
                        "en": "Wa lany yu 'akhkhiral laahu nafsan izaa jaaa'a ajaluhaa; wallaahu khabeerum bimaa ta'maloon"
                    }
                },
                "translation": {
                    "en": "But never will Allah delay a soul when its time has come. And Allah is Acquainted with what you do.",
                    "id": "Dan Allah tidak akan menunda (kematian) seseorang apabila waktu kematiannya telah datang. Dan Allah Mahateliti apa yang kamu kerjakan."
                },
                "audio": {
                    "primary": "https://cdn.alquran.cloud/media/audio/ayah/ar.alafasy/5199",
                    "secondary": [
                        "https://cdn.islamic.network/quran/audio/128/ar.alafasy/5199.mp3",
                        "https://cdn.islamic.network/quran/audio/64/ar.alafasy/5199.mp3"
                    ]
                },
                "tafsir": {
                    "id": {
                        "short": "Dan Allah tidak akan menunda kematian seseorang apabila waktu kematiannya telah datang dengan memperpanjang hidupnya. Dan Allah Mahateliti dengan cermat tentang apa yang kamu kerjakan.",
                        "long": "Ayat ini menegaskan bahwa Allah tidak akan menunda kematian seseorang apabila telah sampai ajalnya. Oleh karena itu, bersiap-siaplah untuk menghadapi maut itu. Kumpulkanlah sebanyak-banyaknya bekal berupa amal saleh yang akan dibawa dan yang bermanfaat di akhirat nanti. \n\n\n\nFirman Allah:\n\nMaka adapun orang yang berat timbangan (kebaikan)nya, maka dia berada dalam kehidupan yang memuaskan (senang). Dan adapun orang yang ringan timbangan (kebaikan)nya, maka tempat kembalinya adalah neraka Hawiyah. Dan tahukah kamu apakah neraka Hawiyah itu? (Yaitu) api yang sangat panas. (al-Qari'ah/101: 6-11)\n\nAyat yang kesebelas ini ditutup dengan penegasan bahwa Allah itu Maha Mengetahui apa yang diperbuat hamba-Nya. Semua itu akan dibalas di hari kemudian, sesuai dengan amal perbuatannya. Kalau baik dimasukkan ke dalam surga, dan kalau jahat akan dimasukkan ke dalam neraka."
                    }
                }
            }
        ]
    }
}