{
    "code": 200,
    "status": "OK.",
    "message": "Success fetching surah.",
    "data": {
        "number": 64,
        "sequence": 108,
        "numberOfVerses": 18,
        "name": {
            "short": "التغابن",
            "long": "سورة التغابن",
            "transliteration": {
                "en": "At-Taghaabun",
                "id": "At-Tagabun"
            },
            "translation": {
                "en": "Mutual Disillusion",
                "id": "Pengungkapan Kesalahan"
            }
        },
        "revelation": {
            "arab": "مدينة",
            "en": "Medinan",
            "id": "Madaniyyah"
        },
        "tafsir": {
            "id": "Surat ini terdiri atas 18 ayat, termasuk golongan surat-surat Madaniyyah dan diturunkan sesudah surat At Tahrim. Nama At Taghaabun diambil dari kata At Taghaabun yang terdapat pada ayat ke 9 yang artinya hari dinampakkan kesalahan-kesalahan."
        },
        "preBismillah": {
            "text": {
                "arab": "بِسْمِ اللَّهِ الرَّحْمَٰنِ الرَّحِيمِ",
                "transliteration": {
                    "en": "Bismillaahir Rahmaanir Raheem"
                }
            },
            "translation": {
                "en": "In the name of Allah, the Entirely Merciful, the Especially Merciful.",
                "id": "Dengan nama Allah Yang Maha Pengasih, Maha Penyayang."
            },
            "audio": {
                "primary": "https://cdn.alquran.cloud/media/audio/ayah/ar.alafasy/1",
                "secondary": [
                    "https://cdn.islamic.network/quran/audio/128/ar.alafasy/1.mp3",
                    "https://cdn.islamic.network/quran/audio/64/ar.alafasy/1.mp3"
                ]
            }
        },
        "verses": [
            {
                "number": {
                    "inQuran": 5200,
                    "inSurah": 1
                },
                "meta": {
                    "juz": 28,
                    "page": 556,
                    "manzil": 7,
                    "ruku": 490,
                    "hizbQuarter": 222,
                    "sajda": {
                        "recommended": false,
                        "obligatory": false
                    }
                },
                "text": {
                    "arab": "يُسَبِّحُ لِلَّهِ مَا فِي السَّمَاوَاتِ وَمَا فِي الْأَرْضِ ۖ لَهُ الْمُلْكُ وَلَهُ الْحَمْدُ ۖ وَهُوَ عَلَىٰ كُلِّ شَيْءٍ قَدِيرٌ",
                    "transliteration": {
                        "en": "Yusabbihu lillaahi maa fis samaawaati wa maa fil ardi lahul mulku wa lahul hamd, wa Huwa 'alaa kulli shai 'in Qadeer"
                    }
                },
                "translation": {
                    "en": "Whatever is in the heavens and whatever is on the earth is exalting Allah. To Him belongs dominion, and to Him belongs [all] praise, and He is over all things competent.",
                    "id": "Apa yang ada di langit dan apa yang ada di bumi senantiasa bertasbih kepada Allah; milik-Nya semua kerajaan dan bagi-Nya (pula) segala puji; dan Dia Mahakuasa atas segala sesuatu."
                },
                "audio": {
                    "primary": "https://cdn.alquran.cloud/media/audio/ayah/ar.alafasy/5200",
                    "secondary": [
                        "https://cdn.islamic.network/quran/audio/128/ar.alafasy/5200.mp3",
                        "https://cdn.islamic.network/quran/audio/64/ar.alafasy/5200.mp3"
                    ]
                },
                "tafsir": {
                    "id": {
                        "short": "Apa yang ada di langit, bintang, bulan, matahari, dan seluruh planet; dan demikian juga apa yang ada di bumi, daratan, lautan, gunung, lembah, hewan, dan tumbuh-tumbuhan; seluruhnya senantiasa bertasbih kepada Allah dengan cara masing-masing; milik-Nya semua kerajaan, kekuasaan, dan kewenangan yang tiada terbatas, dan bagi-Nya pula segala puji yang sempurna; dan Dia Mahakuasa atas segala sesuatu dengan kekuasaan yang tak terbatas, tetapi tidak sewenang-wenang.",
                        "long": "Allah menerangkan bahwa apa yang ada di langit dan di bumi bertasbih menyucikan-Nya. Ini berarti bahwa apa yang ada di langit dan di bumi menunjukkan kesucian dan kesempurnaan Allah serta semua makhluk itu tunduk dan menyerah kepada-Nya. Dialah Maharaja yang berwenang berbuat sesuai dengan kehendak-Nya terhadap semua yang ada, berhak dipuji atas penciptaan-Nya, karena Dia sumber segala kebaikan. Allah Mahakuasa atas segala sesuatu, apa yang dikehendaki-Nya pasti berwujud dan menjadi kenyataan tanpa ada yang dapat menghalangi-Nya. Sedangkan terhadap apa yang tidak dikehendaki-Nya, hal itu tidak akan ada."
                    }
                }
            },
            {
                "number": {
                    "inQuran": 5201,
                    "inSurah": 2
                },
                "meta": {
                    "juz": 28,
                    "page": 556,
                    "manzil": 7,
                    "ruku": 490,
                    "hizbQuarter": 222,
                    "sajda": {
                        "recommended": false,
                        "obligatory": false
                    }
                },
                "text": {
                    "arab": "هُوَ الَّذِي خَلَقَكُمْ فَمِنكُمْ كَافِرٌ وَمِنكُم مُّؤْمِنٌ ۚ وَاللَّهُ بِمَا تَعْمَلُونَ بَصِيرٌ",
                    "transliteration": {
                        "en": "Huwal lazee khalaqakum faminkum kaafirunw wa min kum mu'min ; wallaahu bimaa ta'maloona Baseer"
                    }
                },
                "translation": {
                    "en": "It is He who created you, and among you is the disbeliever, and among you is the believer. And Allah, of what you do, is Seeing.",
                    "id": "Dialah yang menciptakan kamu, lalu di antara kamu ada yang kafir dan di antara kamu (juga) ada yang mukmin. Dan Allah Maha Melihat apa yang kamu kerjakan."
                },
                "audio": {
                    "primary": "https://cdn.alquran.cloud/media/audio/ayah/ar.alafasy/5201",
                    "secondary": [
                        "https://cdn.islamic.network/quran/audio/128/ar.alafasy/5201.mp3",
                        "https://cdn.islamic.network/quran/audio/64/ar.alafasy/5201.mp3"
                    ]
                },
                "tafsir": {
                    "id": {
                        "short": "Dialah yang menciptakan kamu dalam bentuk yang sebaik-baiknya, lalu di antara kamu ada yang kafir, karena mengikuti hawa nafsu; dan di antara kamu juga ada yang mukmin, karena Allah memberikan petunjuk dan manusia menggunakan akal dan nuraninya. Dan Allah Maha Melihat apa yang kamu kerjakan sehingga tidak satu pun perbuatan manusia yang tidak diketahui-Nya.",
                        "long": "Ayat ini menerangkan bahwa Allahlah yang menciptakan semua yang ada menurut kehendak-Nya. Allah berfirman:\n\nAllah pencipta segala sesuatu dan Dia Maha Pemelihara atas segala sesuatu. (az-Zumar/39: 62)\n\nPada dasarnya manusia ketika dilahirkan dalam keadaan fitrah, tetapi sebagian dari manusia itu memilih kekafiran yang bertentangan dengan fitrahnya dan sebahagian lagi memilih iman sesuai dengan tuntutan fitrahnya, sebagaimana sabda Nabi saw:\n\nSetiap anak dilahirkan dalam keadaan fitrah (Islam). Maka kedua orang tualah yang akan menjadikannya seorang Yahudi, Nasrani, atau Majusi. (Riwayat al-Bukhari dan Muslim)\n\nAndaikata manusia itu mau memikirkan kejadiannya dan kejadian yang ada di alam raya ini, pasti cukup menjadi jaminan bagi manusia untuk kembali kepada yang hak dengan memilih iman, dan mensyukuri nikmat yang telah dianugerahkan kepadanya. Akan tetapi, manusia itu tidak sadar dan insaf atas semuanya itu, sehingga terjadilah perpecahan, mengingkari Tuhan yang menciptakannya, serta nikmat-nikmat yang telah dianugerahkan kepadanya. Selayaknya manusia itu menginsafi bahwa Allah melihat segala yang dikerjakannya, dan di akhirat nanti dia akan diberi balasan terhadap semua itu. Yang baik dibalas dengan surga, sedangkan yang jahat dibalas dengan siksaan dan dimasukkan ke dalam neraka Jahanam, sejahat-jahat tempat kediaman, sebagaimana Allah berfirman:\n\nSungguh, Jahanam itu seburuk-buruk tempat menetap dan tempat kediaman. (al-Furqan/25: 66)"
                    }
                }
            },
            {
                "number": {
                    "inQuran": 5202,
                    "inSurah": 3
                },
                "meta": {
                    "juz": 28,
                    "page": 556,
                    "manzil": 7,
                    "ruku": 490,
                    "hizbQuarter": 222,
                    "sajda": {
                        "recommended": false,
                        "obligatory": false
                    }
                },
                "text": {
                    "arab": "خَلَقَ السَّمَاوَاتِ وَالْأَرْضَ بِالْحَقِّ وَصَوَّرَكُمْ فَأَحْسَنَ صُوَرَكُمْ ۖ وَإِلَيْهِ الْمَصِيرُ",
                    "transliteration": {
                        "en": "Khalaqas samaawaati wal arda bilhaqqi wa sawwarakum fa ahsana suwarakum wa ilaihil maseer"
                    }
                },
                "translation": {
                    "en": "He created the heavens and earth in truth and formed you and perfected your forms; and to Him is the [final] destination.",
                    "id": "Dia menciptakan langit dan bumi dengan (tujuan) yang benar, Dia membentuk rupamu lalu memperbagus rupamu, dan kepada-Nya tempat kembali."
                },
                "audio": {
                    "primary": "https://cdn.alquran.cloud/media/audio/ayah/ar.alafasy/5202",
                    "secondary": [
                        "https://cdn.islamic.network/quran/audio/128/ar.alafasy/5202.mp3",
                        "https://cdn.islamic.network/quran/audio/64/ar.alafasy/5202.mp3"
                    ]
                },
                "tafsir": {
                    "id": {
                        "short": "Dia menciptakan langit tujuh lapis dan menciptakan bumi tujuh lapis dengan tujuan yang benar sehingga tidak sia-sia, Dia membentuk rupamu dengan tujuan yang baik untuk kemaslahatan kamu, lalu memperbagus rupamu supaya kamu bersyukur dan kepada-Nya tempat kembali dengan dikumpulkan di mahsyar.",
                        "long": "Ayat ini menerangkan bahwa Allah menciptakan langit dan bumi dengan tujuan yang benar, penuh kebijaksanaan, dan menjamin kebahagiaan makhluknya di dunia dan akhirat. Dia pulalah yang menjadikan manusia dalam bentuk yang sebagus-bagusnya, berbeda dengan makhluk yang lain. Manusia akan mempertanggungjawabkan segala perbuatannya di dunia lalu mendapat balasan yang setimpal, Allah berfirman:\n\nSungguh, Kami telah menciptakan manusia dalam bentuk yang sebaik-baiknya. (at-Tin/95: 4)\n\nDalam ayat lain Allah berfirman:\n\nDan takutlah pada hari (ketika) kamu semua dikembalikan kepada Allah. Kemudian setiap orang diberi balasan yang sempurna sesuai dengan apa yang telah dilakukannya, dan mereka tidak dizalimi (dirugikan). (al-Baqarah/2: 281)\n\nPenjelasan mengenai penciptaan dengan tujuan yang benar dapat dilihat pada uraian mengenai hal yang sama pada Surah ad-Dukhan/44: 38-39 dan sad/38: 27."
                    }
                }
            },
            {
                "number": {
                    "inQuran": 5203,
                    "inSurah": 4
                },
                "meta": {
                    "juz": 28,
                    "page": 556,
                    "manzil": 7,
                    "ruku": 490,
                    "hizbQuarter": 222,
                    "sajda": {
                        "recommended": false,
                        "obligatory": false
                    }
                },
                "text": {
                    "arab": "يَعْلَمُ مَا فِي السَّمَاوَاتِ وَالْأَرْضِ وَيَعْلَمُ مَا تُسِرُّونَ وَمَا تُعْلِنُونَ ۚ وَاللَّهُ عَلِيمٌ بِذَاتِ الصُّدُورِ",
                    "transliteration": {
                        "en": "Ya'lamu maa fis samaawaati wal ardi wa ya'lamu maa tusirroona wa maa tu'linoon; wallaahu 'Aleemum bizaatis sudoor"
                    }
                },
                "translation": {
                    "en": "He knows what is within the heavens and earth and knows what you conceal and what you declare. And Allah is Knowing of that within the breasts.",
                    "id": "Dia mengetahui apa yang di langit dan di bumi, dan mengetahui apa yang kamu rahasiakan dan apa yang kamu nyatakan. Dan Allah Maha Mengetahui segala isi hati."
                },
                "audio": {
                    "primary": "https://cdn.alquran.cloud/media/audio/ayah/ar.alafasy/5203",
                    "secondary": [
                        "https://cdn.islamic.network/quran/audio/128/ar.alafasy/5203.mp3",
                        "https://cdn.islamic.network/quran/audio/64/ar.alafasy/5203.mp3"
                    ]
                },
                "tafsir": {
                    "id": {
                        "short": "Manusia, menurut ayat ini, harus menyadari bahwa Dia mengetahui apa yang di langit dengan pengetahuan yang menyeluruh; dan mengetahui segala yang ada di bumi, termasuk benda paling kecil yang tak terlihat mata dan mengetahui apa yang kamu rahasiakan di dalam hati dan mengetahui apa yang kamu nyatakan secara lisan. Dan Allah Maha Mengetahui segala isi hati yang tersembunyi.",
                        "long": "Ayat ini menyatakan bahwa Allah Maha Mengetahui apa yang ada di langit dan di bumi. Tidak satu pun yang tersembunyi bagi-Nya. Dialah yang mengatur yang ada sesuai dengan ilmu-Nya yang luas dan kekuasaan-Nya yang mencakup dan meliputi segala sesuatu menurut kehendak-Nya, sebagaimana Allah berfirman:\n\nSesungguhnya urusan-Nya apabila Dia menghendaki sesuatu Dia hanya berkata kepadanya, \"Jadilah!\" Maka jadilah sesuatu itu. (Yasin/36: 82)\n\nAllah mengetahui segala sesuatu, baik yang dirahasiakan apalagi yang tampak nyata. Maka seyogyanya manusia berbuat sesuai dengan apa yang digariskan agama Allah yang dibawa junjungan kita Nabi Muhammad saw yaitu agama Islam, untuk mendapat rida-Nya, memperoleh pahala yang berlipat-ganda, dan berbahagia di dunia dan akhirat.\n\nAyat ke-4 ini ditutup dengan satu ketegasan bahwa Allah itu Maha Mengetahui segala isi hati, tidak ada sesuatu pun yang tersembunyi bagi-Nya. Firman Allah:\n\nSungguh, Allah Maha Mengetahui segala sesuatu. (al-'Ankabut/29: 62)\n\nDalam ayat lain Allah berfirman:\n\nSesungguhnya Allah Maha Mengetahui segala isi hati. (Luqman/31: 23)"
                    }
                }
            },
            {
                "number": {
                    "inQuran": 5204,
                    "inSurah": 5
                },
                "meta": {
                    "juz": 28,
                    "page": 556,
                    "manzil": 7,
                    "ruku": 490,
                    "hizbQuarter": 222,
                    "sajda": {
                        "recommended": false,
                        "obligatory": false
                    }
                },
                "text": {
                    "arab": "أَلَمْ يَأْتِكُمْ نَبَأُ الَّذِينَ كَفَرُوا مِن قَبْلُ فَذَاقُوا وَبَالَ أَمْرِهِمْ وَلَهُمْ عَذَابٌ أَلِيمٌ",
                    "transliteration": {
                        "en": "Alam yaatikum naba'ul lazeena kafaroo min qablu fazaaqoo wabaala amrihim wa lahum 'azaabun aleem"
                    }
                },
                "translation": {
                    "en": "Has there not come to you the news of those who disbelieved before? So they tasted the bad consequence of their affair, and they will have a painful punishment.",
                    "id": "Apakah belum sampai kepadamu (orang-orang kafir) berita orang-orang kafir dahulu? Maka mereka telah merasakan akibat buruk dari perbuatannya dan mereka memperoleh azab yang pedih."
                },
                "audio": {
                    "primary": "https://cdn.alquran.cloud/media/audio/ayah/ar.alafasy/5204",
                    "secondary": [
                        "https://cdn.islamic.network/quran/audio/128/ar.alafasy/5204.mp3",
                        "https://cdn.islamic.network/quran/audio/64/ar.alafasy/5204.mp3"
                    ]
                },
                "tafsir": {
                    "id": {
                        "short": "Ayat ini mengingatkan orang-orang kafir tentang nasib para pendahulu mereka yang harus dijadikan cermin. Allah berfirman, “Apakah belum sampai kepadamu, wahai orang-orang kafir, berita orang-orang kafir dahulu seperti umat Nabi Nuh, Nabi Lut, dan Nabi Musa? Maka mereka telah merasakan akibat buruk dari perbuatannya dengan mendapat azab di dunia; dan mereka pun akan memperoleh azab yang pedih di akhirat.",
                        "long": "Orang-orang munafik itu apabila diajak mendatangi Rasulullah saw agar beliau memintakan ampunan kepada Allah atas dosa-dosa yang telah diperbuat, mereka itu menolak mentah-mentah ajakan itu. Mereka memalingkan mukanya dengan gaya yang menunjukkan keangkuhan dan kesombongan. Hal ini disebutkan pula dalam firman Allah:\n\nDan apabila dikatakan kepada mereka, \"Marilah (patuh) kepada apa yang telah diturunkan Allah dan (patuh) kepada Rasul,\" (niscaya) engkau (Muhammad) melihat orang munafik menghalangi dengan keras darimu. (an-Nisa'/4: 61)"
                    }
                }
            },
            {
                "number": {
                    "inQuran": 5205,
                    "inSurah": 6
                },
                "meta": {
                    "juz": 28,
                    "page": 556,
                    "manzil": 7,
                    "ruku": 490,
                    "hizbQuarter": 222,
                    "sajda": {
                        "recommended": false,
                        "obligatory": false
                    }
                },
                "text": {
                    "arab": "ذَٰلِكَ بِأَنَّهُ كَانَت تَّأْتِيهِمْ رُسُلُهُم بِالْبَيِّنَاتِ فَقَالُوا أَبَشَرٌ يَهْدُونَنَا فَكَفَرُوا وَتَوَلَّوا ۚ وَّاسْتَغْنَى اللَّهُ ۚ وَاللَّهُ غَنِيٌّ حَمِيدٌ",
                    "transliteration": {
                        "en": "Zaalika bi annahoo kaanat taateehim Rusuluhum bilbaiyinaati faqaaloo a basharuny yahdoonanaa fakafaroo wa tawallaw; wastaghnal laah; wallaahu ghaniyyun hameed"
                    }
                },
                "translation": {
                    "en": "That is because their messengers used to come to them with clear evidences, but they said, \"Shall human beings guide us?\" and disbelieved and turned away. And Allah dispensed [with them]; and Allah is Free of need and Praiseworthy.",
                    "id": "Yang demikian itu karena sesungguhnya ketika rasul-rasul datang kepada mereka (membawa) keterangan-ke-terangan lalu mereka berkata, “Apakah  (pantas) manusia yang memberi petunjuk kepada kami?” Lalu mereka ingkar dan berpaling; padahal Allah tidak memerlukan (mereka). Dan Allah Mahakaya, Maha Terpuji."
                },
                "audio": {
                    "primary": "https://cdn.alquran.cloud/media/audio/ayah/ar.alafasy/5205",
                    "secondary": [
                        "https://cdn.islamic.network/quran/audio/128/ar.alafasy/5205.mp3",
                        "https://cdn.islamic.network/quran/audio/64/ar.alafasy/5205.mp3"
                    ]
                },
                "tafsir": {
                    "id": {
                        "short": "Ayat ini menjelaskan alasan orang-orang kafir menolak kehadiran para rasul. Allah menyatakan bahwa yang demikian itu, yakni penolakan mereka terhadap para rasul, karena sesungguhnya ketika rasul-rasul datang kepada mereka dengan membawa keterangan-keterangan tentang ajaran Allah; lalu mereka berkata di hadapan para rasul itu dengan nada melecehkan, “Apakah pantas manusia yang memberi petunjuk kepada kami, bukan malaikat?” Lalu mereka menolak ajaran para rasul dan berpaling dari kebenaran; padahal Allah tidak memerlukan keimanan mereka. Dan Allah Mahakaya dari ketergantungan kepada makhluk, Maha Terpuji dalam sifat dan perbuatan-Nya.",
                        "long": "Allah memperingatkan orang-orang musyrik penduduk Mekah tentang kejadian-kejadian yang telah dialami oleh orang-orang yang mengingkari para rasul sebelum mereka, seperti kaum Nuh, kaum Hud, kaum Saleh, dan lainnya. Kepada mereka telah ditimpakan berbagai azab dan siksa yang bermacam-macam bentuknya. Ada yang berupa banjir yang menenggelamkan dan merusak apa yang ada di atas bumi, ada yang berupa angin topan yang menerbangkan dan menghancurkan bangunan-bangunan tempat tinggal mereka, dan lain sebagainya.\n\n(6) Allah menerangkan bahwa sebab-sebab ditimpakan berbagai azab kepada umat terdahulu itu ialah karena kecerobohan mereka mendustakan para rasul sesudah mereka diberi keterangan yang jelas, dan diperlihatkan mukjizat-mukjizat nyata. Mereka berkata, \"Satu hal yang ajaib bahwa orang yang akan memberi petunjuk kepada kami ialah manusia biasa yang tidak mempunyai sedikit pun kelebihan dari kami. Ia tidak mempunyai pikiran lebih unggul dari kami, dan tidak memiliki kekuatan dan kekuasaan untuk menundukkan kami.\" Dalam ayat yang lain Allah berfirman:\n\nMaka mereka berkata, \"Bagaimana kita akan mengikuti seorang manusia (biasa) di antara kita?\" (al-Qamar/54: 24)\n\nMereka tidak mengetahui bahwa para nabi dan rasul itu adalah orang-orang yang telah dipilih Allah menurut kehendak-Nya, sebagaimana diterangkan dalam firman-Nya:\n\nAllah lebih mengetahui di mana Dia menempatkan tugas kerasulan-Nya. (al-An'am/6: 124)\n\nSetelah keingkaran mereka berkepanjangan dan pembangkangan mereka berlarut-larut, maka Allah membinasakan mereka. Allah tidak memerlukan mereka serta tidak mempunyai kepentingan sedikit pun kepada mereka. Dia Mahakuasa, tidak mempunyai keperluan sedikit pun kepada sesuatu, Maha Terpuji atas segala nikmat yang telah ditetapkan kepada makhluk-Nya."
                    }
                }
            },
            {
                "number": {
                    "inQuran": 5206,
                    "inSurah": 7
                },
                "meta": {
                    "juz": 28,
                    "page": 556,
                    "manzil": 7,
                    "ruku": 490,
                    "hizbQuarter": 222,
                    "sajda": {
                        "recommended": false,
                        "obligatory": false
                    }
                },
                "text": {
                    "arab": "زَعَمَ الَّذِينَ كَفَرُوا أَن لَّن يُبْعَثُوا ۚ قُلْ بَلَىٰ وَرَبِّي لَتُبْعَثُنَّ ثُمَّ لَتُنَبَّؤُنَّ بِمَا عَمِلْتُمْ ۚ وَذَٰلِكَ عَلَى اللَّهِ يَسِيرٌ",
                    "transliteration": {
                        "en": "Za'amal lazeena kafarooo al-lany yub'asoo; qul balaa wa rabbee latub'asunna summa latunabba'unna bimaa 'amiltum; wa zaalika 'alal laahi yaseer"
                    }
                },
                "translation": {
                    "en": "Those who disbelieve have claimed that they will never be resurrected. Say, \"Yes, by my Lord, you will surely be resurrected; then you will surely be informed of what you did. And that, for Allah, is easy.\"",
                    "id": "Orang-orang yang kafir mengira, bahwa mereka tidak akan dibangkitkan. Katakanlah (Muhammad), “Tidak demikian, demi Tuhanku, kamu pasti dibangkitkan, kemudian diberitakan semua yang telah kamu kerjakan.” Dan yang demikian itu mudah bagi Allah."
                },
                "audio": {
                    "primary": "https://cdn.alquran.cloud/media/audio/ayah/ar.alafasy/5206",
                    "secondary": [
                        "https://cdn.islamic.network/quran/audio/128/ar.alafasy/5206.mp3",
                        "https://cdn.islamic.network/quran/audio/64/ar.alafasy/5206.mp3"
                    ]
                },
                "tafsir": {
                    "id": {
                        "short": "Orang-orang yang kafir menolak ajakan para rasul karena mengira, bahkan meyakini bahwa mereka tidak akan dibangkitkan setelah mereka mati. Katakanlah, wahai Nabi Muhammad, kepada mereka, “Tidak demikian, yang sebenarnya. Demi Tuhanku, Yang Mahabenar, kamu pasti akan dibangkitkan dari alam kubur, kemudian diberitakan dengan lengkap dan menyeluruh semua yang telah kamu kerjakan di dunia, baik kejahatan maupun kebaikan.” Dan yang demikian itu mudah bagi Allah, karena Allah berkuasa atas segala sesuatu.",
                        "long": "Dalam ayat ini, Allah menerangkan bahwa orang musyrik beranggapan tidak akan ada hari kebangkitan, hari perhitungan, dan hari pembalasan. Anggapan mereka ini diungkapkan juga dalam ayat yang berbunyi:\n\nApabila kami telah menjadi tanah, apakah kami akan (dikembalikan) menjadi makhluk yang baru? (ar-Ra'd/13: 5)\n\nFirman Allah:\n\nSiapakah yang dapat menghidupkan tulang-belulang, yang telah hancur luluh? (Yasin/36: 78)\n\nAnggapan orang musyrik yang salah itu ditolak Allah dengan tegas. Allah menyatakan bahwa hari kebangkitan dan hari pembalasan itu pasti ada, dan semua manusia dihidupkan kembali pada hari itu. Lalu diberitakan semua yang pernah mereka perbuat di dunia sampai kepada yang sekecil-kecilnya untuk dihisab dan diberi balasan. Yang demikian ini bagi Allah sangat mudah dan tidak ada kesulitan sama sekali. Firman Allah:\n\nKatakanlah (Muhammad), \"Yang akan menghidupkannya ialah (Allah) yang menciptakannya pertama kali. Dan Dia Maha Mengetahui tentang segala makhluk. (Yasin/36:79)\n\nDalam ayat yang lain Allah berfirman:\n\nDan orang-orang yang kafir berkata, \"Hari Kiamat itu tidak akan datang kepada kami.\" Katakanlah, \"Pasti datang, demi Tuhanku yang mengetahui yang gaib, Kiamat itu pasti akan datang kepadamu. (Saba'/34: 3)"
                    }
                }
            },
            {
                "number": {
                    "inQuran": 5207,
                    "inSurah": 8
                },
                "meta": {
                    "juz": 28,
                    "page": 556,
                    "manzil": 7,
                    "ruku": 490,
                    "hizbQuarter": 222,
                    "sajda": {
                        "recommended": false,
                        "obligatory": false
                    }
                },
                "text": {
                    "arab": "فَآمِنُوا بِاللَّهِ وَرَسُولِهِ وَالنُّورِ الَّذِي أَنزَلْنَا ۚ وَاللَّهُ بِمَا تَعْمَلُونَ خَبِيرٌ",
                    "transliteration": {
                        "en": "Fa-aaminoo billaahi wa rasoolihee wannooril lazeee anzalnaa; wallaahu bima ta'maloona khabeer"
                    }
                },
                "translation": {
                    "en": "So believe in Allah and His Messenger and the Qur'an which We have sent down. And Allah is Acquainted with what you do.",
                    "id": "Maka berimanlah kamu kepada Allah dan Rasul-Nya dan kepada cahaya (Al-Qur'an) yang telah Kami turunkan. Dan Allah Mahateliti terhadap apa yang kamu kerjakan."
                },
                "audio": {
                    "primary": "https://cdn.alquran.cloud/media/audio/ayah/ar.alafasy/5207",
                    "secondary": [
                        "https://cdn.islamic.network/quran/audio/128/ar.alafasy/5207.mp3",
                        "https://cdn.islamic.network/quran/audio/64/ar.alafasy/5207.mp3"
                    ]
                },
                "tafsir": {
                    "id": {
                        "short": "Ayat ini mengajak orang-orang kafir untuk beriman dan mengajak orang-orang beriman yang ragu untuk benar-benar beriman. Maka berimanlah kamu, wahai seluruh manusia kepada Allah dan Rasul-Nya dengan mantap dan berimanlah kepada cahaya Allah, yaitu Al-Qur’an yang telah Kami turunkan kepada Nabi Muhammad. Dan Allah Mahateliti terhadap apa yang kamu kerjakan sehingga tidak ada satu pun perbuatan manusia yang tidak diketahui-Nya.",
                        "long": "Dalam ayat ini, Allah memerintahkan orang-orang musyrik, sesudah ditegaskan bahwa hari kebangkitan itu pasti ada, agar beriman kepada-Nya, Rasul-Nya, dan cahaya Al-Qur'an yang telah diturunkan-Nya, yang akan memberi petunjuk dan membimbing manusia ke jalan yang benar. Amal perbuatan mereka itu tidak ada yang tersembunyi bagi Allah. Semua diketahui-Nya dan akan dibalas pada hari kebangkitan nanti, yang baik maupun yang buruk."
                    }
                }
            },
            {
                "number": {
                    "inQuran": 5208,
                    "inSurah": 9
                },
                "meta": {
                    "juz": 28,
                    "page": 556,
                    "manzil": 7,
                    "ruku": 490,
                    "hizbQuarter": 222,
                    "sajda": {
                        "recommended": false,
                        "obligatory": false
                    }
                },
                "text": {
                    "arab": "يَوْمَ يَجْمَعُكُمْ لِيَوْمِ الْجَمْعِ ۖ ذَٰلِكَ يَوْمُ التَّغَابُنِ ۗ وَمَن يُؤْمِن بِاللَّهِ وَيَعْمَلْ صَالِحًا يُكَفِّرْ عَنْهُ سَيِّئَاتِهِ وَيُدْخِلْهُ جَنَّاتٍ تَجْرِي مِن تَحْتِهَا الْأَنْهَارُ خَالِدِينَ فِيهَا أَبَدًا ۚ ذَٰلِكَ الْفَوْزُ الْعَظِيمُ",
                    "transliteration": {
                        "en": "Ywma yajma'ukum li yawmil jam'i zaalika yawmut taghaabun; wa many-yumim billaahi wa ya'mal saalihany yukaffir 'anhu sayyi aatihee wa yudkhilhu jannaatin tajree min tahtihal anhaaru khaalideena feehaaa abadaa; zaalikal fawzul 'azeem"
                    }
                },
                "translation": {
                    "en": "The Day He will assemble you for the Day of Assembly - that is the Day of Deprivation. And whoever believes in Allah and does righteousness - He will remove from him his misdeeds and admit him to gardens beneath which rivers flow, wherein they will abide forever. That is the great attainment.",
                    "id": "(Ingatlah) pada hari (ketika) Allah mengumpulkan kamu pada hari berhimpun, itulah hari pengungkapan kesalahan-kesalahan. Dan barangsiapa beriman kepada Allah dan mengerjakan kebajikan niscaya Allah akan menghapus kesalahan-kesalahannya dan memasukkannya ke dalam surga yang mengalir di bawahnya sungai-sungai, mereka kekal di dalamnya selama-lamanya. Itulah kemenangan yang agung."
                },
                "audio": {
                    "primary": "https://cdn.alquran.cloud/media/audio/ayah/ar.alafasy/5208",
                    "secondary": [
                        "https://cdn.islamic.network/quran/audio/128/ar.alafasy/5208.mp3",
                        "https://cdn.islamic.network/quran/audio/64/ar.alafasy/5208.mp3"
                    ]
                },
                "tafsir": {
                    "id": {
                        "short": "Ayat ini mengingatkan manusia tentang kepastian adanya hari akhirat. Ingatlah wahai manusia, pada hari ketika Allah mengumpulkan kamu, seluruh manusia pada hari berhimpun, yaitu pada hari akhir; itulah hari pengungkapan kesalahan-kesalahan yang selama hidup di dunia disembunyikan. Dan barang siapa beriman kepada Allah dengan iman yang mantap dan mengerjakan kebajikan, niscaya Allah akan menghapus kesalahan-kesalahannya dan memasukkannya ke dalam surga yang mengalir di bawahnya sungai-sungai, mereka kekal di dalamnya selama-lamanya. Itulah kemenangan yang agung.",
                        "long": "Dalam ayat ini, Allah menjelaskan bahwa pada hari Kiamat nanti Dia akan mengumpulkan orang-orang terdahulu dan yang datang kemudian di suatu lapangan, sebagaimana firman-Nya:\n\nItulah hari ketika semua manusia dikumpulkan (untuk dihisab), dan itulah hari yang disaksikan (oleh semua makhluk). (Hud/11: 103)\n\nFirman Allah dalam ayat lain:\n\nKatakanlah, \"(Ya), sesungguhnya orang-orang yang terdahulu dan yang kemudian, pasti semua akan dikumpulkan pada waktu tertentu, pada hari yang sudah dimaklumi.\" (al-Waqi'ah/56: 49-50)\n\nPada hari itulah nanti akan diteliti dan dibalas amal yang telah dilakukan setiap manusia di dunia ini. Semua amal, baik berupa kesalahan atau kebenaran, akan terungkap pada hari itu. Hari itulah yang dinamakan hari \"tagabun\". Orang-orang kafir yang telah menukar kehidupan akhirat dengan dunia yakni memilih kelezatan dunia dari kenikmatan akhirat, akan merugi dan tidak memperoleh keuntungan sedikit pun. Sedangkan orang-orang mukmin yang telah mengorbankan dirinya untuk memperoleh surga, mereka itulah yang beruntung dan tak akan merugi sedikit pun. Dalam sebuah hadis diriwayatkan:\n\nTidak seseorang masuk surga melainkan diperlihatkan kepadanya tempat (yang pernah disediakan baginya) di neraka, seandainya ia berbuat keburukan agar menambah kesyukuran. Dan tidaklah seseorang masuk neraka melainkan diperlihatkan kepadanya tempat (yang pernah disediakan baginya) di surga, seandainya ia berbuat kebaikan agar penyesalannya bertambah. (Riwayat Ahmad dan al-Bukhari dari Abu Hurairah)\n\nOrang-orang yang percaya kepada Allah dan taat kepada perintah-Nya, menjauhi larangan-Nya, niscaya dihapus semua kesalahan dan dosanya, serta diampuni dan dimasukkan ke dalam surga yang mengalir di bawahnya sungai-sungai. Mereka kekal di dalamnya, tidak akan mati, dan tidak akan keluar dari sana. Yang demikian itu adalah satu keuntungan dan kebahagiaan yang tiada taranya, karena telah terhindar dari kebinasaan dan kehancuran. Allah berfirman dalam ayat lain:\n\nTetapi barang siapa datang kepada-Nya dalam keadaan beriman, dan telah mengerjakan kebajikan, maka mereka itulah orang yang memperoleh derajat yang tinggi (mulia), (yaitu) surga-surga 'Adn, yang mengalir di bawahnya sungai-sungai, mereka kekal di dalamnya. Itulah balasan bagi orang yang menyucikan diri. (thaha/20: 75-76)"
                    }
                }
            },
            {
                "number": {
                    "inQuran": 5209,
                    "inSurah": 10
                },
                "meta": {
                    "juz": 28,
                    "page": 557,
                    "manzil": 7,
                    "ruku": 490,
                    "hizbQuarter": 222,
                    "sajda": {
                        "recommended": false,
                        "obligatory": false
                    }
                },
                "text": {
                    "arab": "وَالَّذِينَ كَفَرُوا وَكَذَّبُوا بِآيَاتِنَا أُولَٰئِكَ أَصْحَابُ النَّارِ خَالِدِينَ فِيهَا ۖ وَبِئْسَ الْمَصِيرُ",
                    "transliteration": {
                        "en": "Wallazeena kafaroo wa kazzaboo bi aayaaatinaaa ulaaa'ika ashaabun naari khaalideena feehaa bi'sal maseer"
                    }
                },
                "translation": {
                    "en": "But the ones who disbelieved and denied Our verses - those are the companions of the Fire, abiding eternally therein; and wretched is the destination.",
                    "id": "Dan orang-orang yang kafir dan mendustakan ayat-ayat Kami, mereka itulah penghuni neraka, mereka kekal di dalamnya. Dan itulah seburuk-buruk tempat kembali."
                },
                "audio": {
                    "primary": "https://cdn.alquran.cloud/media/audio/ayah/ar.alafasy/5209",
                    "secondary": [
                        "https://cdn.islamic.network/quran/audio/128/ar.alafasy/5209.mp3",
                        "https://cdn.islamic.network/quran/audio/64/ar.alafasy/5209.mp3"
                    ]
                },
                "tafsir": {
                    "id": {
                        "short": "Berbeda dengan orang-orang beriman dan beramal saleh yang akan diampuni dan dimasukkan ke dalam surga, Allah menegaskan tentang nasib orang-orang kafir. Dan orang-orang yang kafir, yaitu orang-orang yang menolak beriman kepada Allah dan Rasul-Nya; dan mendustakan ayat-ayat Kami, ayat-ayat Al-Qur’an; mereka itulah penghuni neraka, karena kekufuran mereka selama hidup di dunia; mereka kekal di dalamnya, karena Allah tidak akan mengampuni orang-orang kafir. Dan itulah seburuk-buruk tempat kembali, karena neraka itu tempat hukuman, bukan tempat kenikmatan.",
                        "long": "Dalam ayat ini, Allah menerangkan bahwa orang-orang yang mengingkari keesaan-Nya, dan mendustakan ayat-ayat Al-Qur'an yang telah diturunkan kepada Nabi Muhammad, adalah penghuni neraka. Mereka akan tinggal kekal di dalamnya, sebagaimana Allah berfirman:\n\nAdapun orang-orang yang kafir dan mendustakan ayat-ayat Kami, mereka itu penghuni neraka, mereka kekal di dalamnya. (al-Baqarah/2: 39)\n\nDalam ayat yang lain Allah berfirman:\n\nAdapun orang-orang yang kafir dan mendustakan ayat-ayat Kami, mereka itu penghuni neraka. (al-Ma'idah/5: 10)\n\nAlangkah ruginya penghuni neraka karena tempat itu adalah seburuk-buruk tempat kembali, dan sejahat-jahat tempat tinggal, sebagaimana Allah berfirman:\n\nSungguh, Jahanam itu seburuk-buruk tempat menetap dan tempat kediaman. (al-Furqan/25: 66)"
                    }
                }
            },
            {
                "number": {
                    "inQuran": 5210,
                    "inSurah": 11
                },
                "meta": {
                    "juz": 28,
                    "page": 557,
                    "manzil": 7,
                    "ruku": 491,
                    "hizbQuarter": 222,
                    "sajda": {
                        "recommended": false,
                        "obligatory": false
                    }
                },
                "text": {
                    "arab": "مَا أَصَابَ مِن مُّصِيبَةٍ إِلَّا بِإِذْنِ اللَّهِ ۗ وَمَن يُؤْمِن بِاللَّهِ يَهْدِ قَلْبَهُ ۚ وَاللَّهُ بِكُلِّ شَيْءٍ عَلِيمٌ",
                    "transliteration": {
                        "en": "Maaa asaaba mim musee batin illaa bi-iznil laah; wa many yu'mim billaahi yahdi qalbah; wallaahu bikulli shai;in Aleem"
                    }
                },
                "translation": {
                    "en": "No disaster strikes except by permission of Allah. And whoever believes in Allah - He will guide his heart. And Allah is Knowing of all things.",
                    "id": "Tidak ada sesuatu musibah yang menimpa (seseorang), kecuali dengan izin Allah; dan barangsiapa beriman kepada Allah, niscaya Allah akan memberi petunjuk kepada hatinya. Dan Allah Maha Mengetahui segala sesuatu."
                },
                "audio": {
                    "primary": "https://cdn.alquran.cloud/media/audio/ayah/ar.alafasy/5210",
                    "secondary": [
                        "https://cdn.islamic.network/quran/audio/128/ar.alafasy/5210.mp3",
                        "https://cdn.islamic.network/quran/audio/64/ar.alafasy/5210.mp3"
                    ]
                },
                "tafsir": {
                    "id": {
                        "short": "Allah tidak hanya menciptakan makhluk, tetapi juga mengatur seluruh makhluk. Tidak ada sesuatu musibah yang menimpa seseorang dalam kehidupan ini, kecuali dengan izin Allah, karena Allah mengetahui dan mengatur kehidupan ini; dan barang siapa beriman kepada Allah dengan istikamah, niscaya Allah akan memberi petunjuk kepada hatinya dengan memantapkan imannya. Dan Allah Maha Mengetahui segala sesuatu yang terjadi di jagat raya maupun yang terjadi di jagat kecil, sanubari manusia.",
                        "long": "Allah menerangkan bahwa apa yang menimpa manusia, baik yang merupakan kenikmatan dunia maupun yang berupa siksa adalah qadha' dan qadar, sesuai dengan kehendak Allah yang telah ditetapkan di muka bumi. Dalam berusaha keras, manusia hendaknya tidak menyesal dan merasa kecewa apabila menemui hal-hal yang tidak sesuai dengan usaha dan keinginannya. Hal itu di luar kemampuannya, karena ketentuan Allah-lah yang akan berlaku dan menjadi kenyataan. Sebagaimana firman-Nya:\n\nKatakanlah (Muhammad), \"Tidak akan menimpa kami melainkan apa yang telah ditetapkan Allah bagi kami.\" (at-Taubah/9: 51)\n\nAllah memberi petunjuk kepada orang yang beriman untuk melapangkan dadanya, menerima dengan segala senang hati apa yang terjadi pada dirinya, baik sesuai dengan yang diinginkan, maupun yang tidak, karena ia yakin bahwa kesemuanya itu dari Allah. Ibnu Abbas menafsirkan bahwa Allah memberikan kepada orang mukmin dalam hatinya suatu keyakinan. Begitu pula ketika seseorang ditimpa musibah, ia mengatakan inna lillahi wa inna ilaihi raji'un, hal itu karena iman yang menyebabkan sabar dan akhirnya musibah itu ringan baginya."
                    }
                }
            },
            {
                "number": {
                    "inQuran": 5211,
                    "inSurah": 12
                },
                "meta": {
                    "juz": 28,
                    "page": 557,
                    "manzil": 7,
                    "ruku": 491,
                    "hizbQuarter": 222,
                    "sajda": {
                        "recommended": false,
                        "obligatory": false
                    }
                },
                "text": {
                    "arab": "وَأَطِيعُوا اللَّهَ وَأَطِيعُوا الرَّسُولَ ۚ فَإِن تَوَلَّيْتُمْ فَإِنَّمَا عَلَىٰ رَسُولِنَا الْبَلَاغُ الْمُبِينُ",
                    "transliteration": {
                        "en": "Wa atee'ul laaha wa atee'ur Rasool; fa in tawallaitum fa innamaa 'alaa Rasoolinal balaaghul mubeen"
                    }
                },
                "translation": {
                    "en": "And obey Allah and obey the Messenger; but if you turn away - then upon Our Messenger is only [the duty of] clear notification.",
                    "id": "Dan taatlah kepada Allah dan taatlah kepada Rasul. Jika kamu berpaling maka sesungguhnya kewajiban Rasul Kami hanyalah menyampaikan (amanah Allah) dengan terang."
                },
                "audio": {
                    "primary": "https://cdn.alquran.cloud/media/audio/ayah/ar.alafasy/5211",
                    "secondary": [
                        "https://cdn.islamic.network/quran/audio/128/ar.alafasy/5211.mp3",
                        "https://cdn.islamic.network/quran/audio/64/ar.alafasy/5211.mp3"
                    ]
                },
                "tafsir": {
                    "id": {
                        "short": "Allah mengajarkan kepada manusia cara yang benar dan tepat dalam hidup ini. Dan taatlah wahai manusia kepada Allah dengan beriman dan melaksanakan perintah-Nya serta menjauhi larangan-Nya; dan taatlah kepada Rasul dengan mengikuti sunah-sunahnya. Jika kamu berpaling dari Allah dengan kufur atau mengabaikan perintah-Nya dan berpaling dari Rasul dengan melupakan sunahnya, maka sesungguhnya kewajiban Rasul Kami hanyalah menyampaikan ajaran Allah kepada umat manusia dengan terang sehingga manusia mengenal ajaran Allah dengan benar.",
                        "long": "Allah memerintahkan agar manusia taat kepada-Nya dan rasul-Nya dengan melaksanakan perintah-Nya dan meninggalkan larangan-Nya. Manakala mereka itu tetap tidak menaati dan patuh, ketahuilah bahwa tugas Rasulullah hanyalah sekedar menyampaikan apa yang menjadi tugas dan kewajibannya, sebagaimana ditegaskan dalam firman Allah:\n\nJika kamu berpaling, maka ketahuilah bahwa kewajiban rasul Kami hanyalah menyampaikan (amanat) dengan jelas. (al-Ma'idah/5: 92)"
                    }
                }
            },
            {
                "number": {
                    "inQuran": 5212,
                    "inSurah": 13
                },
                "meta": {
                    "juz": 28,
                    "page": 557,
                    "manzil": 7,
                    "ruku": 491,
                    "hizbQuarter": 222,
                    "sajda": {
                        "recommended": false,
                        "obligatory": false
                    }
                },
                "text": {
                    "arab": "اللَّهُ لَا إِلَٰهَ إِلَّا هُوَ ۚ وَعَلَى اللَّهِ فَلْيَتَوَكَّلِ الْمُؤْمِنُونَ",
                    "transliteration": {
                        "en": "Allaahu laaa ilaaha illaa Hoo; wa 'alal laahi falyata wakkalil mu'minoon"
                    }
                },
                "translation": {
                    "en": "Allah - there is no deity except Him. And upon Allah let the believers rely.",
                    "id": "(Dialah) Allah, tidak ada tuhan selain Dia. Dan hendaklah orang-orang mukmin bertawakal kepada Allah."
                },
                "audio": {
                    "primary": "https://cdn.alquran.cloud/media/audio/ayah/ar.alafasy/5212",
                    "secondary": [
                        "https://cdn.islamic.network/quran/audio/128/ar.alafasy/5212.mp3",
                        "https://cdn.islamic.network/quran/audio/64/ar.alafasy/5212.mp3"
                    ]
                },
                "tafsir": {
                    "id": {
                        "short": "Yaitu ajaran bahwa sesungguhnya Dialah Allah, tidak ada tuhan selain Dia yang menciptakan makhluk dan mengaturnya. Dan hendaklah orang-orang mukmin bertawakal kepada Allah dalam segala keadaan.",
                        "long": "Allah menjelaskan bahwa Dialah Tuhan Yang Maha Esa, tidak ada Tuhan selain Dia. Maka hendaklah kita semua mengesakan-Nya, berbakti kepada-Nya dengan ikhlas, dan tidak menyekutukan-Nya dengan sesuatu apa pun, sebagaimana dijelaskan dalam firman-Nya:\n\n(Dialah) Tuhan timur dan barat, tidak ada tuhan selain Dia, maka jadikanlah Dia sebagai pelindung. (al-Muzzammil/73: 9)\n\nDan dijelaskan pula dalam ayat lain:\n\nDan sembahlah Allah dan janganlah kamu mempersekutukan-Nya dengan sesuatu apa pun. (an-Nisa'/4: 36)\n\nKarena Allah adalah Maha Pencipta dan Maha Pemberi rezeki. Kepada Allah-lah orang-orang mukmin itu hendaknya bertawakal. Firman Allah:\n\nDan bertawakallah kamu hanya kepada Allah, jika kamu orang-orang beriman. (al-Ma'idah/5: 23)"
                    }
                }
            },
            {
                "number": {
                    "inQuran": 5213,
                    "inSurah": 14
                },
                "meta": {
                    "juz": 28,
                    "page": 557,
                    "manzil": 7,
                    "ruku": 491,
                    "hizbQuarter": 222,
                    "sajda": {
                        "recommended": false,
                        "obligatory": false
                    }
                },
                "text": {
                    "arab": "يَا أَيُّهَا الَّذِينَ آمَنُوا إِنَّ مِنْ أَزْوَاجِكُمْ وَأَوْلَادِكُمْ عَدُوًّا لَّكُمْ فَاحْذَرُوهُمْ ۚ وَإِن تَعْفُوا وَتَصْفَحُوا وَتَغْفِرُوا فَإِنَّ اللَّهَ غَفُورٌ رَّحِيمٌ",
                    "transliteration": {
                        "en": "Yaaa ayyuhal lazeena aamanooo inna min azwaaji kum wa awlaadikum 'aduwwal lakum fahzaroohum; wa in ta'foo wa tasfahoo wa taghfiroo fa innal laaha ghafoorur Raheem"
                    }
                },
                "translation": {
                    "en": "O you who have believed, indeed, among your wives and your children are enemies to you, so beware of them. But if you pardon and overlook and forgive - then indeed, Allah is Forgiving and Merciful.",
                    "id": "Wahai orang-orang yang beriman! Sesungguhnya di antara istri-istrimu dan anak-anakmu ada yang menjadi musuh bagimu, maka berhati-hatilah kamu terhadap mereka; dan jika kamu maafkan dan kamu santuni serta ampuni (mereka), maka sungguh, Allah Maha Pengampun, Maha Penyayang."
                },
                "audio": {
                    "primary": "https://cdn.alquran.cloud/media/audio/ayah/ar.alafasy/5213",
                    "secondary": [
                        "https://cdn.islamic.network/quran/audio/128/ar.alafasy/5213.mp3",
                        "https://cdn.islamic.network/quran/audio/64/ar.alafasy/5213.mp3"
                    ]
                },
                "tafsir": {
                    "id": {
                        "short": "Setelah diperintahkan untuk bertawakal kepada Allah, pada ayat ini orang-orang beriman diperingatkan tentang istri dan anak-anak mereka. Wahai orang-orang yang beriman! Hendaknya kamu waspada. Sesungguhnya di antara istri-istrimu dan anak-anakmu ada yang menjadi musuh bagimu dunia-akhirat. Kadang-kadang istri dapat menjerumuskan suami dan anak-anak dapat mencelakakan bapaknya untuk melakukan perbuatan yang tidak dibenarkan oleh agama. Maka berhati-hatilah kamu terhadap mereka dengan mengawasi dan menanamkan pendidikan agama kepada mereka; dan jika kamu memaafkan mereka ketika mereka melakukan kesalahan; dan kamu menyantuni mereka dengan sikap yang lembut, serta memohonkan ampun kepada Allah untuk mereka, maka sungguh, Allah Maha Pengampun kepada hamba-hamba-Nya, Maha Penyayang kepada seluruh makhluk-Nya.",
                        "long": "Allah menjelaskan bahwa ada di antara istri-istri dan anak-anak yang menjadi musuh bagi suami dan orang tuanya yang mencegah mereka berbuat baik dan mendekatkan diri kepada Allah, menghalangi mereka beramal saleh yang berguna bagi akhirat mereka. Bahkan adakalanya menjerumuskan mereka kepada perbuatan maksiat, perbuatan haram yang dilarang oleh agama.\n\nKarena rasa cinta dan sayang kepada istri dan anaknya, agar keduanya hidup mewah dan senang, seorang suami atau ayah tidak segan berbuat yang dilarang agama, seperti korupsi dan lainnya. Oleh karena itu, ia harus berhati-hati, dan sabar menghadapi anak istrinya. Mereka perlu dibimbing, tidak terlalu ditekan, sebaiknya dimaafkan dan tidak dimarahi, tetapi diampuni. Allah sendiri pun Maha Pengampun, lagi Maha Penyayang, sebagaimana dijelaskan dalam firman-Nya:\n\nTetapi jika kamu bersabar, itu lebih baik bagimu. Allah Maha Pengampun, Maha Penyayang. (an-Nisa'/4: 25)"
                    }
                }
            },
            {
                "number": {
                    "inQuran": 5214,
                    "inSurah": 15
                },
                "meta": {
                    "juz": 28,
                    "page": 557,
                    "manzil": 7,
                    "ruku": 491,
                    "hizbQuarter": 222,
                    "sajda": {
                        "recommended": false,
                        "obligatory": false
                    }
                },
                "text": {
                    "arab": "إِنَّمَا أَمْوَالُكُمْ وَأَوْلَادُكُمْ فِتْنَةٌ ۚ وَاللَّهُ عِندَهُ أَجْرٌ عَظِيمٌ",
                    "transliteration": {
                        "en": "Innamaa amwaalukum wa awlaadukum fitnah; wallaahu 'indahooo ajrun 'azeem"
                    }
                },
                "translation": {
                    "en": "Your wealth and your children are but a trial, and Allah has with Him a great reward.",
                    "id": "Sesungguhnya hartamu dan anak-anakmu hanyalah cobaan (bagimu), dan di sisi Allah pahala yang besar."
                },
                "audio": {
                    "primary": "https://cdn.alquran.cloud/media/audio/ayah/ar.alafasy/5214",
                    "secondary": [
                        "https://cdn.islamic.network/quran/audio/128/ar.alafasy/5214.mp3",
                        "https://cdn.islamic.network/quran/audio/64/ar.alafasy/5214.mp3"
                    ]
                },
                "tafsir": {
                    "id": {
                        "short": "Manusia harus menyadari dengan penuh keinsafan peringatan Allah pada ayat ini. Sesungguhnya harta kamu yang sangat kamu cintai dan anak-anak kamu yang menjadi kebanggaan kamu hanyalah cobaan bagimu, apakah kamu mengelolanya dengan baik dan benar, serta mendidik mereka dengan agama yang lurus; dan di sisi Allah pahala yang besar bagi orang-orang beriman yang mengelola harta dengan baik dan mendidik anak-anak dengan benar.",
                        "long": "Allah menerangkan bahwa cinta terhadap harta dan anak adalah cobaan. Jika tidak berhati-hati, akan mendatangkan bencana. Tidak sedikit orang, karena cintanya yang berlebihan kepada harta dan anaknya, berani berbuat yang bukan-bukan dan melanggar ketentuan agama. Dalam ayat ini, harta didahulukan dari anak karena ujian dan bencana harta itu lebih besar, sebagaimana firman Allah:\n\nSekali-kali tidak! Sungguh, manusia itu benar-benar melampaui batas, apabila melihat dirinya serba cukup. (al-'Alaq/96: 6-7)\n\nDijelaskan pula dalam sabda Nabi saw.\n\nSesungguhnya bagi tiap-tiap umat ada cobaan dan sesungguhnya cobaan umatku (yang berat) ialah harta, (Riwayat Ahmad, at-Tirmidhi, ath-thabrani, dan al-hakim, dari Ka'ab bin 'Iyadh)\n\nKalau manusia dapat menahan diri, tidak akan berlebihan cintanya kepada harta dan anaknya, jika cintanya kepada Allah lebih besar daripada cintanya kepada yang lain, maka ia akan mendapat pahala yang besar dan berlipat ganda."
                    }
                }
            },
            {
                "number": {
                    "inQuran": 5215,
                    "inSurah": 16
                },
                "meta": {
                    "juz": 28,
                    "page": 557,
                    "manzil": 7,
                    "ruku": 491,
                    "hizbQuarter": 222,
                    "sajda": {
                        "recommended": false,
                        "obligatory": false
                    }
                },
                "text": {
                    "arab": "فَاتَّقُوا اللَّهَ مَا اسْتَطَعْتُمْ وَاسْمَعُوا وَأَطِيعُوا وَأَنفِقُوا خَيْرًا لِّأَنفُسِكُمْ ۗ وَمَن يُوقَ شُحَّ نَفْسِهِ فَأُولَٰئِكَ هُمُ الْمُفْلِحُونَ",
                    "transliteration": {
                        "en": "Fattaqul laaha mastat'tum wasma'oo wa atee'oo waanfiqoo khairal li anfusikum; wa many-yooqa shuha nafsihee fa-ulaaa'ika humul muflihoon"
                    }
                },
                "translation": {
                    "en": "So fear Allah as much as you are able and listen and obey and spend [in the way of Allah]; it is better for your selves. And whoever is protected from the stinginess of his soul - it is those who will be the successful.",
                    "id": "Maka bertakwalah kamu kepada Allah menurut kesanggupanmu dan dengarlah serta taatlah; dan infakkanlah harta yang baik untuk dirimu. Dan barang-siapa dijaga dirinya dari kekikiran, mereka itulah orang-orang yang beruntung."
                },
                "audio": {
                    "primary": "https://cdn.alquran.cloud/media/audio/ayah/ar.alafasy/5215",
                    "secondary": [
                        "https://cdn.islamic.network/quran/audio/128/ar.alafasy/5215.mp3",
                        "https://cdn.islamic.network/quran/audio/64/ar.alafasy/5215.mp3"
                    ]
                },
                "tafsir": {
                    "id": {
                        "short": "Dalam menjalani hidup dan kehidupan ini, Allah memberikan bimbingan. Maka bertakwalah kamu kepada Allah menurut kesanggupanmu, karena Allah tidak membebani manusia kecuali sesuai dengan kesanggupannya; dan dengarlah ayat-ayat Allah, serta taatlah kepada-Nya; dan infakkanlah harta kamu yang baik, yaitu yang diperoleh dengan cara yang halal kepada fakir miskin, karena infak itu hakikatnya untuk diri kamu bekal di akhirat. Dan barang siapa dijaga dirinya dari kekikiran dengan membiasakan diri sejak kecil menjadi dermawan; mereka itulah orang-orang yang beruntung karena baik dan benar dalam mengelola harta yang dititipkan Allah kepada mereka.",
                        "long": "Allah memerintahkan agar manusia yang mempunyai harta, anak, dan istri bertakwa kepada-Nya sekuat tenaga dan kemampuannya, sebagaimana dijelaskan oleh sabda Nabi saw:\n\nApabila saya perintahkan kamu dengan sesuatu maka laksanakanlah dengan maksimal dan apa yang saya larang melakukannya, maka jauhilah ia. (Riwayat al-Bukhari dari Abu Hurairah)\n\n\n\nDalam firman Allah juga dijelaskan:\n\nBertakwalah kepada Allah sebenar-benar takwa kepada-Nya dan janganlah kamu mati kecuali dalam keadaan muslim. (Ali 'Imran/3: 102)\n\nSelanjutnya Allah memerintahkan orang-orang beriman agar mendengar dan patuh kepada perintah Allah dan rasul-Nya. Tidak terpengaruh oleh keadaan sekelilingnya, sehingga melanggar apa yang dilarang agama. Harta benda agar dibelanjakan untuk meringankan penderitaan fakir miskin, menolong orang-orang yang memerlukan pertolongan, dan untuk membantu berbagai kegiatan yang berguna bagi umat dan agama, yang membawa kebahagiaan dunia dan akhirat. Yang demikian itu jauh lebih baik daripada menumpuk harta dan memanjakan anak. \n\nAyat ke-16 ini ditutup dengan satu penegasan bahwa orang yang menjauhi kebakhilan dan ketamakan pada harta adalah orang yang beruntung. Ia akan mencapai keinginannya di dunia dan akhirat, serta disenangi oleh teman-temannya. Di akhirat nanti, ia sangat berbahagia karena dekat dengan Tuhannya, disenangi, diridai, dan dimasukkan ke dalam surga."
                    }
                }
            },
            {
                "number": {
                    "inQuran": 5216,
                    "inSurah": 17
                },
                "meta": {
                    "juz": 28,
                    "page": 557,
                    "manzil": 7,
                    "ruku": 491,
                    "hizbQuarter": 222,
                    "sajda": {
                        "recommended": false,
                        "obligatory": false
                    }
                },
                "text": {
                    "arab": "إِن تُقْرِضُوا اللَّهَ قَرْضًا حَسَنًا يُضَاعِفْهُ لَكُمْ وَيَغْفِرْ لَكُمْ ۚ وَاللَّهُ شَكُورٌ حَلِيمٌ",
                    "transliteration": {
                        "en": "In tuqridul laaha qardan hasanany yudd'ifhu lakum wa yaghfir lakum; wallaahu Shakoorun Haleem"
                    }
                },
                "translation": {
                    "en": "If you loan Allah a goodly loan, He will multiply it for you and forgive you. And Allah is Most Appreciative and Forbearing.",
                    "id": "Jika kamu meminjamkan kepada Allah dengan pinjaman yang baik, niscaya Dia melipatgandakan (balasan) untukmu dan mengampuni kamu. Dan Allah Maha Mensyukuri, Maha Penyantun."
                },
                "audio": {
                    "primary": "https://cdn.alquran.cloud/media/audio/ayah/ar.alafasy/5216",
                    "secondary": [
                        "https://cdn.islamic.network/quran/audio/128/ar.alafasy/5216.mp3",
                        "https://cdn.islamic.network/quran/audio/64/ar.alafasy/5216.mp3"
                    ]
                },
                "tafsir": {
                    "id": {
                        "short": "Orang yang berinfak atau bersedekah itu beruntung karena pada hakikatnya dia meminjamkan hartanya kepada Allah. Allah berfirman, “Jika kamu meminjamkan harta kamu kepada Allah dengan pinjaman yang baik, yakni berinfak dengan harta halal dengan ikhlas, niscaya Dia melipatgandakan balasan infak tersebut untuk kamu di dunia dan akhirat; dan mengampuni dosa dan kesalahan kamu. Dan Allah Maha Menerima syukur hamba-hamba-Nya yang beriman, Maha Penyantun kepada hamba-hamba-Nya yang menyantuni makhluk-makhluk Allah.”",
                        "long": "Allah menerangkan bahwa orang yang meminjamkan kepada-Nya dengan pinjaman yang baik sewaktu di dunia yakni membelanjakan harta-bendanya di jalan yang diridai-Nya, mendekatkan diri kepada-Nya dengan ikhlas dan hati yang lega, akan dilipatgandakan pahalanya. Satu kebaikan akan dibalas dengan sepuluh sampai tujuh ratus pahala. Bahkan akan dilipatgandakan lebih dari itu, sesuai dengan keikhlasannya yang mantap di dalam hati, sebagaimana dijelaskan dalam firman Allah:\n\nBarang siapa meminjami Allah dengan pinjaman yang baik maka Allah melipatgandakan ganti kepadanya dengan banyak. (al-Baqarah/2: 245)\n\nSelain daripada itu, dosanya pun akan diampuni Allah. Dia Maha Pembalas jasa, melipatgandakan pahala bagi orang yang taat kepada-Nya, lagi Maha Penyantun. Allah tidak menyegerakan azab kepada orang yang berdosa, meskipun dosa dan kesalahannya bertumpuk."
                    }
                }
            },
            {
                "number": {
                    "inQuran": 5217,
                    "inSurah": 18
                },
                "meta": {
                    "juz": 28,
                    "page": 557,
                    "manzil": 7,
                    "ruku": 491,
                    "hizbQuarter": 222,
                    "sajda": {
                        "recommended": false,
                        "obligatory": false
                    }
                },
                "text": {
                    "arab": "عَالِمُ الْغَيْبِ وَالشَّهَادَةِ الْعَزِيزُ الْحَكِيمُ",
                    "transliteration": {
                        "en": "'Aalimul-Ghaibi wash-shahaadatil 'Azeezul Hakeem"
                    }
                },
                "translation": {
                    "en": "Knower of the unseen and the witnessed, the Exalted in Might, the Wise.",
                    "id": "Yang Mengetahui yang gaib dan yang nyata. Yang Mahaperkasa, Mahabijaksana."
                },
                "audio": {
                    "primary": "https://cdn.alquran.cloud/media/audio/ayah/ar.alafasy/5217",
                    "secondary": [
                        "https://cdn.islamic.network/quran/audio/128/ar.alafasy/5217.mp3",
                        "https://cdn.islamic.network/quran/audio/64/ar.alafasy/5217.mp3"
                    ]
                },
                "tafsir": {
                    "id": {
                        "short": "Yang Mengetahui yang gaib yang tak terlihat mata manusia dan yang nyata yang terlihat mata manusia. Yang Mahaperkasa karena kekuasaan-Nya tak terbatas, Mahabijaksana, karena kelembutan dan kasih sayang-Nya kepada hamba-hamba-Nya.",
                        "long": "Ayat ini menjelaskan bahwa Allah Maha Mengetahui yang gaib apalagi yang tampak. Apa saja yang dikerjakan oleh manusia, semuanya tercatat dan tersimpan di sisi-Nya. Tidak satu pun yang luput sekalipun sebesar biji sawi, sebagaimana dijelaskan oleh Allah dengan firman-Nya:\n\nKitab apakah ini, tidak ada yang tertinggal, yang kecil dan yang besar melainkan tercatat semuanya,\" (al-Kahf/18: 49)\n\nAyat di atas mendorong manusia untuk berinfak, karena segala perbuatan pasti terlihat oleh Allah dan dibalas dengan berlipat ganda.\n\nAmal yang tercatat dalam kitab seseorang akan dibalas oleh Allah dengan sangat teliti. Yang baik dibalas dengan baik yaitu surga, dan yang jahat dibalas dengan siksa di dalam neraka. Dia itu Mahaperkasa dan Mahakuasa. Semua kehendak-Nya terwujud menjadi kenyataan, Mahabijaksana mengatur ciptaan-Nya, memberikan apa yang baik kepada siapa yang dikehendaki-Nya."
                    }
                }
            }
        ]
    }
}