{
    "code": 200,
    "status": "OK.",
    "message": "Success fetching surah.",
    "data": {
        "number": 81,
        "sequence": 7,
        "numberOfVerses": 29,
        "name": {
            "short": "التكوير",
            "long": "سورة التكوير",
            "transliteration": {
                "en": "At-Takwir",
                "id": "At-Takwir"
            },
            "translation": {
                "en": "The Overthrowing",
                "id": "Penggulungan"
            }
        },
        "revelation": {
            "arab": "مكة",
            "en": "Meccan",
            "id": "Makkiyyah"
        },
        "tafsir": {
            "id": "Surat At Takwir terdiri atas 29 ayat dan termasuk golongan surat-surat Makkiyah, diturunkan sesudah surat Al Masadd. Kata At Takwir (terbelah) yang menjadi nama bagi surat ini adalah dari kata asal (mashdar) dari kata kerja kuwwirat (digulung) yang terdapat pada ayat pertama surat ini."
        },
        "preBismillah": {
            "text": {
                "arab": "بِسْمِ اللَّهِ الرَّحْمَٰنِ الرَّحِيمِ",
                "transliteration": {
                    "en": "Bismillaahir Rahmaanir Raheem"
                }
            },
            "translation": {
                "en": "In the name of Allah, the Entirely Merciful, the Especially Merciful.",
                "id": "Dengan nama Allah Yang Maha Pengasih, Maha Penyayang."
            },
            "audio": {
                "primary": "https://cdn.alquran.cloud/media/audio/ayah/ar.alafasy/1",
                "secondary": [
                    "https://cdn.islamic.network/quran/audio/128/ar.alafasy/1.mp3",
                    "https://cdn.islamic.network/quran/audio/64/ar.alafasy/1.mp3"
                ]
            }
        },
        "verses": [
            {
                "number": {
                    "inQuran": 5801,
                    "inSurah": 1
                },
                "meta": {
                    "juz": 30,
                    "page": 586,
                    "manzil": 7,
                    "ruku": 523,
                    "hizbQuarter": 234,
                    "sajda": {
                        "recommended": false,
                        "obligatory": false
                    }
                },
                "text": {
                    "arab": "إِذَا الشَّمْسُ كُوِّرَتْ",
                    "transliteration": {
                        "en": "Izash shamsu kuwwirat"
                    }
                },
                "translation": {
                    "en": "When the sun is wrapped up [in darkness]",
                    "id": "Apabila matahari digulung,"
                },
                "audio": {
                    "primary": "https://cdn.alquran.cloud/media/audio/ayah/ar.alafasy/5801",
                    "secondary": [
                        "https://cdn.islamic.network/quran/audio/128/ar.alafasy/5801.mp3",
                        "https://cdn.islamic.network/quran/audio/64/ar.alafasy/5801.mp3"
                    ]
                },
                "tafsir": {
                    "id": {
                        "short": "Allah mengawali surah ini dengan menyebutkan dua belas peristiwa besar yang akan terjadi pada hari kiama — disebutkan dari ayat 1 s.d. 13. Apabila matahari yang demikian besar digulung dengan mudah seperti halnya serban, hingga cahayanya memudar dan redup.",
                        "long": "Dalam ayat ini, Allah menerangkan bahwa jika matahari telah digulung, telah padam cahayanya dan jatuh berantakan bersamaan dengan hancurnya alam semesta yang pernah didiami oleh makhluk-makhluk yang hidup di dunia, maka musnahlah segala alam karena berpindah kepada alam yang lain."
                    }
                }
            },
            {
                "number": {
                    "inQuran": 5802,
                    "inSurah": 2
                },
                "meta": {
                    "juz": 30,
                    "page": 586,
                    "manzil": 7,
                    "ruku": 523,
                    "hizbQuarter": 234,
                    "sajda": {
                        "recommended": false,
                        "obligatory": false
                    }
                },
                "text": {
                    "arab": "وَإِذَا النُّجُومُ انكَدَرَتْ",
                    "transliteration": {
                        "en": "Wa izan nujoomun kadarat"
                    }
                },
                "translation": {
                    "en": "And when the stars fall, dispersing,",
                    "id": "dan apabila bintang-bintang berjatuhan,"
                },
                "audio": {
                    "primary": "https://cdn.alquran.cloud/media/audio/ayah/ar.alafasy/5802",
                    "secondary": [
                        "https://cdn.islamic.network/quran/audio/128/ar.alafasy/5802.mp3",
                        "https://cdn.islamic.network/quran/audio/64/ar.alafasy/5802.mp3"
                    ]
                },
                "tafsir": {
                    "id": {
                        "short": "Dan apabila bintang-bintang yang begitu banyak dan menghiasi cakrawala berjatuhan, tidak berada di garis edarnya lagi akibat hilangnya gaya tarikmenarik antar-benda langit.",
                        "long": "Apabila bintang-bintang berjatuhan dan padam sekalian cahayanya."
                    }
                }
            },
            {
                "number": {
                    "inQuran": 5803,
                    "inSurah": 3
                },
                "meta": {
                    "juz": 30,
                    "page": 586,
                    "manzil": 7,
                    "ruku": 523,
                    "hizbQuarter": 234,
                    "sajda": {
                        "recommended": false,
                        "obligatory": false
                    }
                },
                "text": {
                    "arab": "وَإِذَا الْجِبَالُ سُيِّرَتْ",
                    "transliteration": {
                        "en": "Wa izal jibaalu suyyirat"
                    }
                },
                "translation": {
                    "en": "And when the mountains are removed",
                    "id": "dan apabila gunung-gunung dihancurkan,"
                },
                "audio": {
                    "primary": "https://cdn.alquran.cloud/media/audio/ayah/ar.alafasy/5803",
                    "secondary": [
                        "https://cdn.islamic.network/quran/audio/128/ar.alafasy/5803.mp3",
                        "https://cdn.islamic.network/quran/audio/64/ar.alafasy/5803.mp3"
                    ]
                },
                "tafsir": {
                    "id": {
                        "short": "Dan apabila gunung-gunung yang demikian tegar dan kukuh dihancurkan hingga luluh lantak menjadi pasir, kemudian diempaskan oleh angin dahsyat dengan mudahnya seperti gumpalan kapas raksasa yang beterbangan.",
                        "long": "Dan apabila gunung-gunung dihancurkan setelah dicabut dari bumi, diterbangkan di angkasa ketika terjadinya gempa yang amat dahsyat sehingga gunung-gunung itu terlepas dari dasarnya dan dilemparkan di angkasa seperti awan yang ditiup angin laksana kapas.\n\nUntuk telaah ilmiah Surah at-Takwir/81: 1-3 ini, lihat pula telaah ilmiah Surah al-haqqah/69: 13-16 dan Surah al-Ma'arij/70: 8. Ketika terjadi proses ke arah Big Crunch itu, yaitu proses pemadatan atau penyusutan alam semesta, maka semua materi pecah kembali menjadi materi-materi fundamental seperti quark, elektron dan sebagainya. Gaya-gaya seperti gaya gravitasi, elektromagnetik, nuklir kuat dan nuklir lemah mulai menyatu kembali. Saat itulah benda-benda langit mulai kehilangan gaya-gaya gravitasinya, dan akibatnya terjadilah tabrakan-tabrakan dahsyat antar bintang, inilah gambaran 'bintang-bintang berjatuhan, karena kehilangan gaya-gaya gravitasinya. \n\nMatahari yang juga merupakan jenis bintang mengalami hal sama. Ketika benda-benda langit saling mendekat, kekuatan gravitasi bagian luar boleh jadi akan melebihi cengkeraman kekuatan plasma di dalam bintang-bintang itu (termasuk matahari). Akibatnya adalah volume matahari dan bintang-bintang yang lain akan memuai. Matahari akan menjadi lebih besar volumenya, namun tekanan internalnya berkurang, dan cukup untuk menghentikan energi yang menghasilkan reaksi perpaduan nuklirnya. Akibatnya sinar matahari (yang memuai itu) akan meredup menjadi merah. Ketika pengembangan volume matahari telah mencapai maksimum, maka matahari akan mengalami kontraksi dan volumenya akan menurun dan menurun terus, mengecil yang akhirnya menjadi bintik hitam yang super-padat (dwarf black hole atau bintik hitam kerdil). Inikah yang dimaksud dengan matahari digulung pada ayat 1 di atas? \n\nBenturan juga terjadi antar-planet, sehingga bumi berbenturan dengan planet-planet lainnya. Akibat peristiwa inilah terjadinya kehancuran gunung-gunung. Semua proses ini akan mengarah ke Big Crunch dan kembali menjadi singularity."
                    }
                }
            },
            {
                "number": {
                    "inQuran": 5804,
                    "inSurah": 4
                },
                "meta": {
                    "juz": 30,
                    "page": 586,
                    "manzil": 7,
                    "ruku": 523,
                    "hizbQuarter": 234,
                    "sajda": {
                        "recommended": false,
                        "obligatory": false
                    }
                },
                "text": {
                    "arab": "وَإِذَا الْعِشَارُ عُطِّلَتْ",
                    "transliteration": {
                        "en": "Wa izal 'ishaaru 'uttilat"
                    }
                },
                "translation": {
                    "en": "And when full-term she-camels are neglected",
                    "id": "dan apabila unta-unta yang bunting ditinggalkan (tidak terurus),"
                },
                "audio": {
                    "primary": "https://cdn.alquran.cloud/media/audio/ayah/ar.alafasy/5804",
                    "secondary": [
                        "https://cdn.islamic.network/quran/audio/128/ar.alafasy/5804.mp3",
                        "https://cdn.islamic.network/quran/audio/64/ar.alafasy/5804.mp3"
                    ]
                },
                "tafsir": {
                    "id": {
                        "short": "Dan apabila unta-unta yang bunting dan menjadi harta yang dibanggakan ditinggalkan begitu saja dan tidak lagi dipedulikan dan diurus oleh pemiliknya.",
                        "long": "Dan apabila unta-unta bunting yang termasuk benda paling dihargai oleh orang-orang Arab, ditinggalkan dan tidak dipedulikan oleh pemiliknya karena kedahsyatan hari Kiamat tersebut. Hal ini menggambarkan kedahsyatan hari Kiamat yang jika diperkirakan, jika ada seorang laki-laki mempunyai unta yang bunting tentu ditinggalkan karena terlalu sibuk memikirkan keselamatan dirinya sendiri."
                    }
                }
            },
            {
                "number": {
                    "inQuran": 5805,
                    "inSurah": 5
                },
                "meta": {
                    "juz": 30,
                    "page": 586,
                    "manzil": 7,
                    "ruku": 523,
                    "hizbQuarter": 234,
                    "sajda": {
                        "recommended": false,
                        "obligatory": false
                    }
                },
                "text": {
                    "arab": "وَإِذَا الْوُحُوشُ حُشِرَتْ",
                    "transliteration": {
                        "en": "Wa izal wuhooshu hushirat"
                    }
                },
                "translation": {
                    "en": "And when the wild beasts are gathered",
                    "id": "dan apabila binatang-binatang liar dikumpulkan,"
                },
                "audio": {
                    "primary": "https://cdn.alquran.cloud/media/audio/ayah/ar.alafasy/5805",
                    "secondary": [
                        "https://cdn.islamic.network/quran/audio/128/ar.alafasy/5805.mp3",
                        "https://cdn.islamic.network/quran/audio/64/ar.alafasy/5805.mp3"
                    ]
                },
                "tafsir": {
                    "id": {
                        "short": "Hal ini mengisyaratkan betapa besar kebingungan yang meliputi manusia saat kiamat tiba. Dan apabila binatang-binatang liar dikumpulkan untuk diberi balasan bila berbuat aniaya kepada sesamanya. Binatang liar yang saling memusuhi saat itu bisa dikumpulkan menjadi satu dalam suasanya yang sangat menegangkan.",
                        "long": "Dan apabila binatang-binatang liar dikumpulkan dan dimusnahkan."
                    }
                }
            },
            {
                "number": {
                    "inQuran": 5806,
                    "inSurah": 6
                },
                "meta": {
                    "juz": 30,
                    "page": 586,
                    "manzil": 7,
                    "ruku": 523,
                    "hizbQuarter": 234,
                    "sajda": {
                        "recommended": false,
                        "obligatory": false
                    }
                },
                "text": {
                    "arab": "وَإِذَا الْبِحَارُ سُجِّرَتْ",
                    "transliteration": {
                        "en": "Wa izal bihaaru sujjirat"
                    }
                },
                "translation": {
                    "en": "And when the seas are filled with flame",
                    "id": "dan apabila lautan dipanaskan,"
                },
                "audio": {
                    "primary": "https://cdn.alquran.cloud/media/audio/ayah/ar.alafasy/5806",
                    "secondary": [
                        "https://cdn.islamic.network/quran/audio/128/ar.alafasy/5806.mp3",
                        "https://cdn.islamic.network/quran/audio/64/ar.alafasy/5806.mp3"
                    ]
                },
                "tafsir": {
                    "id": {
                        "short": "Dan apabila lautan dipanaskan dan dijadikan meluap. Air laut memanas akibat munculnya kobaran api mahadahsyat dari dasarnya.",
                        "long": "Dan apabila lautan-lautan dijadikan meluap, sehingga menjadi satu, kemudian menyala dengan kobaran api yang tadinya terpendam di bawah bumi tersebut.\n\nSetelah Allah menerangkan beberapa peristiwa yang menjadi permulaan hancurnya alam semesta dan matinya semua makhluk yang berada di atasnya, maka Allah menjelaskan apa yang terjadi setelah itu tentang kebangkitan."
                    }
                }
            },
            {
                "number": {
                    "inQuran": 5807,
                    "inSurah": 7
                },
                "meta": {
                    "juz": 30,
                    "page": 586,
                    "manzil": 7,
                    "ruku": 523,
                    "hizbQuarter": 234,
                    "sajda": {
                        "recommended": false,
                        "obligatory": false
                    }
                },
                "text": {
                    "arab": "وَإِذَا النُّفُوسُ زُوِّجَتْ",
                    "transliteration": {
                        "en": "Wa izan nufoosu zuwwijat"
                    }
                },
                "translation": {
                    "en": "And when the souls are paired",
                    "id": "dan apabila roh-roh dipertemukan (dengan tubuh),"
                },
                "audio": {
                    "primary": "https://cdn.alquran.cloud/media/audio/ayah/ar.alafasy/5807",
                    "secondary": [
                        "https://cdn.islamic.network/quran/audio/128/ar.alafasy/5807.mp3",
                        "https://cdn.islamic.network/quran/audio/64/ar.alafasy/5807.mp3"
                    ]
                },
                "tafsir": {
                    "id": {
                        "short": "Dan apabila roh-roh dipertemukan dengan tubuh sehingga manusia hidup kembali dalam suasana yang sama sekali berbeda dari kehidupan dunia. Manusia saat itu bergabung dengan manusia lain yang senasib; penaat bersama penaat, begitupun sebaliknya.",
                        "long": "Dan apabila roh-roh dipertemukan kembali dengan tubuh untuk memasuki kehidupan di alam akhirat. Ayat ini mengandung isyarat bahwa roh-roh itu tetap utuh setelah mati dan pada hari Kiamat dikembalikan lagi pada badannya.\n\nPendapat lain menyebutkan arti ayat ini dengan bertemunya kelompok orang-orang termasuk ashabul-yamin dengan kelompok ashabusy-syimal. Ibnu 'Abbas mengatakan bahwa arti ayat ini adalah dipertemukannya roh orang-orang yang beriman dengan pasangan-pasangannya di surga dan roh orang-orang kafir dipertemukan dengan setan-setan pembantunya."
                    }
                }
            },
            {
                "number": {
                    "inQuran": 5808,
                    "inSurah": 8
                },
                "meta": {
                    "juz": 30,
                    "page": 586,
                    "manzil": 7,
                    "ruku": 523,
                    "hizbQuarter": 234,
                    "sajda": {
                        "recommended": false,
                        "obligatory": false
                    }
                },
                "text": {
                    "arab": "وَإِذَا الْمَوْءُودَةُ سُئِلَتْ",
                    "transliteration": {
                        "en": "Wa izal maw'oodatu su'ilat"
                    }
                },
                "translation": {
                    "en": "And when the girl [who was] buried alive is asked",
                    "id": "dan apabila bayi-bayi perempuan yang dikubur hidup-hidup ditanya,"
                },
                "audio": {
                    "primary": "https://cdn.alquran.cloud/media/audio/ayah/ar.alafasy/5808",
                    "secondary": [
                        "https://cdn.islamic.network/quran/audio/128/ar.alafasy/5808.mp3",
                        "https://cdn.islamic.network/quran/audio/64/ar.alafasy/5808.mp3"
                    ]
                },
                "tafsir": {
                    "id": {
                        "short": "Dan apabila bayi-bayi perempuan yang dikubur hidup-hidup tanpa dosa dan kesalahan ditanya,",
                        "long": "Dan apabila bayi-bayi perempuan yang dikubur hidup-hidup ditanya, karena dosa apakah dia dibunuh? Dalam ayat ini Allah menerangkan bahwa bayi-bayi yang pernah dikubur hidup-hidup akan dihidupkan kembali di hadapan orang yang menguburkannya dan ditanya karena dosa apakah dia dibunuh. Jawaban pertanyaan ini memberikan kesan yang lebih dalam kepada si pembunuhnya karena bayi perempuan itu akan menjawab bahwa ia dikubur hidup-hidup tanpa dosa sama sekali, hanya karena orang tuanya takut dihinggapi kefakiran dan kemiskinan. Kebiasaan orang Arab pada zaman Jahiliah ini sangat di luar peri kemanusiaan.\n\nDi kalangan mereka ada yang tidak mengubur hidup-hidup anaknya yang perempuan, tetapi ia memberikan pekerjaan kepadanya dengan menggembalakan kambing di padang pasir dengan pakaian bulu dan membiarkan hidup dalam kesepian.\n\nDan ada pula yang membiarkan anak perempuannya itu hidup sampai umur enam tahun kemudian ia berkata kepada ibunya, \"Dandanilah anak ini dengan pakaian yang baik, karena akan dibawa ziarah mengunjungi bibinya.\" Sebelumnya ia telah menggali sebuah sumur di padang pasir. Setelah ia sampai dengan anak perempuannya itu di tepi sumur itu, lalu berkata, \"Tengok, apa yang ada dalam sumur itu.\" Kemudian anak perempuan itu ditendang dari belakang dan setelah jatuh ke dalam sumur itu lalu ditimbun dan diratakan dengan tanah. Dan di antara mereka ada yang berbuat lebih kejam lagi daripada ini. Setelah datang agama Islam, maka kekejaman yang di luar peri kemanusiaan itu diganti dengan sikap yang penuh ramah dan kesayangan.\n\nDi antara alasan pembunuhan anak perempuan di masa Jahiliah adalah karena anak perempuan dianggap tidak punya nilai ekonomis yang bisa menguntungkan keluarga. Alasan lain adalah karena anak perempuan dianggap sangat lemah, sering menjadi korban pelecehan seksual atau karena perempuan dianggap sebagai penggoda laki-laki yang bisa membuat malu keluarga.\n\nDalam Surah an-Nahl/16: 58, Allah menggambarkan seorang laki-laki yang mendapat kelahiran putrinya dengan wajah hitam karena menahan marah.\n\nPadahal apabila seseorang dari mereka diberi kabar dengan (kelahiran) anak perempuan, wajahnya menjadi hitam (merah padam), dan dia sangat marah. (an-Nahl/16: 58)\n\nIslam adalah agama yang menghormati perempuan, sama seperti menghormati laki-laki. Oleh sebab itu, Islam melarang pembunuhan bayi laki-laki maupun perempuan, baik karena kemiskinan atau karena takut miskin. Allah berfirman:\n\nJanganlah membunuh anak-anakmu karena miskin. Kamilah yang memberi rezeki kepadamu dan kepada mereka. (al-An'am/6: 151)"
                    }
                }
            },
            {
                "number": {
                    "inQuran": 5809,
                    "inSurah": 9
                },
                "meta": {
                    "juz": 30,
                    "page": 586,
                    "manzil": 7,
                    "ruku": 523,
                    "hizbQuarter": 234,
                    "sajda": {
                        "recommended": false,
                        "obligatory": false
                    }
                },
                "text": {
                    "arab": "بِأَيِّ ذَنبٍ قُتِلَتْ",
                    "transliteration": {
                        "en": "Bi ayyi zambin qutilat"
                    }
                },
                "translation": {
                    "en": "For what sin she was killed",
                    "id": "karena dosa apa dia dibunuh?"
                },
                "audio": {
                    "primary": "https://cdn.alquran.cloud/media/audio/ayah/ar.alafasy/5809",
                    "secondary": [
                        "https://cdn.islamic.network/quran/audio/128/ar.alafasy/5809.mp3",
                        "https://cdn.islamic.network/quran/audio/64/ar.alafasy/5809.mp3"
                    ]
                },
                "tafsir": {
                    "id": {
                        "short": "karena dosa apa dia dibunuh. Masyarakat jahiliah merasa malu bila mempunyai anak perempuan karena wanita dianggap tidak mempunyai peran apa-apa dalam kehidupan. Untuk menutup rasa malu, mereka rela mengubur anak-anak perempuannya hidup-hidup.",
                        "long": "Dan apabila bayi-bayi perempuan yang dikubur hidup-hidup ditanya, karena dosa apakah dia dibunuh? Dalam ayat ini Allah menerangkan bahwa bayi-bayi yang pernah dikubur hidup-hidup akan dihidupkan kembali di hadapan orang yang menguburkannya dan ditanya karena dosa apakah dia dibunuh. Jawaban pertanyaan ini memberikan kesan yang lebih dalam kepada si pembunuhnya karena bayi perempuan itu akan menjawab bahwa ia dikubur hidup-hidup tanpa dosa sama sekali, hanya karena orang tuanya takut dihinggapi kefakiran dan kemiskinan. Kebiasaan orang Arab pada zaman Jahiliah ini sangat di luar peri kemanusiaan.\n\nDi kalangan mereka ada yang tidak mengubur hidup-hidup anaknya yang perempuan, tetapi ia memberikan pekerjaan kepadanya dengan menggembalakan kambing di padang pasir dengan pakaian bulu dan membiarkan hidup dalam kesepian.\n\nDan ada pula yang membiarkan anak perempuannya itu hidup sampai umur enam tahun kemudian ia berkata kepada ibunya, \"Dandanilah anak ini dengan pakaian yang baik, karena akan dibawa ziarah mengunjungi bibinya.\" Sebelumnya ia telah menggali sebuah sumur di padang pasir. Setelah ia sampai dengan anak perempuannya itu di tepi sumur itu, lalu berkata, \"Tengok, apa yang ada dalam sumur itu.\" Kemudian anak perempuan itu ditendang dari belakang dan setelah jatuh ke dalam sumur itu lalu ditimbun dan diratakan dengan tanah. Dan di antara mereka ada yang berbuat lebih kejam lagi daripada ini. Setelah datang agama Islam, maka kekejaman yang di luar peri kemanusiaan itu diganti dengan sikap yang penuh ramah dan kesayangan.\n\nDi antara alasan pembunuhan anak perempuan di masa Jahiliah adalah karena anak perempuan dianggap tidak punya nilai ekonomis yang bisa menguntungkan keluarga. Alasan lain adalah karena anak perempuan dianggap sangat lemah, sering menjadi korban pelecehan seksual atau karena perempuan dianggap sebagai penggoda laki-laki yang bisa membuat malu keluarga.\n\nDalam Surah an-Nahl/16: 58, Allah menggambarkan seorang laki-laki yang mendapat kelahiran putrinya dengan wajah hitam karena menahan marah.\n\nPadahal apabila seseorang dari mereka diberi kabar dengan (kelahiran) anak perempuan, wajahnya menjadi hitam (merah padam), dan dia sangat marah. (an-Nahl/16: 58)\n\nIslam adalah agama yang menghormati perempuan, sama seperti menghormati laki-laki. Oleh sebab itu, Islam melarang pembunuhan bayi laki-laki maupun perempuan, baik karena kemiskinan atau karena takut miskin. Allah berfirman:\n\nJanganlah membunuh anak-anakmu karena miskin. Kamilah yang memberi rezeki kepadamu dan kepada mereka. (al-An'am/6: 151)"
                    }
                }
            },
            {
                "number": {
                    "inQuran": 5810,
                    "inSurah": 10
                },
                "meta": {
                    "juz": 30,
                    "page": 586,
                    "manzil": 7,
                    "ruku": 523,
                    "hizbQuarter": 234,
                    "sajda": {
                        "recommended": false,
                        "obligatory": false
                    }
                },
                "text": {
                    "arab": "وَإِذَا الصُّحُفُ نُشِرَتْ",
                    "transliteration": {
                        "en": "Wa izas suhufu nushirat"
                    }
                },
                "translation": {
                    "en": "And when the pages are made public",
                    "id": "Dan apabila lembaran-lembaran (catatan amal) telah dibuka lebar-lebar,"
                },
                "audio": {
                    "primary": "https://cdn.alquran.cloud/media/audio/ayah/ar.alafasy/5810",
                    "secondary": [
                        "https://cdn.islamic.network/quran/audio/128/ar.alafasy/5810.mp3",
                        "https://cdn.islamic.network/quran/audio/64/ar.alafasy/5810.mp3"
                    ]
                },
                "tafsir": {
                    "id": {
                        "short": "Dan apabila lembaran-lembaran yang berisi catatan perbuatan manusia, yang besar maupun yang kecil, dibuka lebar-lebar. Pada saat itu manusia tidak bisa mengelak dari apa yang telah dia perbuat di dunia. Dia yang menerima catatan amal dengan tangan kanan akan berbahagia. Sebaliknya, mereka yang menerima dengan tangan kiri akan celaka.",
                        "long": "Dalam ayat ini dijelaskan apabila catatan-catatan amal perbuatan manusia dibuka, maka mereka akan melihat kebajikan atau kejahatan yang mereka perbuat ketika di dunia. Mereka akan tercengang keheranan karena tidak menyangka semuanya tercatat rapi dan teliti. Allah berfirman:\n\nDan diletakkanlah kitab (catatan amal), lalu engkau akan melihat orang yang berdosa merasa ketakutan terhadap apa yang (tertulis) di dalamnya, dan mereka berkata, \"Betapa celaka kami, kitab apakah ini, tidak ada yang tertinggal, yang kecil dan yang besar melainkan tercatat semuanya,\" dan mereka dapati (semua) apa yang telah mereka kerjakan (tertulis). Dan Tuhanmu tidak menzalimi seorang jua pun. (al-Kahf/18: 49)\n\nBagaimana bentuk kitab atau catatan amal perbuatan manusia itu di Padang Mahsyar tidak kita ketahui. Namun kalau manusia saja mampu menciptakan berbagai alat perekam yang begitu canggih dan teliti, kita percaya bahwa Allah Sang Pencipta manusia punya sistem dan cara untuk merekam perbuatan, perkataan, dan isi hati manusia dengan hasil yang lebih baik dari apa yang dapat dibuat manusia."
                    }
                }
            },
            {
                "number": {
                    "inQuran": 5811,
                    "inSurah": 11
                },
                "meta": {
                    "juz": 30,
                    "page": 586,
                    "manzil": 7,
                    "ruku": 523,
                    "hizbQuarter": 234,
                    "sajda": {
                        "recommended": false,
                        "obligatory": false
                    }
                },
                "text": {
                    "arab": "وَإِذَا السَّمَاءُ كُشِطَتْ",
                    "transliteration": {
                        "en": "Wa izas samaaa'u kushitat"
                    }
                },
                "translation": {
                    "en": "And when the sky is stripped away",
                    "id": "dan apabila langit dilenyapkan,"
                },
                "audio": {
                    "primary": "https://cdn.alquran.cloud/media/audio/ayah/ar.alafasy/5811",
                    "secondary": [
                        "https://cdn.islamic.network/quran/audio/128/ar.alafasy/5811.mp3",
                        "https://cdn.islamic.network/quran/audio/64/ar.alafasy/5811.mp3"
                    ]
                },
                "tafsir": {
                    "id": {
                        "short": "Dan apabila langit dilenyapkan. Langit yang semula menjadi atap bagi penduduk bumi akan dikelupas layaknya kulit binatang dikelupas dari tubuhnya.",
                        "long": "Dan apabila langit dilenyapkan karena kehancuran planet-planet yang ada di dalamnya. Langit yang begitu luas dapat dilipat seperti melipat kertas. Firman Allah:\n\n(Ingatlah) pada hari langit Kami gulung seperti menggulung lembaran-lembaran kertas. (al-Anbiya'/21: 104)"
                    }
                }
            },
            {
                "number": {
                    "inQuran": 5812,
                    "inSurah": 12
                },
                "meta": {
                    "juz": 30,
                    "page": 586,
                    "manzil": 7,
                    "ruku": 523,
                    "hizbQuarter": 234,
                    "sajda": {
                        "recommended": false,
                        "obligatory": false
                    }
                },
                "text": {
                    "arab": "وَإِذَا الْجَحِيمُ سُعِّرَتْ",
                    "transliteration": {
                        "en": "Wa izal jaheemu su'-'irat"
                    }
                },
                "translation": {
                    "en": "And when Hellfire is set ablaze",
                    "id": "dan apabila neraka Jahim dinyalakan,"
                },
                "audio": {
                    "primary": "https://cdn.alquran.cloud/media/audio/ayah/ar.alafasy/5812",
                    "secondary": [
                        "https://cdn.islamic.network/quran/audio/128/ar.alafasy/5812.mp3",
                        "https://cdn.islamic.network/quran/audio/64/ar.alafasy/5812.mp3"
                    ]
                },
                "tafsir": {
                    "id": {
                        "short": "Dan apabila neraka Jahim dinyalakan dengan suhu panas yang tidak terbayangkan. Neraka itu disediakan bagi mereka yang ingkar kepada Allah.",
                        "long": "Dan apabila neraka Jahim yang disediakan untuk menyiksa orang-orang kafir dan durhaka telah dinyalakan sehebat-hebatnya sehingga orang yang memasukinya merasa kesakitan yang paling dahsyat. Itulah azab yang diancamkan Allah kepada orang-orang yang mengingkari-Nya. Firman Allah:\n\nSungguh, Kami telah menyediakan bagi orang-orang kafir rantai, belenggu dan neraka yang menyala-nyala. (al-Insan/76: 4)"
                    }
                }
            },
            {
                "number": {
                    "inQuran": 5813,
                    "inSurah": 13
                },
                "meta": {
                    "juz": 30,
                    "page": 586,
                    "manzil": 7,
                    "ruku": 523,
                    "hizbQuarter": 234,
                    "sajda": {
                        "recommended": false,
                        "obligatory": false
                    }
                },
                "text": {
                    "arab": "وَإِذَا الْجَنَّةُ أُزْلِفَتْ",
                    "transliteration": {
                        "en": "Wa izal jannatu uzlifat"
                    }
                },
                "translation": {
                    "en": "And when Paradise is brought near,",
                    "id": "dan apabila surga didekatkan,"
                },
                "audio": {
                    "primary": "https://cdn.alquran.cloud/media/audio/ayah/ar.alafasy/5813",
                    "secondary": [
                        "https://cdn.islamic.network/quran/audio/128/ar.alafasy/5813.mp3",
                        "https://cdn.islamic.network/quran/audio/64/ar.alafasy/5813.mp3"
                    ]
                },
                "tafsir": {
                    "id": {
                        "short": "Dan apabila surga dengan segala kenikmatannya didekatkan kepada mereka yang beriman dan beramal saleh.",
                        "long": "Dan apabila surga didekatkan kepada orang-orang yang akan memasukinya yaitu orang-orang mukmin yang bertakwa. Ini adalah balasan atas jerih payah dan usaha mereka berjihad menegakkan agama Allah dan menjalankan perintah agama. Allah berfirman:\n\nDan surga didekatkan kepada orang-orang yang bertakwa. (asy-Syu'ara'/26: 90)"
                    }
                }
            },
            {
                "number": {
                    "inQuran": 5814,
                    "inSurah": 14
                },
                "meta": {
                    "juz": 30,
                    "page": 586,
                    "manzil": 7,
                    "ruku": 523,
                    "hizbQuarter": 234,
                    "sajda": {
                        "recommended": false,
                        "obligatory": false
                    }
                },
                "text": {
                    "arab": "عَلِمَتْ نَفْسٌ مَّا أَحْضَرَتْ",
                    "transliteration": {
                        "en": "'Alimat nafsum maaa ahdarat"
                    }
                },
                "translation": {
                    "en": "A soul will [then] know what it has brought [with it].",
                    "id": "setiap jiwa akan mengetahui apa yang telah dikerjakannya."
                },
                "audio": {
                    "primary": "https://cdn.alquran.cloud/media/audio/ayah/ar.alafasy/5814",
                    "secondary": [
                        "https://cdn.islamic.network/quran/audio/128/ar.alafasy/5814.mp3",
                        "https://cdn.islamic.network/quran/audio/64/ar.alafasy/5814.mp3"
                    ]
                },
                "tafsir": {
                    "id": {
                        "short": "Pada saat itulah setiap jiwa akan mengetahui apa yang telah dikerjakannya di dunia, apakah perbuatan baik atau buruk.",
                        "long": "Jika semua peristiwa-peristiwa yang disebutkan sebelum ayat ini telah terjadi, tiap jiwa akan mengetahui apa yang telah dikerjakannya. Sebagian besar dari manusia ketika hidup di dunia tertipu oleh godaan setan. Mereka akan menjumpai amal perbuatan mereka pada hari Kiamat tidak diterima oleh Allah bahkan dijauhkan dari rahmat-Nya dan berada di bawah murka-Nya.\n\nOrang-orang yang amal perbuatannya diselubungi dengan ria, tidak mendapat faedah dari amalnya itu kecuali sekadar kepayahan dan kesulitan. Setiap orang wajib memandang kepada amal perbuatannya dengan kaca mata agama dan menimbangnya dengan timbangan yang benar, sebab Allah tidak menerima amal perbuatan melainkan yang muncul dari hati yang penuh dengan keimanan dan keikhlasan."
                    }
                }
            },
            {
                "number": {
                    "inQuran": 5815,
                    "inSurah": 15
                },
                "meta": {
                    "juz": 30,
                    "page": 586,
                    "manzil": 7,
                    "ruku": 523,
                    "hizbQuarter": 234,
                    "sajda": {
                        "recommended": false,
                        "obligatory": false
                    }
                },
                "text": {
                    "arab": "فَلَا أُقْسِمُ بِالْخُنَّسِ",
                    "transliteration": {
                        "en": "Falaaa uqsimu bil khunnas"
                    }
                },
                "translation": {
                    "en": "So I swear by the retreating stars -",
                    "id": "Aku bersumpah demi bintang-bintang,"
                },
                "audio": {
                    "primary": "https://cdn.alquran.cloud/media/audio/ayah/ar.alafasy/5815",
                    "secondary": [
                        "https://cdn.islamic.network/quran/audio/128/ar.alafasy/5815.mp3",
                        "https://cdn.islamic.network/quran/audio/64/ar.alafasy/5815.mp3"
                    ]
                },
                "tafsir": {
                    "id": {
                        "short": "Usai menjelaskan ihwal hari kiamat dan kesudahan manusia, Allah beralih menjelaskan kedudukan Al-Qur’an sebagai kalamullah yang didustakan oleh kafir Quraisy. Aku bersumpah demi bintang-bintang yang cahayanya redup di siang hari dan terang di malam hari.",
                        "long": "Dalam ayat-ayat ini, Allah bersumpah demi bintang-bintang yang beredar dan terbenam. Bintang-bintang itu semuanya tidak tampak oleh penglihatan pada siang hari, namun akan kelihatan bersinar pada malam hari. Allah bersumpah dengan bintang-bintang itu karena dalam keadaannya yang silih berganti, tidak tampak ketika siang dan bersinar pada malam hari, merupakan tanda atas kekuasaan Allah yang mengatur perjalanannya."
                    }
                }
            },
            {
                "number": {
                    "inQuran": 5816,
                    "inSurah": 16
                },
                "meta": {
                    "juz": 30,
                    "page": 586,
                    "manzil": 7,
                    "ruku": 523,
                    "hizbQuarter": 234,
                    "sajda": {
                        "recommended": false,
                        "obligatory": false
                    }
                },
                "text": {
                    "arab": "الْجَوَارِ الْكُنَّسِ",
                    "transliteration": {
                        "en": "Al jawaaril kunnas"
                    }
                },
                "translation": {
                    "en": "Those that run [their courses] and disappear -",
                    "id": "yang beredar dan terbenam,"
                },
                "audio": {
                    "primary": "https://cdn.alquran.cloud/media/audio/ayah/ar.alafasy/5816",
                    "secondary": [
                        "https://cdn.islamic.network/quran/audio/128/ar.alafasy/5816.mp3",
                        "https://cdn.islamic.network/quran/audio/64/ar.alafasy/5816.mp3"
                    ]
                },
                "tafsir": {
                    "id": {
                        "short": "yang beredar di garis edarnya dan terbenam,",
                        "long": "Dalam ayat-ayat ini, Allah bersumpah demi bintang-bintang yang beredar dan terbenam. Bintang-bintang itu semuanya tidak tampak oleh penglihatan pada siang hari, namun akan kelihatan bersinar pada malam hari. Allah bersumpah dengan bintang-bintang itu karena dalam keadaannya yang silih berganti, tidak tampak ketika siang dan bersinar pada malam hari, merupakan tanda atas kekuasaan Allah yang mengatur perjalanannya."
                    }
                }
            },
            {
                "number": {
                    "inQuran": 5817,
                    "inSurah": 17
                },
                "meta": {
                    "juz": 30,
                    "page": 586,
                    "manzil": 7,
                    "ruku": 523,
                    "hizbQuarter": 234,
                    "sajda": {
                        "recommended": false,
                        "obligatory": false
                    }
                },
                "text": {
                    "arab": "وَاللَّيْلِ إِذَا عَسْعَسَ",
                    "transliteration": {
                        "en": "Wallaili izaa 'as'as"
                    }
                },
                "translation": {
                    "en": "And by the night as it closes in",
                    "id": "demi malam apabila telah larut,"
                },
                "audio": {
                    "primary": "https://cdn.alquran.cloud/media/audio/ayah/ar.alafasy/5817",
                    "secondary": [
                        "https://cdn.islamic.network/quran/audio/128/ar.alafasy/5817.mp3",
                        "https://cdn.islamic.network/quran/audio/64/ar.alafasy/5817.mp3"
                    ]
                },
                "tafsir": {
                    "id": {
                        "short": "demi malam apabila telah larut dan meninggalkan gelapnya, atau datang dengan kegelapan yang dibawanya,",
                        "long": "Dalam ayat ini, Allah bersumpah demi malam apabila telah hampir meninggalkan gelapnya."
                    }
                }
            },
            {
                "number": {
                    "inQuran": 5818,
                    "inSurah": 18
                },
                "meta": {
                    "juz": 30,
                    "page": 586,
                    "manzil": 7,
                    "ruku": 523,
                    "hizbQuarter": 234,
                    "sajda": {
                        "recommended": false,
                        "obligatory": false
                    }
                },
                "text": {
                    "arab": "وَالصُّبْحِ إِذَا تَنَفَّسَ",
                    "transliteration": {
                        "en": "Wassubhi izaa tanaffas"
                    }
                },
                "translation": {
                    "en": "And by the dawn when it breathes",
                    "id": "dan demi subuh apabila fajar telah menyingsing,"
                },
                "audio": {
                    "primary": "https://cdn.alquran.cloud/media/audio/ayah/ar.alafasy/5818",
                    "secondary": [
                        "https://cdn.islamic.network/quran/audio/128/ar.alafasy/5818.mp3",
                        "https://cdn.islamic.network/quran/audio/64/ar.alafasy/5818.mp3"
                    ]
                },
                "tafsir": {
                    "id": {
                        "short": "dan demi subuh apabila fajar telah menyingsing, tersibak cahayanya sedikit demi sedikit, layaknya orang bernafas. Ketiga peristiwa tersebut merupakan tanda-tanda kebesaran Allah di alam semesta yang dapat dilihat. Begitupun, Al-Qur’an merupakan tanda kebesaran-Nya yang dapat dibaca.",
                        "long": "Kemudian dalam ayat ini Allah bersumpah demi subuh apabila fajar mulai menyingsing dan bersinar. Waktu subuh digunakan Allah dalam bersumpah karena waktu ini menimbulkan harapan yang menggembirakan bagi setiap manusia yang bangun pagi karena menghadapi hari yang baru. Saat itu mereka dapat menemukan hajat keperluan hidupnya mengganti yang hilang dan bersiap-siap untuk yang akan datang.\n\nKemudian Allah menerangkan apa yang dijadikan objek sumpahnya itu, dengan firman-Nya pada ayat berikut ini."
                    }
                }
            },
            {
                "number": {
                    "inQuran": 5819,
                    "inSurah": 19
                },
                "meta": {
                    "juz": 30,
                    "page": 586,
                    "manzil": 7,
                    "ruku": 523,
                    "hizbQuarter": 234,
                    "sajda": {
                        "recommended": false,
                        "obligatory": false
                    }
                },
                "text": {
                    "arab": "إِنَّهُ لَقَوْلُ رَسُولٍ كَرِيمٍ",
                    "transliteration": {
                        "en": "Innahoo laqawlu rasoolin kareem"
                    }
                },
                "translation": {
                    "en": "[That] indeed, the Qur'an is a word [conveyed by] a noble messenger",
                    "id": "sesungguhnya (Al-Qur'an) itu benar-benar firman (Allah yang dibawa oleh) utusan yang mulia (Jibril),"
                },
                "audio": {
                    "primary": "https://cdn.alquran.cloud/media/audio/ayah/ar.alafasy/5819",
                    "secondary": [
                        "https://cdn.islamic.network/quran/audio/128/ar.alafasy/5819.mp3",
                        "https://cdn.islamic.network/quran/audio/64/ar.alafasy/5819.mp3"
                    ]
                },
                "tafsir": {
                    "id": {
                        "short": "Demi ketiga hal itu, sesungguhnya Al-Qur’an itu benar-benar firman Allah yang dibawa turun oleh utusan yang mulia, yaitu Jibril yang diamanati untuk mengawal wahyu Allah kepada para nabi.",
                        "long": "Dalam ayat-ayat ini, Allah menjelaskan objek sumpah yang disebutkan dalam ayat 15-18 di atas, yaitu sesungguhnya apa yang diberitahukan oleh Muhammad saw tentang peristiwa-peristiwa hari Kiamat bukanlah kata-kata seorang dukun atau isapan jempol. Akan tetapi, benar-benar wahyu yang dibawa oleh Malaikat Jibril dari Tuhannya. Allah telah menyifati utusan yang membawa Al-Qur'an tersebut, yaitu Malaikat Jibril, dengan lima macam sifat yang mengandung keutamaan:\n\n1.Yang mulia pada sisi Tuhannya karena Allah memberikan padanya sesuatu yang paling berharga yaitu hidayah, dan memerintahkannya untuk menyampaikan hidayah itu kepada para nabi-Nya diteruskan kepada para hamba-Nya.\n\n2.Yang mempunyai kekuatan dalam memelihara Al-Qur'an jauh dari sifat pelupa atau keliru.\n\n3.Yang mempunyai kedudukan tinggi di sisi Allah yang mempunyai 'Arasy.\n\n4.Yang ditaati di kalangan malaikat karena kewenangannya.\n\n5.Yang dipercaya untuk menyampaikan wahyu karena terpelihara dari sifat-sifat khianat dan penyelewengan."
                    }
                }
            },
            {
                "number": {
                    "inQuran": 5820,
                    "inSurah": 20
                },
                "meta": {
                    "juz": 30,
                    "page": 586,
                    "manzil": 7,
                    "ruku": 523,
                    "hizbQuarter": 234,
                    "sajda": {
                        "recommended": false,
                        "obligatory": false
                    }
                },
                "text": {
                    "arab": "ذِي قُوَّةٍ عِندَ ذِي الْعَرْشِ مَكِينٍ",
                    "transliteration": {
                        "en": "Zee quwwatin 'inda zil 'arshi makeen"
                    }
                },
                "translation": {
                    "en": "[Who is] possessed of power and with the Owner of the Throne, secure [in position],",
                    "id": "yang memiliki kekuatan, memiliki kedudukan tinggi di sisi (Allah) yang memiliki ‘Arsy,"
                },
                "audio": {
                    "primary": "https://cdn.alquran.cloud/media/audio/ayah/ar.alafasy/5820",
                    "secondary": [
                        "https://cdn.islamic.network/quran/audio/128/ar.alafasy/5820.mp3",
                        "https://cdn.islamic.network/quran/audio/64/ar.alafasy/5820.mp3"
                    ]
                },
                "tafsir": {
                    "id": {
                        "short": "Kami turunkan Al-Qur’an melalui Jibril yang memiliki kekuatan yang tidak tertandingi oleh makhluk lain. Jibril mempunyai 600 sayap. Dengan sayap sebanyak itu Jibril sanggup menembus langit ketujuh dengan kecepatan luar biasa. Itulah Jibril yang memiliki kedudukan tinggi di sisi Allah yang memiliki ‘Arsy, singgasana yang agung karena ketaatannya kepada Allah dan tugasnya yang sangat mulia sebagai pembawa wahyu.",
                        "long": "Dalam ayat-ayat ini, Allah menjelaskan objek sumpah yang disebutkan dalam ayat 15-18 di atas, yaitu sesungguhnya apa yang diberitahukan oleh Muhammad saw tentang peristiwa-peristiwa hari Kiamat bukanlah kata-kata seorang dukun atau isapan jempol. Akan tetapi, benar-benar wahyu yang dibawa oleh Malaikat Jibril dari Tuhannya. Allah telah menyifati utusan yang membawa Al-Qur'an tersebut, yaitu Malaikat Jibril, dengan lima macam sifat yang mengandung keutamaan:\n\n1.Yang mulia pada sisi Tuhannya karena Allah memberikan padanya sesuatu yang paling berharga yaitu hidayah, dan memerintahkannya untuk menyampaikan hidayah itu kepada para nabi-Nya diteruskan kepada para hamba-Nya.\n\n2.Yang mempunyai kekuatan dalam memelihara Al-Qur'an jauh dari sifat pelupa atau keliru.\n\n3.Yang mempunyai kedudukan tinggi di sisi Allah yang mempunyai 'Arasy.\n\n4.Yang ditaati di kalangan malaikat karena kewenangannya.\n\n5.Yang dipercaya untuk menyampaikan wahyu karena terpelihara dari sifat-sifat khianat dan penyelewengan."
                    }
                }
            },
            {
                "number": {
                    "inQuran": 5821,
                    "inSurah": 21
                },
                "meta": {
                    "juz": 30,
                    "page": 586,
                    "manzil": 7,
                    "ruku": 523,
                    "hizbQuarter": 234,
                    "sajda": {
                        "recommended": false,
                        "obligatory": false
                    }
                },
                "text": {
                    "arab": "مُّطَاعٍ ثَمَّ أَمِينٍ",
                    "transliteration": {
                        "en": "Mutaa'in samma ameen"
                    }
                },
                "translation": {
                    "en": "Obeyed there [in the heavens] and trustworthy.",
                    "id": "yang di sana (di alam malaikat) ditaati dan dipercaya."
                },
                "audio": {
                    "primary": "https://cdn.alquran.cloud/media/audio/ayah/ar.alafasy/5821",
                    "secondary": [
                        "https://cdn.islamic.network/quran/audio/128/ar.alafasy/5821.mp3",
                        "https://cdn.islamic.network/quran/audio/64/ar.alafasy/5821.mp3"
                    ]
                },
                "tafsir": {
                    "id": {
                        "short": "Itulah Jibril yang di sana, di alam malaikat, ditaati dan dipercaya atas wahyu yang disampaikannya.",
                        "long": "Dalam ayat-ayat ini, Allah menjelaskan objek sumpah yang disebutkan dalam ayat 15-18 di atas, yaitu sesungguhnya apa yang diberitahukan oleh Muhammad saw tentang peristiwa-peristiwa hari Kiamat bukanlah kata-kata seorang dukun atau isapan jempol. Akan tetapi, benar-benar wahyu yang dibawa oleh Malaikat Jibril dari Tuhannya. Allah telah menyifati utusan yang membawa Al-Qur'an tersebut, yaitu Malaikat Jibril, dengan lima macam sifat yang mengandung keutamaan:\n\n1.Yang mulia pada sisi Tuhannya karena Allah memberikan padanya sesuatu yang paling berharga yaitu hidayah, dan memerintahkannya untuk menyampaikan hidayah itu kepada para nabi-Nya diteruskan kepada para hamba-Nya.\n\n2.Yang mempunyai kekuatan dalam memelihara Al-Qur'an jauh dari sifat pelupa atau keliru.\n\n3.Yang mempunyai kedudukan tinggi di sisi Allah yang mempunyai 'Arasy.\n\n4.Yang ditaati di kalangan malaikat karena kewenangannya.\n\n5.Yang dipercaya untuk menyampaikan wahyu karena terpelihara dari sifat-sifat khianat dan penyelewengan."
                    }
                }
            },
            {
                "number": {
                    "inQuran": 5822,
                    "inSurah": 22
                },
                "meta": {
                    "juz": 30,
                    "page": 586,
                    "manzil": 7,
                    "ruku": 523,
                    "hizbQuarter": 234,
                    "sajda": {
                        "recommended": false,
                        "obligatory": false
                    }
                },
                "text": {
                    "arab": "وَمَا صَاحِبُكُم بِمَجْنُونٍ",
                    "transliteration": {
                        "en": "Wa maa saahibukum bimajnoon"
                    }
                },
                "translation": {
                    "en": "And your companion is not [at all] mad.",
                    "id": "Dan temanmu (Muhammad) itu bukanlah orang gila."
                },
                "audio": {
                    "primary": "https://cdn.alquran.cloud/media/audio/ayah/ar.alafasy/5822",
                    "secondary": [
                        "https://cdn.islamic.network/quran/audio/128/ar.alafasy/5822.mp3",
                        "https://cdn.islamic.network/quran/audio/64/ar.alafasy/5822.mp3"
                    ]
                },
                "tafsir": {
                    "id": {
                        "short": "Kami turunkan wahyu melalui Jibril kepada Nabi Muhammad, temanmu yang kamu kenal baik sifatnya. Dan temanmu itu bukanlah orang gila seperti tuduhanmu kepadanya. Dia adalah seorang yang santun, tepercaya, dan berakhlak mulia. Perkataan orang gila bersifat racauan, tidak beraturan, dan tidak mempunyai nilai. Berbeda dari AlQur’an, kitab yang susunan kalimat maupun kandungannya mempunyai nilai sangat tinggi.",
                        "long": "Dalam ayat ini, Allah menyifati Nabi Muhammad dengan mengatakan bahwa Muhammad itu bukanlah orang gila, sebagaimana yang dituduhkan oleh orang-orang kafir Mekah.\n\nKalimat \"temanmu\" dalam ayat ini merupakan alasan untuk menerangkan kedustaan mereka. Sebab, setiap orang akan mengenal tabiat temannya yang sehari-hari bergaul dengannya. Orang-orang Quraisy itu selalu bergaul dengan Nabi Muhammad semenjak beliau masih kecil dan mengetahui kejujuran beliau. Oleh karena itu, mereka memberikan julukan kehormatan kepadanya dengan kata-kata \"al-Amin\" sebelum beliau menjadi nabi.\n\nBeliau tidak pernah berdusta, menyalahi janji, atau berkhianat, sehingga apa-apa yang dituduhkan kepada Nabi Muhammad itu tentang sifat gila, tukang sihir, atau pendusta adalah bohong semata."
                    }
                }
            },
            {
                "number": {
                    "inQuran": 5823,
                    "inSurah": 23
                },
                "meta": {
                    "juz": 30,
                    "page": 586,
                    "manzil": 7,
                    "ruku": 523,
                    "hizbQuarter": 234,
                    "sajda": {
                        "recommended": false,
                        "obligatory": false
                    }
                },
                "text": {
                    "arab": "وَلَقَدْ رَآهُ بِالْأُفُقِ الْمُبِينِ",
                    "transliteration": {
                        "en": "Wa laqad ra aahu bilufuqil mubeen"
                    }
                },
                "translation": {
                    "en": "And he has already seen Gabriel in the clear horizon.",
                    "id": "Dan sungguh, dia (Muhammad) telah melihatnya (Jibril) di ufuk yang terang."
                },
                "audio": {
                    "primary": "https://cdn.alquran.cloud/media/audio/ayah/ar.alafasy/5823",
                    "secondary": [
                        "https://cdn.islamic.network/quran/audio/128/ar.alafasy/5823.mp3",
                        "https://cdn.islamic.network/quran/audio/64/ar.alafasy/5823.mp3"
                    ]
                },
                "tafsir": {
                    "id": {
                        "short": "Ayat ini menegaskan pertemuan antara Jibril dalam wujudnya yang asli dengan Nabi Muhammad sesaat setelah Nabi menerima wahyu pertama di Gua Hira. Kaum musyrik mendustakan hal tersebut. Dan sungguh, dia telah melihatnya, yakni melihat Jibril, di ufuk yang terang, sehingga tidak dapat diragukan bahwa sosok yang datang itu adalah Jibril.",
                        "long": "Nabi Muhammad pernah melihat Jibril dalam bentuk yang asli dua kali dalam hidupnya. Pertama, ketika beliau berada di Gua Hira sebelum turunnya Surah al-Muddatstsir, dan kedua, ketika beliau mi'raj ke langit ketujuh. Firman Allah \n\nDan sungguh, dia (Muhammad) telah melihatnya (dalam rupanya yang asli) pada waktu yang lain, (yaitu) di Sidratul Muntaha. (an-Najm/53: 13-14)"
                    }
                }
            },
            {
                "number": {
                    "inQuran": 5824,
                    "inSurah": 24
                },
                "meta": {
                    "juz": 30,
                    "page": 586,
                    "manzil": 7,
                    "ruku": 523,
                    "hizbQuarter": 234,
                    "sajda": {
                        "recommended": false,
                        "obligatory": false
                    }
                },
                "text": {
                    "arab": "وَمَا هُوَ عَلَى الْغَيْبِ بِضَنِينٍ",
                    "transliteration": {
                        "en": "Wa maa huwa 'alal ghaibi bidaneen"
                    }
                },
                "translation": {
                    "en": "And Muhammad is not a withholder of [knowledge of] the unseen.",
                    "id": "Dan dia (Muhammad) bukanlah seorang yang kikir (enggan) untuk menerangkan yang gaib."
                },
                "audio": {
                    "primary": "https://cdn.alquran.cloud/media/audio/ayah/ar.alafasy/5824",
                    "secondary": [
                        "https://cdn.islamic.network/quran/audio/128/ar.alafasy/5824.mp3",
                        "https://cdn.islamic.network/quran/audio/64/ar.alafasy/5824.mp3"
                    ]
                },
                "tafsir": {
                    "id": {
                        "short": "Dan dia bukanlah orang yang kikir untuk menerangkan ihwal perkara yang gaib, seperti Allah, malaikat, dan hari kiamat. Nabi dengan senang hati memberi penjelasan demi kemaslahatan banyak orang. Hal ini berbeda dari para dukun yang hanya mau membeberkan hal yang rahasia jika diberi imbalan.",
                        "long": "Ayat ini menerangkan bahwa Nabi Muhammad bukanlah seorang bakhil dalam menyampaikan seluruh wahyu yang disampaikan malaikat Jibril kepadanya. Di samping itu, beliau adalah seorang yang sangat dipercaya karena tidak pernah mengubah wahyu walaupun satu huruf dengan ucapannya sendiri."
                    }
                }
            },
            {
                "number": {
                    "inQuran": 5825,
                    "inSurah": 25
                },
                "meta": {
                    "juz": 30,
                    "page": 586,
                    "manzil": 7,
                    "ruku": 523,
                    "hizbQuarter": 234,
                    "sajda": {
                        "recommended": false,
                        "obligatory": false
                    }
                },
                "text": {
                    "arab": "وَمَا هُوَ بِقَوْلِ شَيْطَانٍ رَّجِيمٍ",
                    "transliteration": {
                        "en": "Wa maa huwa biqawli shaitaanir rajeem"
                    }
                },
                "translation": {
                    "en": "And the Qur'an is not the word of a devil, expelled [from the heavens].",
                    "id": "Dan (Al-Qur'an) itu bukanlah perkataan setan yang terkutuk,"
                },
                "audio": {
                    "primary": "https://cdn.alquran.cloud/media/audio/ayah/ar.alafasy/5825",
                    "secondary": [
                        "https://cdn.islamic.network/quran/audio/128/ar.alafasy/5825.mp3",
                        "https://cdn.islamic.network/quran/audio/64/ar.alafasy/5825.mp3"
                    ]
                },
                "tafsir": {
                    "id": {
                        "short": "Dan Al-Qur’an itu bukanlah perkataan setan yang terkutuk. Ada perbedaan nyata antara Al-Qur’an dan perkataan setan. Al-Qur’an mengajarkan nilai-nilai kebenaran dan keadilan, sedangkan setan mengajak kepada kebatilan, kemaksiatan, dan kemungkaran.",
                        "long": "Dalam ayat ini, Allah menerangkan bahwa Al-Qur'an bukanlah perkataan setan yang terkutuk, dan bukanlah perkataan yang diletakkan oleh setan di atas lidah Muhammad ketika mengganggu akalnya seperti yang dituduhkan oleh orang Quraisy. Muhammad sudah terkenal sejak kecilnya dengan pikiran yang sehat dan tidak pernah berbuat khianat. Oleh karena itu, apa yang diterangkan oleh Muhammad tentang berita akhirat, surga, dan neraka bukanlah perkataan setan."
                    }
                }
            },
            {
                "number": {
                    "inQuran": 5826,
                    "inSurah": 26
                },
                "meta": {
                    "juz": 30,
                    "page": 586,
                    "manzil": 7,
                    "ruku": 523,
                    "hizbQuarter": 234,
                    "sajda": {
                        "recommended": false,
                        "obligatory": false
                    }
                },
                "text": {
                    "arab": "فَأَيْنَ تَذْهَبُونَ",
                    "transliteration": {
                        "en": "Fa ayna tazhaboon"
                    }
                },
                "translation": {
                    "en": "So where are you going?",
                    "id": "maka ke manakah kamu akan pergi?"
                },
                "audio": {
                    "primary": "https://cdn.alquran.cloud/media/audio/ayah/ar.alafasy/5826",
                    "secondary": [
                        "https://cdn.islamic.network/quran/audio/128/ar.alafasy/5826.mp3",
                        "https://cdn.islamic.network/quran/audio/64/ar.alafasy/5826.mp3"
                    ]
                },
                "tafsir": {
                    "id": {
                        "short": "Maka, ke manakah kamu akan pergi? Jalan mana yang akan kamu pilih untuk menemukan kebenaran? Tidak ada yang lebih terang daripada jalan yang dijelaskan oleh Al-Qur’an.",
                        "long": "Kemudian Allah menerangkan bahwa orang-orang Quraisy itu telah sesat, jauh dari jalan kebenaran, dan tidak mengetahui jalan kebijaksanaan, sehingga Allah bertanya kepada mereka, \"Maka ke manakah kamu akan pergi?\" Maksudnya ialah sesudah diterangkan bahwa Al-Qur'an itu benar-benar datang dari Allah dan di dalamnya terdapat pelajaran dan petunjuk yang membimbing manusia ke jalan yang lurus, ditanyakan kepada orang-orang kafir itu, \"Jalan manakah yang akan kamu tempuh lagi?\""
                    }
                }
            },
            {
                "number": {
                    "inQuran": 5827,
                    "inSurah": 27
                },
                "meta": {
                    "juz": 30,
                    "page": 586,
                    "manzil": 7,
                    "ruku": 523,
                    "hizbQuarter": 234,
                    "sajda": {
                        "recommended": false,
                        "obligatory": false
                    }
                },
                "text": {
                    "arab": "إِنْ هُوَ إِلَّا ذِكْرٌ لِّلْعَالَمِينَ",
                    "transliteration": {
                        "en": "In huwa illaa zikrul lil'aalameen"
                    }
                },
                "translation": {
                    "en": "It is not except a reminder to the worlds",
                    "id": "(Al-Qur'an) itu tidak lain adalah peringatan bagi seluruh alam,"
                },
                "audio": {
                    "primary": "https://cdn.alquran.cloud/media/audio/ayah/ar.alafasy/5827",
                    "secondary": [
                        "https://cdn.islamic.network/quran/audio/128/ar.alafasy/5827.mp3",
                        "https://cdn.islamic.network/quran/audio/64/ar.alafasy/5827.mp3"
                    ]
                },
                "tafsir": {
                    "id": {
                        "short": "Al-Qur’an itu tidak lain adalah peringatan bagi seluruh alam. Al-Qur’an menjelaskan segala sesuatu untuk kebaikan manusia, baik urusan dunia maupun akhirat; mereka yang berbuat baik akan mendapat pahala dan surga, dan yang berbuat jahat akan mendapat dosa dan neraka.",
                        "long": "Kemudian Allah menyatakan bahwa Al-Qur'an itu tiada lain hanya peringatan bagi semesta alam, bagi mereka yang mempunyai hati cenderung kepada kebaikan. Namun demikian, tidak semua manusia dapat mengambil manfaat dari Al-Qur'an ini. Yang mengambil manfaat ialah siapa yang mau menempuh jalan yang lurus. Adapun orang yang menyimpang dari jalan itu, maka ia tidak dapat mengambil manfaat dari peringatan Al-Qur'an."
                    }
                }
            },
            {
                "number": {
                    "inQuran": 5828,
                    "inSurah": 28
                },
                "meta": {
                    "juz": 30,
                    "page": 586,
                    "manzil": 7,
                    "ruku": 523,
                    "hizbQuarter": 234,
                    "sajda": {
                        "recommended": false,
                        "obligatory": false
                    }
                },
                "text": {
                    "arab": "لِمَن شَاءَ مِنكُمْ أَن يَسْتَقِيمَ",
                    "transliteration": {
                        "en": "Liman shaaa'a minkum ai yastaqeem"
                    }
                },
                "translation": {
                    "en": "For whoever wills among you to take a right course.",
                    "id": "(yaitu) bagi siapa di antara kamu yang menghendaki menempuh jalan yang lurus."
                },
                "audio": {
                    "primary": "https://cdn.alquran.cloud/media/audio/ayah/ar.alafasy/5828",
                    "secondary": [
                        "https://cdn.islamic.network/quran/audio/128/ar.alafasy/5828.mp3",
                        "https://cdn.islamic.network/quran/audio/64/ar.alafasy/5828.mp3"
                    ]
                },
                "tafsir": {
                    "id": {
                        "short": "Peringatan Al-Qur’an itu ditujukan bagi siapa di antara kamu yang menghendaki menempuh jalan yang lurus, yaitu agama Islam, dan beristikamah dalam mengamalkan ajarannya.",
                        "long": "Kemudian Allah menyatakan bahwa Al-Qur'an itu tiada lain hanya peringatan bagi semesta alam, bagi mereka yang mempunyai hati cenderung kepada kebaikan. Namun demikian, tidak semua manusia dapat mengambil manfaat dari Al-Qur'an ini. Yang mengambil manfaat ialah siapa yang mau menempuh jalan yang lurus. Adapun orang yang menyimpang dari jalan itu, maka ia tidak dapat mengambil manfaat dari peringatan Al-Qur'an."
                    }
                }
            },
            {
                "number": {
                    "inQuran": 5829,
                    "inSurah": 29
                },
                "meta": {
                    "juz": 30,
                    "page": 586,
                    "manzil": 7,
                    "ruku": 523,
                    "hizbQuarter": 234,
                    "sajda": {
                        "recommended": false,
                        "obligatory": false
                    }
                },
                "text": {
                    "arab": "وَمَا تَشَاءُونَ إِلَّا أَن يَشَاءَ اللَّهُ رَبُّ الْعَالَمِينَ",
                    "transliteration": {
                        "en": "Wa maa tashaaa'oona illaaa ai yashaaa 'al laahu Rabbul 'Aalameen"
                    }
                },
                "translation": {
                    "en": "And you do not will except that Allah wills - Lord of the worlds.",
                    "id": "Dan kamu tidak dapat menghendaki (menempuh jalan itu) kecuali apabila dikehendaki Allah, Tuhan seluruh alam."
                },
                "audio": {
                    "primary": "https://cdn.alquran.cloud/media/audio/ayah/ar.alafasy/5829",
                    "secondary": [
                        "https://cdn.islamic.network/quran/audio/128/ar.alafasy/5829.mp3",
                        "https://cdn.islamic.network/quran/audio/64/ar.alafasy/5829.mp3"
                    ]
                },
                "tafsir": {
                    "id": {
                        "short": "Hanya saja, keinginan seseorang untuk berbuat sesuatu tidak akan terlaksana kecuali jika Allah menghendaki. Dan kamu tidak dapat menghendaki menempuh jalan itu kecuali apabila dikehendaki Allah, Tuhan seluruh alam.",
                        "long": "Dalam ayat ini, Allah mengatakan bahwa manusia tidak mempunyai kehendak sendiri untuk berbuat sesuatu yang dikehendakinya bilamana tidak sesuai dengan kehendak Allah."
                    }
                }
            }
        ]
    }
}