{
    "code": 200,
    "status": "OK.",
    "message": "Success fetching surah.",
    "data": {
        "number": 84,
        "sequence": 83,
        "numberOfVerses": 25,
        "name": {
            "short": "الإنشقاق",
            "long": "سورة الإنشقاق",
            "transliteration": {
                "en": "Al-Inshiqaaq",
                "id": "Al-Insyiqaq"
            },
            "translation": {
                "en": "The Splitting Open",
                "id": "Terbelah"
            }
        },
        "revelation": {
            "arab": "مكة",
            "en": "Meccan",
            "id": "Makkiyyah"
        },
        "tafsir": {
            "id": "Surat Al Insyiqaaq, terdiri atas 25 ayat, termasuk golongan surat-surat Makkiyah, diturunkan sesudah surat Al Infithaarr. Dinamai Al Insyiqaaq (terbelah), diambil dari perkataan Insyaqqat yang terdapat pada permulaan surat ini, yang pokok katanya ialah insyiqaaq."
        },
        "preBismillah": {
            "text": {
                "arab": "بِسْمِ اللَّهِ الرَّحْمَٰنِ الرَّحِيمِ",
                "transliteration": {
                    "en": "Bismillaahir Rahmaanir Raheem"
                }
            },
            "translation": {
                "en": "In the name of Allah, the Entirely Merciful, the Especially Merciful.",
                "id": "Dengan nama Allah Yang Maha Pengasih, Maha Penyayang."
            },
            "audio": {
                "primary": "https://cdn.alquran.cloud/media/audio/ayah/ar.alafasy/1",
                "secondary": [
                    "https://cdn.islamic.network/quran/audio/128/ar.alafasy/1.mp3",
                    "https://cdn.islamic.network/quran/audio/64/ar.alafasy/1.mp3"
                ]
            }
        },
        "verses": [
            {
                "number": {
                    "inQuran": 5885,
                    "inSurah": 1
                },
                "meta": {
                    "juz": 30,
                    "page": 589,
                    "manzil": 7,
                    "ruku": 526,
                    "hizbQuarter": 236,
                    "sajda": {
                        "recommended": false,
                        "obligatory": false
                    }
                },
                "text": {
                    "arab": "إِذَا السَّمَاءُ انشَقَّتْ",
                    "transliteration": {
                        "en": "Izas samaaa'un shaqqat"
                    }
                },
                "translation": {
                    "en": "When the sky has split [open]",
                    "id": "Apabila langit terbelah,"
                },
                "audio": {
                    "primary": "https://cdn.alquran.cloud/media/audio/ayah/ar.alafasy/5885",
                    "secondary": [
                        "https://cdn.islamic.network/quran/audio/128/ar.alafasy/5885.mp3",
                        "https://cdn.islamic.network/quran/audio/64/ar.alafasy/5885.mp3"
                    ]
                },
                "tafsir": {
                    "id": {
                        "short": "Apabila langit yang kukuh itu terbelah ketika Allah menghilangkan keseimbangan di antara benda-benda langit. Terjadilah tabrakan antarbenda langit. Langit pun terbelah lalu digulung dan akhirnya terempas tidak berbekas.",
                        "long": "Dalam ayat-ayat ini, Allah menerangkan bahwa apabila langit terbelah karena telah rusak hubungan bagian-bagiannya dengan rusaknya peraturan alam semesta pada hari Kiamat nanti, disebabkan perbenturan bintang-bintang di langit karena masing-masing mempunyai daya tarik tersendiri. Oleh karena itu, rusaklah peraturan alam semesta dan terjadilah gumpalan-gumpalan awan yang gelap gulita yang timbul di beberapa tempat di angkasa luar, dan langit itu akan patuh kepada apa-apa yang diperintahkan Allah. Ia pantas menjadi patuh karena dialah makhluk Tuhan yang senantiasa berada dalam kekuasaan-Nya."
                    }
                }
            },
            {
                "number": {
                    "inQuran": 5886,
                    "inSurah": 2
                },
                "meta": {
                    "juz": 30,
                    "page": 589,
                    "manzil": 7,
                    "ruku": 526,
                    "hizbQuarter": 236,
                    "sajda": {
                        "recommended": false,
                        "obligatory": false
                    }
                },
                "text": {
                    "arab": "وَأَذِنَتْ لِرَبِّهَا وَحُقَّتْ",
                    "transliteration": {
                        "en": "Wa azinat li Rabbihaa wa huqqat"
                    }
                },
                "translation": {
                    "en": "And has responded to its Lord and was obligated [to do so]",
                    "id": "dan patuh kepada Tuhannya, dan sudah semestinya patuh,"
                },
                "audio": {
                    "primary": "https://cdn.alquran.cloud/media/audio/ayah/ar.alafasy/5886",
                    "secondary": [
                        "https://cdn.islamic.network/quran/audio/128/ar.alafasy/5886.mp3",
                        "https://cdn.islamic.network/quran/audio/64/ar.alafasy/5886.mp3"
                    ]
                },
                "tafsir": {
                    "id": {
                        "short": "Dan langit pada saat itu patuh kepada Tuhan Pencipta dan Pengatur-nya, dan sudah semestinya langit itu patuh, demikian pula alam raya, kepada Tuhan (Lihat: Surah Fussilat/41: 11).",
                        "long": "Dalam ayat-ayat ini, Allah menerangkan bahwa apabila langit terbelah karena telah rusak hubungan bagian-bagiannya dengan rusaknya peraturan alam semesta pada hari Kiamat nanti, disebabkan perbenturan bintang-bintang di langit karena masing-masing mempunyai daya tarik tersendiri. Oleh karena itu, rusaklah peraturan alam semesta dan terjadilah gumpalan-gumpalan awan yang gelap gulita yang timbul di beberapa tempat di angkasa luar, dan langit itu akan patuh kepada apa-apa yang diperintahkan Allah. Ia pantas menjadi patuh karena dialah makhluk Tuhan yang senantiasa berada dalam kekuasaan-Nya."
                    }
                }
            },
            {
                "number": {
                    "inQuran": 5887,
                    "inSurah": 3
                },
                "meta": {
                    "juz": 30,
                    "page": 589,
                    "manzil": 7,
                    "ruku": 526,
                    "hizbQuarter": 236,
                    "sajda": {
                        "recommended": false,
                        "obligatory": false
                    }
                },
                "text": {
                    "arab": "وَإِذَا الْأَرْضُ مُدَّتْ",
                    "transliteration": {
                        "en": "Wa izal ardu muddat"
                    }
                },
                "translation": {
                    "en": "And when the earth has been extended",
                    "id": "dan apabila bumi diratakan,"
                },
                "audio": {
                    "primary": "https://cdn.alquran.cloud/media/audio/ayah/ar.alafasy/5887",
                    "secondary": [
                        "https://cdn.islamic.network/quran/audio/128/ar.alafasy/5887.mp3",
                        "https://cdn.islamic.network/quran/audio/64/ar.alafasy/5887.mp3"
                    ]
                },
                "tafsir": {
                    "id": {
                        "short": "Dan apabila bumi diratakan setelah gunung-gunung tersapu dari tempatnya akibat dahsyatnya kekuatan yang menghempaskannya. Gunung yang besar dan kekar berubah menjadi pasir yang kemudian diterbangkan oleh tiupan angin yang dahsyat, menjadi abu yang beterbangan.",
                        "long": "Selanjutnya Allah menerangkan bahwa bila bumi dan gunung-gunung hancur berkeping-keping sehingga menjadi rata dan mengeluarkan apa yang ada di dalam \"perut\"-nya, maka hal itu adalah karena ketundukannya pada perintah Allah dan kepatuhan melakukan kehendak-Nya.\n\nDalam ayat-ayat lain, Allah berfirman:\n\nApabila bumi diguncangkan dengan guncangan yang dahsyat, dan bumi telah mengeluarkan beban-beban berat (yang dikandung)nya. (az-Zalzalah/99: 1-2)\n\nDan apabila kuburan-kuburan dibongkar. (al-Infithar/82: 4)\n\nMaka tidakkah dia mengetahui apabila apa yang di dalam kubur dikeluarkan. (al-'Adiyat/100: 9)\n\nUntuk tafsir pada kalimat \"langit terbelah\" di atas, dapat dilihat kembali pada telaah ilmiah Surah al-Insyiqaq/84:1-5, lihat pula telaah ilmiah Surah al-haqqah/69:16 dan Surah al-Infithar/82:1. Kemudian, kalimat yang mengikutinya: \"¦dan patuh kepada Tuhannya, dan sudah semestinya langit itu patuh\", mengandung pengertian bahwa kejadian itu berlangsung menurut sunatullah, yaitu menurut hukum-hukum Allah yang ada di alam semesta ini. Pengertian \"bumi diratakan, dan memuntahkan apa yang ada di dalamnya dan menjadi kosong\" adalah bahwa bumi benar-benar luluh lantak, baik terjadinya benturan dengan planet atau benda langit lainnya, karena hilang atau kacaunya gaya gravitasi. Luluh lantaknya bumi inilah yang juga menyebabkan seluruh isi bumi dimuntahkan dan menjadikan isi bumi kosong. Kemudian, kalimat yang mengikutinya: \"¦dan patuh kepada Tuhannya, dan sudah semestinya bumi itu patuh\", mengandung pengertian bahwa kejadian itu berlangsung menurut sunatullah, yaitu menurut hukum-hukum Allah yang ada di alam semesta ini."
                    }
                }
            },
            {
                "number": {
                    "inQuran": 5888,
                    "inSurah": 4
                },
                "meta": {
                    "juz": 30,
                    "page": 589,
                    "manzil": 7,
                    "ruku": 526,
                    "hizbQuarter": 236,
                    "sajda": {
                        "recommended": false,
                        "obligatory": false
                    }
                },
                "text": {
                    "arab": "وَأَلْقَتْ مَا فِيهَا وَتَخَلَّتْ",
                    "transliteration": {
                        "en": "Wa alqat maa feehaa wa takhallat"
                    }
                },
                "translation": {
                    "en": "And has cast out that within it and relinquished [it]",
                    "id": "dan memuntahkan apa yang ada di dalamnya dan menjadi kosong,"
                },
                "audio": {
                    "primary": "https://cdn.alquran.cloud/media/audio/ayah/ar.alafasy/5888",
                    "secondary": [
                        "https://cdn.islamic.network/quran/audio/128/ar.alafasy/5888.mp3",
                        "https://cdn.islamic.network/quran/audio/64/ar.alafasy/5888.mp3"
                    ]
                },
                "tafsir": {
                    "id": {
                        "short": "Dan apabila bumi memuntahkan apa saja yang ada di dalamnya, seperti manusia yang terkubur, batuan, dan sebagainya, dan karenanya menjadi kosong bagaikan ibu hamil yang telah melahirkan janinnya.",
                        "long": "Selanjutnya Allah menerangkan bahwa bila bumi dan gunung-gunung hancur berkeping-keping sehingga menjadi rata dan mengeluarkan apa yang ada di dalam \"perut\"-nya, maka hal itu adalah karena ketundukannya pada perintah Allah dan kepatuhan melakukan kehendak-Nya.\n\nDalam ayat-ayat lain, Allah berfirman:\n\nApabila bumi diguncangkan dengan guncangan yang dahsyat, dan bumi telah mengeluarkan beban-beban berat (yang dikandung)nya. (az-Zalzalah/99: 1-2)\n\nDan apabila kuburan-kuburan dibongkar. (al-Infithar/82: 4)\n\nMaka tidakkah dia mengetahui apabila apa yang di dalam kubur dikeluarkan. (al-'Adiyat/100: 9)\n\nUntuk tafsir pada kalimat \"langit terbelah\" di atas, dapat dilihat kembali pada telaah ilmiah Surah al-Insyiqaq/84:1-5, lihat pula telaah ilmiah Surah al-haqqah/69:16 dan Surah al-Infithar/82:1. Kemudian, kalimat yang mengikutinya: \"¦dan patuh kepada Tuhannya, dan sudah semestinya langit itu patuh\", mengandung pengertian bahwa kejadian itu berlangsung menurut sunatullah, yaitu menurut hukum-hukum Allah yang ada di alam semesta ini. Pengertian \"bumi diratakan, dan memuntahkan apa yang ada di dalamnya dan menjadi kosong\" adalah bahwa bumi benar-benar luluh lantak, baik terjadinya benturan dengan planet atau benda langit lainnya, karena hilang atau kacaunya gaya gravitasi. Luluh lantaknya bumi inilah yang juga menyebabkan seluruh isi bumi dimuntahkan dan menjadikan isi bumi kosong. Kemudian, kalimat yang mengikutinya: \"¦dan patuh kepada Tuhannya, dan sudah semestinya bumi itu patuh\", mengandung pengertian bahwa kejadian itu berlangsung menurut sunatullah, yaitu menurut hukum-hukum Allah yang ada di alam semesta ini."
                    }
                }
            },
            {
                "number": {
                    "inQuran": 5889,
                    "inSurah": 5
                },
                "meta": {
                    "juz": 30,
                    "page": 589,
                    "manzil": 7,
                    "ruku": 526,
                    "hizbQuarter": 236,
                    "sajda": {
                        "recommended": false,
                        "obligatory": false
                    }
                },
                "text": {
                    "arab": "وَأَذِنَتْ لِرَبِّهَا وَحُقَّتْ",
                    "transliteration": {
                        "en": "Wa azinat li Rabbihaa wa huqqat"
                    }
                },
                "translation": {
                    "en": "And has responded to its Lord and was obligated [to do so] -",
                    "id": "dan patuh kepada Tuhannya, dan sudah semestinya patuh."
                },
                "audio": {
                    "primary": "https://cdn.alquran.cloud/media/audio/ayah/ar.alafasy/5889",
                    "secondary": [
                        "https://cdn.islamic.network/quran/audio/128/ar.alafasy/5889.mp3",
                        "https://cdn.islamic.network/quran/audio/64/ar.alafasy/5889.mp3"
                    ]
                },
                "tafsir": {
                    "id": {
                        "short": "Dan apabila bumi patuh kepada Tuhan yang telah menciptakan-nya, dan sudah semestinya bumi itu dan alam semesta tunduk patuh dalam kekuasaan dan genggaman-Nya. Ketika kejadian-kejadian luar biasa ini tiba, manusia akan mengetahui balasan atas semua perbuatannya.",
                        "long": "Selanjutnya Allah menerangkan bahwa bila bumi dan gunung-gunung hancur berkeping-keping sehingga menjadi rata dan mengeluarkan apa yang ada di dalam \"perut\"-nya, maka hal itu adalah karena ketundukannya pada perintah Allah dan kepatuhan melakukan kehendak-Nya.\n\nDalam ayat-ayat lain, Allah berfirman:\n\nApabila bumi diguncangkan dengan guncangan yang dahsyat, dan bumi telah mengeluarkan beban-beban berat (yang dikandung)nya. (az-Zalzalah/99: 1-2)\n\nDan apabila kuburan-kuburan dibongkar. (al-Infithar/82: 4)\n\nMaka tidakkah dia mengetahui apabila apa yang di dalam kubur dikeluarkan. (al-'Adiyat/100: 9)\n\nUntuk tafsir pada kalimat \"langit terbelah\" di atas, dapat dilihat kembali pada telaah ilmiah Surah al-Insyiqaq/84:1-5, lihat pula telaah ilmiah Surah al-haqqah/69:16 dan Surah al-Infithar/82:1. Kemudian, kalimat yang mengikutinya: \"¦dan patuh kepada Tuhannya, dan sudah semestinya langit itu patuh\", mengandung pengertian bahwa kejadian itu berlangsung menurut sunatullah, yaitu menurut hukum-hukum Allah yang ada di alam semesta ini. Pengertian \"bumi diratakan, dan memuntahkan apa yang ada di dalamnya dan menjadi kosong\" adalah bahwa bumi benar-benar luluh lantak, baik terjadinya benturan dengan planet atau benda langit lainnya, karena hilang atau kacaunya gaya gravitasi. Luluh lantaknya bumi inilah yang juga menyebabkan seluruh isi bumi dimuntahkan dan menjadikan isi bumi kosong. Kemudian, kalimat yang mengikutinya: \"¦dan patuh kepada Tuhannya, dan sudah semestinya bumi itu patuh\", mengandung pengertian bahwa kejadian itu berlangsung menurut sunatullah, yaitu menurut hukum-hukum Allah yang ada di alam semesta ini."
                    }
                }
            },
            {
                "number": {
                    "inQuran": 5890,
                    "inSurah": 6
                },
                "meta": {
                    "juz": 30,
                    "page": 589,
                    "manzil": 7,
                    "ruku": 526,
                    "hizbQuarter": 236,
                    "sajda": {
                        "recommended": false,
                        "obligatory": false
                    }
                },
                "text": {
                    "arab": "يَا أَيُّهَا الْإِنسَانُ إِنَّكَ كَادِحٌ إِلَىٰ رَبِّكَ كَدْحًا فَمُلَاقِيهِ",
                    "transliteration": {
                        "en": "Yaaa ayyuhal insaanu innaka kaadihun ilaa Rabbika kad han famulaaqeeh"
                    }
                },
                "translation": {
                    "en": "O mankind, indeed you are laboring toward your Lord with [great] exertion and will meet it.",
                    "id": "Wahai manusia! Sesungguhnya kamu telah bekerja keras menuju Tuhanmu, maka kamu akan menemui-Nya."
                },
                "audio": {
                    "primary": "https://cdn.alquran.cloud/media/audio/ayah/ar.alafasy/5890",
                    "secondary": [
                        "https://cdn.islamic.network/quran/audio/128/ar.alafasy/5890.mp3",
                        "https://cdn.islamic.network/quran/audio/64/ar.alafasy/5890.mp3"
                    ]
                },
                "tafsir": {
                    "id": {
                        "short": "Wahai manusia! Sesungguhnya kamu ketika di dunia telah bekerja keras siang dan malam untuk terus berbuat baik maupun buruk guna menuju kepada Tuhanmu, maka pada akhirnya pasti kamu akan menemui-Nya. Tiap hari yang seseorang lalui pada hakikatnya adalah langkah menuju kematian, menuju pertemuan dengan Tuhannya, berbekal amal masing-masing, lalu Tuhan akan memberinya balasan yang setimpal.",
                        "long": "Dalam ayat ini, Allah mengungkapkan bahwa manusia dalam masa hidupnya bekerja dengan sungguh-sungguh untuk mencapai cita-citanya. Setiap langkah manusia sesungguhnya menuju kepada akhir hidupnya, yaitu mati. Hal ini berarti kembali kepada Allah. Oleh karena itu, manusia akan mengetahui tentang baik buruk pekerjaan yang telah mereka kerjakan."
                    }
                }
            },
            {
                "number": {
                    "inQuran": 5891,
                    "inSurah": 7
                },
                "meta": {
                    "juz": 30,
                    "page": 589,
                    "manzil": 7,
                    "ruku": 526,
                    "hizbQuarter": 236,
                    "sajda": {
                        "recommended": false,
                        "obligatory": false
                    }
                },
                "text": {
                    "arab": "فَأَمَّا مَنْ أُوتِيَ كِتَابَهُ بِيَمِينِهِ",
                    "transliteration": {
                        "en": "Fa ammaa man ootiya kitaabahoo biyameenih"
                    }
                },
                "translation": {
                    "en": "Then as for he who is given his record in his right hand,",
                    "id": "Maka adapun orang yang catatannya diberikan dari sebelah kanannya,"
                },
                "audio": {
                    "primary": "https://cdn.alquran.cloud/media/audio/ayah/ar.alafasy/5891",
                    "secondary": [
                        "https://cdn.islamic.network/quran/audio/128/ar.alafasy/5891.mp3",
                        "https://cdn.islamic.network/quran/audio/64/ar.alafasy/5891.mp3"
                    ]
                },
                "tafsir": {
                    "id": {
                        "short": "Di hadapan Allah manusia akan terbagi menjadi dua kelompok: kelompok yang berbahagia dan kelompok yang sengsara. Maka adapun orang yang catatan amal-nya diberikan dari sebelah kanannya—mereka adalah orang yang beriman dan berbuat baik,",
                        "long": "Dalam ayat-ayat ini diterangkan golongan yang menerima catatan dengan tangan kanannya yang berisi apa-apa yang telah dikerjakannya, maka ia akan dihisab dengan mudah dan ringan. Dipaparkanlah semua perbuatannya yang baik dan yang buruk, kemudian diberi ganjaran atas perbuatannya yang baik dan dimaafkanlah perbuatannya yang buruk.\n\nDalam sebuah hadis Nabi saw dijelaskan:\n\nDari 'Aisyah, ia berkata, \"Aku mendengar Rasulullah saw. berdoa dalam sebagian salat yang dilakukannya, \"Wahai Allah, hisablah aku dengan hisab yang mudah\". Ketika Rasul selesai salat, aku berkata: \"Wahai Nabi Allah, apakah hisab yang mudah itu? Rasulullah menjawab, \"Hisab yang mudah adalah ketika Allah memeriksa catatan amal seseorang, Dia memaafkan. Wahai 'Aisyah, orang yang diinterogasi pada perhitungan amalnya di hari itu (Hari Kiamat), maka ia celaka. Dan setiap musibah yang menimpa seorang mukmin, Allah akan mengampuni (dosanya) dengan musibah itu, walau hanya sekedar tertusuk duri.\" (Riwayat Ahmad)\n\nMaksud Rasulullah dengan perhitungan yang mudah ialah dimaafkan segala kesalahannya, sedangkan orang yang diperiksa catatannya dengan teliti adalah orang yang mendapat malapetaka. Barang siapa mendapat perhitungan yang mudah dan ringan, ia akan kembali kepada keluarganya yang mukmin dengan gembira sebagaimana firman Allah:\n\nAdapun orang yang kitabnya diberikan di tangan kanannya, maka dia berkata, \"Ambillah, bacalah kitabku (ini). Sesungguhnya aku yakin bahwa (suatu saat) aku akan menerima perhitungan terhadap diriku.\" Maka orang itu berada dalam kehidupan yang diridai. (al-haqqah/69: 19-21)"
                    }
                }
            },
            {
                "number": {
                    "inQuran": 5892,
                    "inSurah": 8
                },
                "meta": {
                    "juz": 30,
                    "page": 589,
                    "manzil": 7,
                    "ruku": 526,
                    "hizbQuarter": 236,
                    "sajda": {
                        "recommended": false,
                        "obligatory": false
                    }
                },
                "text": {
                    "arab": "فَسَوْفَ يُحَاسَبُ حِسَابًا يَسِيرًا",
                    "transliteration": {
                        "en": "Fasawfa yuhaasabu hi saabai yaseeraa"
                    }
                },
                "translation": {
                    "en": "He will be judged with an easy account",
                    "id": "maka dia akan diperiksa dengan pemeriksaan yang mudah,"
                },
                "audio": {
                    "primary": "https://cdn.alquran.cloud/media/audio/ayah/ar.alafasy/5892",
                    "secondary": [
                        "https://cdn.islamic.network/quran/audio/128/ar.alafasy/5892.mp3",
                        "https://cdn.islamic.network/quran/audio/64/ar.alafasy/5892.mp3"
                    ]
                },
                "tafsir": {
                    "id": {
                        "short": "maka dia akan diperiksa dengan pemeriksaan yang mudah. Amal mereka akan ditampilkan secara sekilas, dan kesalahan mereka tertutup oleh kebaikan.",
                        "long": "Dalam ayat-ayat ini diterangkan golongan yang menerima catatan dengan tangan kanannya yang berisi apa-apa yang telah dikerjakannya, maka ia akan dihisab dengan mudah dan ringan. Dipaparkanlah semua perbuatannya yang baik dan yang buruk, kemudian diberi ganjaran atas perbuatannya yang baik dan dimaafkanlah perbuatannya yang buruk.\n\nDalam sebuah hadis Nabi saw dijelaskan:\n\nDari 'Aisyah, ia berkata, \"Aku mendengar Rasulullah saw. berdoa dalam sebagian salat yang dilakukannya, \"Wahai Allah, hisablah aku dengan hisab yang mudah\". Ketika Rasul selesai salat, aku berkata: \"Wahai Nabi Allah, apakah hisab yang mudah itu? Rasulullah menjawab, \"Hisab yang mudah adalah ketika Allah memeriksa catatan amal seseorang, Dia memaafkan. Wahai 'Aisyah, orang yang diinterogasi pada perhitungan amalnya di hari itu (Hari Kiamat), maka ia celaka. Dan setiap musibah yang menimpa seorang mukmin, Allah akan mengampuni (dosanya) dengan musibah itu, walau hanya sekedar tertusuk duri.\" (Riwayat Ahmad)\n\nMaksud Rasulullah dengan perhitungan yang mudah ialah dimaafkan segala kesalahannya, sedangkan orang yang diperiksa catatannya dengan teliti adalah orang yang mendapat malapetaka. Barang siapa mendapat perhitungan yang mudah dan ringan, ia akan kembali kepada keluarganya yang mukmin dengan gembira sebagaimana firman Allah:\n\nAdapun orang yang kitabnya diberikan di tangan kanannya, maka dia berkata, \"Ambillah, bacalah kitabku (ini). Sesungguhnya aku yakin bahwa (suatu saat) aku akan menerima perhitungan terhadap diriku.\" Maka orang itu berada dalam kehidupan yang diridai. (al-haqqah/69: 19-21)"
                    }
                }
            },
            {
                "number": {
                    "inQuran": 5893,
                    "inSurah": 9
                },
                "meta": {
                    "juz": 30,
                    "page": 589,
                    "manzil": 7,
                    "ruku": 526,
                    "hizbQuarter": 236,
                    "sajda": {
                        "recommended": false,
                        "obligatory": false
                    }
                },
                "text": {
                    "arab": "وَيَنقَلِبُ إِلَىٰ أَهْلِهِ مَسْرُورًا",
                    "transliteration": {
                        "en": "Wa yanqalibu ilaaa ahlihee masrooraa"
                    }
                },
                "translation": {
                    "en": "And return to his people in happiness.",
                    "id": "dan dia akan kembali kepada keluarganya (yang sama-sama beriman) dengan gembira."
                },
                "audio": {
                    "primary": "https://cdn.alquran.cloud/media/audio/ayah/ar.alafasy/5893",
                    "secondary": [
                        "https://cdn.islamic.network/quran/audio/128/ar.alafasy/5893.mp3",
                        "https://cdn.islamic.network/quran/audio/64/ar.alafasy/5893.mp3"
                    ]
                },
                "tafsir": {
                    "id": {
                        "short": "Dan dia akan kembali kepada keluarganya yang sama-sama beriman dengan riang gembira. Segala kecemasan yang mereka rasakan sebelum itu akan sirna. Mereka berbahagia bagaikan pahlawan yang memenangkan peperangan (Lihat: Surah al-Hàqqah/69: 19–20).",
                        "long": "Dalam ayat-ayat ini diterangkan golongan yang menerima catatan dengan tangan kanannya yang berisi apa-apa yang telah dikerjakannya, maka ia akan dihisab dengan mudah dan ringan. Dipaparkanlah semua perbuatannya yang baik dan yang buruk, kemudian diberi ganjaran atas perbuatannya yang baik dan dimaafkanlah perbuatannya yang buruk.\n\nDalam sebuah hadis Nabi saw dijelaskan:\n\nDari 'Aisyah, ia berkata, \"Aku mendengar Rasulullah saw. berdoa dalam sebagian salat yang dilakukannya, \"Wahai Allah, hisablah aku dengan hisab yang mudah\". Ketika Rasul selesai salat, aku berkata: \"Wahai Nabi Allah, apakah hisab yang mudah itu? Rasulullah menjawab, \"Hisab yang mudah adalah ketika Allah memeriksa catatan amal seseorang, Dia memaafkan. Wahai 'Aisyah, orang yang diinterogasi pada perhitungan amalnya di hari itu (Hari Kiamat), maka ia celaka. Dan setiap musibah yang menimpa seorang mukmin, Allah akan mengampuni (dosanya) dengan musibah itu, walau hanya sekedar tertusuk duri.\" (Riwayat Ahmad)\n\nMaksud Rasulullah dengan perhitungan yang mudah ialah dimaafkan segala kesalahannya, sedangkan orang yang diperiksa catatannya dengan teliti adalah orang yang mendapat malapetaka. Barang siapa mendapat perhitungan yang mudah dan ringan, ia akan kembali kepada keluarganya yang mukmin dengan gembira sebagaimana firman Allah:\n\nAdapun orang yang kitabnya diberikan di tangan kanannya, maka dia berkata, \"Ambillah, bacalah kitabku (ini). Sesungguhnya aku yakin bahwa (suatu saat) aku akan menerima perhitungan terhadap diriku.\" Maka orang itu berada dalam kehidupan yang diridai. (al-haqqah/69: 19-21)"
                    }
                }
            },
            {
                "number": {
                    "inQuran": 5894,
                    "inSurah": 10
                },
                "meta": {
                    "juz": 30,
                    "page": 589,
                    "manzil": 7,
                    "ruku": 526,
                    "hizbQuarter": 236,
                    "sajda": {
                        "recommended": false,
                        "obligatory": false
                    }
                },
                "text": {
                    "arab": "وَأَمَّا مَنْ أُوتِيَ كِتَابَهُ وَرَاءَ ظَهْرِهِ",
                    "transliteration": {
                        "en": "Wa ammaa man ootiya kitaabahoo waraaa'a zahrih"
                    }
                },
                "translation": {
                    "en": "But as for he who is given his record behind his back,",
                    "id": "Dan adapun orang yang catatannya diberikan dari sebelah belakang,"
                },
                "audio": {
                    "primary": "https://cdn.alquran.cloud/media/audio/ayah/ar.alafasy/5894",
                    "secondary": [
                        "https://cdn.islamic.network/quran/audio/128/ar.alafasy/5894.mp3",
                        "https://cdn.islamic.network/quran/audio/64/ar.alafasy/5894.mp3"
                    ]
                },
                "tafsir": {
                    "id": {
                        "short": "Dan adapun orang yang catatan amal-nya diberikan dari sebelah belakang sebagai tanda ketidaksenangan kepada mereka,",
                        "long": "Dalam ayat-ayat ini, Allah menerangkan bahwa golongan kedua adalah mereka yang banyak mengerjakan perbuatan maksiat, durhaka, dan tidak diridai Allah. Mereka akan menerima catatan perbuatan mereka dengan tangan kiri, dan dari belakang, kemudian mereka dimasukkan ke dalam neraka.\n\nDan adapun orang yang kitabnya diberikan di tangan kirinya, maka dia berkata, \"Alangkah baiknya jika kitabku (ini) tidak diberikan kepadaku. Sehingga aku tidak mengetahui bagaimana perhitunganku. Wahai, kiranya (kematian) itulah yang menyudahi segala sesuatu. Hartaku sama sekali tidak berguna bagiku. Kekuasaanku telah hilang dariku.\" (al-haqqah/69: 25-29)"
                    }
                }
            },
            {
                "number": {
                    "inQuran": 5895,
                    "inSurah": 11
                },
                "meta": {
                    "juz": 30,
                    "page": 589,
                    "manzil": 7,
                    "ruku": 526,
                    "hizbQuarter": 236,
                    "sajda": {
                        "recommended": false,
                        "obligatory": false
                    }
                },
                "text": {
                    "arab": "فَسَوْفَ يَدْعُو ثُبُورًا",
                    "transliteration": {
                        "en": "Fasawfa yad'oo subooraa"
                    }
                },
                "translation": {
                    "en": "He will cry out for destruction",
                    "id": "maka dia akan berteriak, “Celakalah aku!”"
                },
                "audio": {
                    "primary": "https://cdn.alquran.cloud/media/audio/ayah/ar.alafasy/5895",
                    "secondary": [
                        "https://cdn.islamic.network/quran/audio/128/ar.alafasy/5895.mp3",
                        "https://cdn.islamic.network/quran/audio/64/ar.alafasy/5895.mp3"
                    ]
                },
                "tafsir": {
                    "id": {
                        "short": "maka dia akan berteriak, “Celakalah aku!” (Lihat: Surah al-Hàqqah/69: 25–29). Dia merasa lebih baik mati daripada harus merasakan menghadapi azab yang akan menimpanya. Itulah balasan bagi mereka yang telah mendustakan rasul, mengingkari Allah, dan berbuat maksiat.",
                        "long": "Dalam ayat-ayat ini, Allah menerangkan bahwa golongan kedua adalah mereka yang banyak mengerjakan perbuatan maksiat, durhaka, dan tidak diridai Allah. Mereka akan menerima catatan perbuatan mereka dengan tangan kiri, dan dari belakang, kemudian mereka dimasukkan ke dalam neraka.\n\nDan adapun orang yang kitabnya diberikan di tangan kirinya, maka dia berkata, \"Alangkah baiknya jika kitabku (ini) tidak diberikan kepadaku. Sehingga aku tidak mengetahui bagaimana perhitunganku. Wahai, kiranya (kematian) itulah yang menyudahi segala sesuatu. Hartaku sama sekali tidak berguna bagiku. Kekuasaanku telah hilang dariku.\" (al-haqqah/69: 25-29)"
                    }
                }
            },
            {
                "number": {
                    "inQuran": 5896,
                    "inSurah": 12
                },
                "meta": {
                    "juz": 30,
                    "page": 589,
                    "manzil": 7,
                    "ruku": 526,
                    "hizbQuarter": 236,
                    "sajda": {
                        "recommended": false,
                        "obligatory": false
                    }
                },
                "text": {
                    "arab": "وَيَصْلَىٰ سَعِيرًا",
                    "transliteration": {
                        "en": "Wa yaslaa sa'eeraa"
                    }
                },
                "translation": {
                    "en": "And [enter to] burn in a Blaze.",
                    "id": "Dan dia akan masuk ke dalam api yang menyala-nyala (neraka)."
                },
                "audio": {
                    "primary": "https://cdn.alquran.cloud/media/audio/ayah/ar.alafasy/5896",
                    "secondary": [
                        "https://cdn.islamic.network/quran/audio/128/ar.alafasy/5896.mp3",
                        "https://cdn.islamic.network/quran/audio/64/ar.alafasy/5896.mp3"
                    ]
                },
                "tafsir": {
                    "id": {
                        "short": "Dan tidak hanya itu, dia juga akan masuk ke dalam api neraka yang menyala-nyala dan kadar panasnya jauh lebih tinggi daripada api dunia.",
                        "long": "Dalam ayat-ayat ini, Allah menerangkan bahwa golongan kedua adalah mereka yang banyak mengerjakan perbuatan maksiat, durhaka, dan tidak diridai Allah. Mereka akan menerima catatan perbuatan mereka dengan tangan kiri, dan dari belakang, kemudian mereka dimasukkan ke dalam neraka.\n\nDan adapun orang yang kitabnya diberikan di tangan kirinya, maka dia berkata, \"Alangkah baiknya jika kitabku (ini) tidak diberikan kepadaku. Sehingga aku tidak mengetahui bagaimana perhitunganku. Wahai, kiranya (kematian) itulah yang menyudahi segala sesuatu. Hartaku sama sekali tidak berguna bagiku. Kekuasaanku telah hilang dariku.\" (al-haqqah/69: 25-29)"
                    }
                }
            },
            {
                "number": {
                    "inQuran": 5897,
                    "inSurah": 13
                },
                "meta": {
                    "juz": 30,
                    "page": 589,
                    "manzil": 7,
                    "ruku": 526,
                    "hizbQuarter": 236,
                    "sajda": {
                        "recommended": false,
                        "obligatory": false
                    }
                },
                "text": {
                    "arab": "إِنَّهُ كَانَ فِي أَهْلِهِ مَسْرُورًا",
                    "transliteration": {
                        "en": "Innahoo kaana feee ahlihee masrooraa"
                    }
                },
                "translation": {
                    "en": "Indeed, he had [once] been among his people in happiness;",
                    "id": "Sungguh, dia dahulu (di dunia) bergembira di kalangan keluarganya (yang sama-sama kafir)."
                },
                "audio": {
                    "primary": "https://cdn.alquran.cloud/media/audio/ayah/ar.alafasy/5897",
                    "secondary": [
                        "https://cdn.islamic.network/quran/audio/128/ar.alafasy/5897.mp3",
                        "https://cdn.islamic.network/quran/audio/64/ar.alafasy/5897.mp3"
                    ]
                },
                "tafsir": {
                    "id": {
                        "short": "Sungguh, dia yang menerima catatan amalnya dari arah belakang dahulu di dunia bergembira di kalangan keluarganya yang kafir. Mereka melampiaskan hawa nafsu dengan kufur dan berbuat maksiat, seakan mereka akan hidup selamanya.",
                        "long": "Dalam ayat-ayat ini, Allah menjelaskan bahwa ada dua hal yang menjadi sebab mengapa mereka menerima catatan amalnya dengan tangan kiri, yaitu: pertama, mereka berbuat sekehendak hatinya, mengerjakan kejahatan dan kemaksiatan dengan tidak memikirkan akibat buruk yang akan menimpa mereka di akhirat kelak.\n\nKedua, mereka menyangka bahwa mereka tidak akan kembali kepada Tuhannya dan tidak akan dibangkitkan kembali untuk dihisab dan menerima hasil perbuatan mereka di dunia."
                    }
                }
            },
            {
                "number": {
                    "inQuran": 5898,
                    "inSurah": 14
                },
                "meta": {
                    "juz": 30,
                    "page": 589,
                    "manzil": 7,
                    "ruku": 526,
                    "hizbQuarter": 236,
                    "sajda": {
                        "recommended": false,
                        "obligatory": false
                    }
                },
                "text": {
                    "arab": "إِنَّهُ ظَنَّ أَن لَّن يَحُورَ",
                    "transliteration": {
                        "en": "Innahoo zanna al lai yahoor"
                    }
                },
                "translation": {
                    "en": "Indeed, he had thought he would never return [to Allah].",
                    "id": "Sesungguhnya dia mengira bahwa dia tidak akan kembali (kepada Tuhannya)."
                },
                "audio": {
                    "primary": "https://cdn.alquran.cloud/media/audio/ayah/ar.alafasy/5898",
                    "secondary": [
                        "https://cdn.islamic.network/quran/audio/128/ar.alafasy/5898.mp3",
                        "https://cdn.islamic.network/quran/audio/64/ar.alafasy/5898.mp3"
                    ]
                },
                "tafsir": {
                    "id": {
                        "short": "Sesungguhnya dia menikmati kekafirannya, merasa leluasa berbuat maksiat, dan mengira bahwa dia tidak akan kembali kepada Tuhan untuk dimintai pertanggungjawaban.",
                        "long": "Dalam ayat-ayat ini, Allah menjelaskan bahwa ada dua hal yang menjadi sebab mengapa mereka menerima catatan amalnya dengan tangan kiri, yaitu: pertama, mereka berbuat sekehendak hatinya, mengerjakan kejahatan dan kemaksiatan dengan tidak memikirkan akibat buruk yang akan menimpa mereka di akhirat kelak.\n\nKedua, mereka menyangka bahwa mereka tidak akan kembali kepada Tuhannya dan tidak akan dibangkitkan kembali untuk dihisab dan menerima hasil perbuatan mereka di dunia."
                    }
                }
            },
            {
                "number": {
                    "inQuran": 5899,
                    "inSurah": 15
                },
                "meta": {
                    "juz": 30,
                    "page": 589,
                    "manzil": 7,
                    "ruku": 526,
                    "hizbQuarter": 236,
                    "sajda": {
                        "recommended": false,
                        "obligatory": false
                    }
                },
                "text": {
                    "arab": "بَلَىٰ إِنَّ رَبَّهُ كَانَ بِهِ بَصِيرًا",
                    "transliteration": {
                        "en": "Balaaa inna Rabbahoo kaana bihee baseeraa"
                    }
                },
                "translation": {
                    "en": "But yes! Indeed, his Lord was ever of him, Seeing.",
                    "id": "Tidak demikian, sesungguhnya Tuhannya selalu melihatnya."
                },
                "audio": {
                    "primary": "https://cdn.alquran.cloud/media/audio/ayah/ar.alafasy/5899",
                    "secondary": [
                        "https://cdn.islamic.network/quran/audio/128/ar.alafasy/5899.mp3",
                        "https://cdn.islamic.network/quran/audio/64/ar.alafasy/5899.mp3"
                    ]
                },
                "tafsir": {
                    "id": {
                        "short": "Tidak demikian. Mereka pasti akan kembali kepada Allah untuk mempertanggungjawabkan semua perbuatannya. Sesungguhnya Tuhannya selalu melihat dan mencatat perbuatan-nya, lalu Dia akan membalasnya dengan sangat adil. Perbuatan baik dibalas kebaikan dan perbuatan buruk dibalas dengan siksa.",
                        "long": "Dalam ayat ini, Allah menegaskan bahwa mereka sesungguhnya akan kembali kepada-Nya dan akan menerima hasil perbuatan mereka di dunia. Orang yang saleh dan patuh mengerjakan perintah-Nya akan dimasukkan ke dalam surga, sedang orang yang durhaka dan banyak berbuat maksiat akan dimasukkan ke dalam neraka."
                    }
                }
            },
            {
                "number": {
                    "inQuran": 5900,
                    "inSurah": 16
                },
                "meta": {
                    "juz": 30,
                    "page": 589,
                    "manzil": 7,
                    "ruku": 526,
                    "hizbQuarter": 236,
                    "sajda": {
                        "recommended": false,
                        "obligatory": false
                    }
                },
                "text": {
                    "arab": "فَلَا أُقْسِمُ بِالشَّفَقِ",
                    "transliteration": {
                        "en": "Falaaa uqsimu bishshafaq"
                    }
                },
                "translation": {
                    "en": "So I swear by the twilight glow",
                    "id": "Maka Aku bersumpah demi cahaya merah pada waktu senja,"
                },
                "audio": {
                    "primary": "https://cdn.alquran.cloud/media/audio/ayah/ar.alafasy/5900",
                    "secondary": [
                        "https://cdn.islamic.network/quran/audio/128/ar.alafasy/5900.mp3",
                        "https://cdn.islamic.network/quran/audio/64/ar.alafasy/5900.mp3"
                    ]
                },
                "tafsir": {
                    "id": {
                        "short": "Tuhan Mahakuasa di alam semesta. Maka Aku bersumpah demi cahaya merah pada waktu senja, saat matahari akan terbenam dan cahayanya yang tampak kemerahan masih pendar ke sebagian penjuru langit.",
                        "long": "Dalam ayat-ayat ini, Allah bersumpah dengan cahaya merah pada waktu senja, dengan malam dan apa-apa yang diselubunginya dan dengan bulan apabila jadi purnama bahwa sesungguhnya manusia melalui tahap demi tahap dalam kehidupan, dari setetes air mani sampai dilahirkan.\n\nKemudian melalui masa kanak-kanak, remaja dan dewasa sampai tua. Kemudian dari hidup sampai mati, lalu dibangkitkan kembali, hidup kembali di surga atau neraka setelah melalui ujian dan perhitungan yang sangat teliti."
                    }
                }
            },
            {
                "number": {
                    "inQuran": 5901,
                    "inSurah": 17
                },
                "meta": {
                    "juz": 30,
                    "page": 589,
                    "manzil": 7,
                    "ruku": 526,
                    "hizbQuarter": 236,
                    "sajda": {
                        "recommended": false,
                        "obligatory": false
                    }
                },
                "text": {
                    "arab": "وَاللَّيْلِ وَمَا وَسَقَ",
                    "transliteration": {
                        "en": "Wallaili wa maa wasaq"
                    }
                },
                "translation": {
                    "en": "And [by] the night and what it envelops",
                    "id": "demi malam dan apa yang diselubunginya,"
                },
                "audio": {
                    "primary": "https://cdn.alquran.cloud/media/audio/ayah/ar.alafasy/5901",
                    "secondary": [
                        "https://cdn.islamic.network/quran/audio/128/ar.alafasy/5901.mp3",
                        "https://cdn.islamic.network/quran/audio/64/ar.alafasy/5901.mp3"
                    ]
                },
                "tafsir": {
                    "id": {
                        "short": "Dan Aku pun bersumpah demi malam dan apa yang diselubunginya dengan kegelapan akibat hilangnya cahaya matahari.",
                        "long": "Dalam ayat-ayat ini, Allah bersumpah dengan cahaya merah pada waktu senja, dengan malam dan apa-apa yang diselubunginya dan dengan bulan apabila jadi purnama bahwa sesungguhnya manusia melalui tahap demi tahap dalam kehidupan, dari setetes air mani sampai dilahirkan.\n\nKemudian melalui masa kanak-kanak, remaja dan dewasa sampai tua. Kemudian dari hidup sampai mati, lalu dibangkitkan kembali, hidup kembali di surga atau neraka setelah melalui ujian dan perhitungan yang sangat teliti."
                    }
                }
            },
            {
                "number": {
                    "inQuran": 5902,
                    "inSurah": 18
                },
                "meta": {
                    "juz": 30,
                    "page": 589,
                    "manzil": 7,
                    "ruku": 526,
                    "hizbQuarter": 236,
                    "sajda": {
                        "recommended": false,
                        "obligatory": false
                    }
                },
                "text": {
                    "arab": "وَالْقَمَرِ إِذَا اتَّسَقَ",
                    "transliteration": {
                        "en": "Walqamari izat tasaq"
                    }
                },
                "translation": {
                    "en": "And [by] the moon when it becomes full",
                    "id": "demi bulan apabila jadi purnama,"
                },
                "audio": {
                    "primary": "https://cdn.alquran.cloud/media/audio/ayah/ar.alafasy/5902",
                    "secondary": [
                        "https://cdn.islamic.network/quran/audio/128/ar.alafasy/5902.mp3",
                        "https://cdn.islamic.network/quran/audio/64/ar.alafasy/5902.mp3"
                    ]
                },
                "tafsir": {
                    "id": {
                        "short": "Dan Aku bersumpah pula demi bulan apabila jadi purnama, ketika bulan bercahaya penuh sehingga suasana malam menjadi menawan. Perubahan suasana alam menunjukkan adanya kekuatan luar biasa yang mampu mengendalikannya. Dialah Allah Yang Mahakuasa.",
                        "long": "Dalam ayat-ayat ini, Allah bersumpah dengan cahaya merah pada waktu senja, dengan malam dan apa-apa yang diselubunginya dan dengan bulan apabila jadi purnama bahwa sesungguhnya manusia melalui tahap demi tahap dalam kehidupan, dari setetes air mani sampai dilahirkan.\n\nKemudian melalui masa kanak-kanak, remaja dan dewasa sampai tua. Kemudian dari hidup sampai mati, lalu dibangkitkan kembali, hidup kembali di surga atau neraka setelah melalui ujian dan perhitungan yang sangat teliti."
                    }
                }
            },
            {
                "number": {
                    "inQuran": 5903,
                    "inSurah": 19
                },
                "meta": {
                    "juz": 30,
                    "page": 589,
                    "manzil": 7,
                    "ruku": 526,
                    "hizbQuarter": 236,
                    "sajda": {
                        "recommended": false,
                        "obligatory": false
                    }
                },
                "text": {
                    "arab": "لَتَرْكَبُنَّ طَبَقًا عَن طَبَقٍ",
                    "transliteration": {
                        "en": "Latarkabunna tabaqan 'an tabaq"
                    }
                },
                "translation": {
                    "en": "[That] you will surely experience state after state.",
                    "id": "sungguh, akan kamu jalani tingkat demi tingkat (dalam kehidupan)."
                },
                "audio": {
                    "primary": "https://cdn.alquran.cloud/media/audio/ayah/ar.alafasy/5903",
                    "secondary": [
                        "https://cdn.islamic.network/quran/audio/128/ar.alafasy/5903.mp3",
                        "https://cdn.islamic.network/quran/audio/64/ar.alafasy/5903.mp3"
                    ]
                },
                "tafsir": {
                    "id": {
                        "short": "Sungguh, akan kamu jalani kehidupanmu tingkat demi tingkat. Kamu semula berupa nutfah, lalu menjadi alaqah, menjadi mudgah, lalu menerima ruh dari Tuhanmu, terlahir ke dunia, tumbuh dari kanak-kanak hingga dewasa dan tua. Akan kamu rasakan dalam hidupmu berbagai keadaan, dari yang mudah hingga yang sulit. Setelah itu kamu mati, dibangkitkan, dan dipisahkan menjadi dua kelompok: penghuni surga dan penghuni neraka.",
                        "long": "Dalam ayat-ayat ini, Allah bersumpah dengan cahaya merah pada waktu senja, dengan malam dan apa-apa yang diselubunginya dan dengan bulan apabila jadi purnama bahwa sesungguhnya manusia melalui tahap demi tahap dalam kehidupan, dari setetes air mani sampai dilahirkan.\n\nKemudian melalui masa kanak-kanak, remaja dan dewasa sampai tua. Kemudian dari hidup sampai mati, lalu dibangkitkan kembali, hidup kembali di surga atau neraka setelah melalui ujian dan perhitungan yang sangat teliti."
                    }
                }
            },
            {
                "number": {
                    "inQuran": 5904,
                    "inSurah": 20
                },
                "meta": {
                    "juz": 30,
                    "page": 589,
                    "manzil": 7,
                    "ruku": 526,
                    "hizbQuarter": 236,
                    "sajda": {
                        "recommended": false,
                        "obligatory": false
                    }
                },
                "text": {
                    "arab": "فَمَا لَهُمْ لَا يُؤْمِنُونَ",
                    "transliteration": {
                        "en": "Famaa lahum laa yu'minoon"
                    }
                },
                "translation": {
                    "en": "So what is [the matter] with them [that] they do not believe,",
                    "id": "Maka mengapa mereka tidak mau beriman?"
                },
                "audio": {
                    "primary": "https://cdn.alquran.cloud/media/audio/ayah/ar.alafasy/5904",
                    "secondary": [
                        "https://cdn.islamic.network/quran/audio/128/ar.alafasy/5904.mp3",
                        "https://cdn.islamic.network/quran/audio/64/ar.alafasy/5904.mp3"
                    ]
                },
                "tafsir": {
                    "id": {
                        "short": "Setelah melihat tanda-tanda kekuasaan Allah yang begitu nyata, maka mengapa mereka yang kafir itu bersikeras tidak mau beriman kepada Allah, hari kebangkitan, Nabi Muhammad, dan Al-Qur’an?",
                        "long": "Dalam ayat ini, Allah mencela sikap dan perbuatan mereka, \"Mengapa mereka masih tidak mau beriman, sedangkan bukti telah nyata menunjukkan adanya hari kebangkitan itu?\" Firman Allah:\n\nOrang-orang yang kafir mengira, bahwa mereka tidak akan dibangkitkan. Katakanlah (Muhammad), \"Tidak demikian, demi Tuhanku, kamu pasti dibangkitkan, kemudian diberitakan semua yang telah kamu kerjakan.\" Dan yang demikian itu mudah bagi Allah. (at-Tagabun/64: 7)"
                    }
                }
            },
            {
                "number": {
                    "inQuran": 5905,
                    "inSurah": 21
                },
                "meta": {
                    "juz": 30,
                    "page": 589,
                    "manzil": 7,
                    "ruku": 526,
                    "hizbQuarter": 236,
                    "sajda": {
                        "recommended": true,
                        "obligatory": false
                    }
                },
                "text": {
                    "arab": "وَإِذَا قُرِئَ عَلَيْهِمُ الْقُرْآنُ لَا يَسْجُدُونَ ۩",
                    "transliteration": {
                        "en": "Wa izaa quri'a 'alaihimul Quraanu laa yasjudoon"
                    }
                },
                "translation": {
                    "en": "And when the Qur'an is recited to them, they do not prostrate [to Allah]?",
                    "id": "Dan apabila Al-Qur'an dibacakan kepada mereka, mereka tidak (mau) bersujud,"
                },
                "audio": {
                    "primary": "https://cdn.alquran.cloud/media/audio/ayah/ar.alafasy/5905",
                    "secondary": [
                        "https://cdn.islamic.network/quran/audio/128/ar.alafasy/5905.mp3",
                        "https://cdn.islamic.network/quran/audio/64/ar.alafasy/5905.mp3"
                    ]
                },
                "tafsir": {
                    "id": {
                        "short": "Dan mengapa pula apabila Al-Qur’an yang penuh nilai kebenaran dan sastra yang tinggi itu dibacakan kepada mereka, mereka tidak mau bersujud kepada Allah dan tunduk pada ajaran Al-Qur’an, padahal kaum kafir itu selalu menyanjung dan mengagumi karya sastra yang bernilai tinggi?",
                        "long": "Dalam ayat ini, Allah menerangkan bahwa mereka tidak mau mengakui bahwa Al-Qur'an itu kalam Ilahi yang harus dimuliakan dan dipatuhi serta mengakui bahwa sesungguhnya Nabi Muhammad saw utusan Allah."
                    }
                }
            },
            {
                "number": {
                    "inQuran": 5906,
                    "inSurah": 22
                },
                "meta": {
                    "juz": 30,
                    "page": 589,
                    "manzil": 7,
                    "ruku": 526,
                    "hizbQuarter": 236,
                    "sajda": {
                        "recommended": false,
                        "obligatory": false
                    }
                },
                "text": {
                    "arab": "بَلِ الَّذِينَ كَفَرُوا يُكَذِّبُونَ",
                    "transliteration": {
                        "en": "Balil lazeena kafaroo yukazziboon"
                    }
                },
                "translation": {
                    "en": "But those who have disbelieved deny,",
                    "id": "bahkan orang-orang kafir itu mendustakan(nya)."
                },
                "audio": {
                    "primary": "https://cdn.alquran.cloud/media/audio/ayah/ar.alafasy/5906",
                    "secondary": [
                        "https://cdn.islamic.network/quran/audio/128/ar.alafasy/5906.mp3",
                        "https://cdn.islamic.network/quran/audio/64/ar.alafasy/5906.mp3"
                    ]
                },
                "tafsir": {
                    "id": {
                        "short": "Mereka enggan beriman, bahkan orang-orang kafir itu mendustakan Al-Qur’an dan hari kebangkitan dengan berbagai alasan, seperti dengki kepada Nabi Muhammad, khawatir kehilangan status sosial, atau hanya merasa diri mulia.",
                        "long": "Dalam ayat ini, Allah menerangkan bahwa mereka tidak mau mengakui bahwa Al-Qur'an itu kalam Ilahi yang harus dimuliakan dan dipatuhi serta mengakui bahwa sesungguhnya Nabi Muhammad saw utusan Allah."
                    }
                }
            },
            {
                "number": {
                    "inQuran": 5907,
                    "inSurah": 23
                },
                "meta": {
                    "juz": 30,
                    "page": 589,
                    "manzil": 7,
                    "ruku": 526,
                    "hizbQuarter": 236,
                    "sajda": {
                        "recommended": false,
                        "obligatory": false
                    }
                },
                "text": {
                    "arab": "وَاللَّهُ أَعْلَمُ بِمَا يُوعُونَ",
                    "transliteration": {
                        "en": "Wallaahu a'lamu bimaa yoo'oon"
                    }
                },
                "translation": {
                    "en": "And Allah is most knowing of what they keep within themselves.",
                    "id": "Dan Allah lebih mengetahui apa yang mereka sembunyikan (dalam hati mereka)."
                },
                "audio": {
                    "primary": "https://cdn.alquran.cloud/media/audio/ayah/ar.alafasy/5907",
                    "secondary": [
                        "https://cdn.islamic.network/quran/audio/128/ar.alafasy/5907.mp3",
                        "https://cdn.islamic.network/quran/audio/64/ar.alafasy/5907.mp3"
                    ]
                },
                "tafsir": {
                    "id": {
                        "short": "Dan mereka tetap ingkar, padahal Allah lebih mengetahui dengan pasti apa yang mereka sembunyikan dalam hati mereka. Allah akan membuka semua isi hati mereka kelak di hari kiamat.",
                        "long": "Dalam ayat-ayat berikut ini, Allah menerangkan sebab mereka tidak mau mengakuinya, yaitu:\n\n1.Mereka dengki kepada Nabi Muhammad atas kelebihan yang telah dikaruniakan Allah kepadanya.\n\n2.Mereka takut kehilangan pengaruh dan kedudukan sebagai pemimpin bangsanya.\n\n3.Mereka tidak mau mengganti kepercayaan yang telah dianut oleh nenek moyang mereka dengan kepercayaan yang lain. Allah mengetahui apa yang mereka sembunyikan dalam hati mereka. Oleh karena itu, Allah mengejek mereka dengan kata-kata, \"Berilah kabar gembira kepada mereka dengan azab yang pedih di hari Kiamat nanti.\""
                    }
                }
            },
            {
                "number": {
                    "inQuran": 5908,
                    "inSurah": 24
                },
                "meta": {
                    "juz": 30,
                    "page": 589,
                    "manzil": 7,
                    "ruku": 526,
                    "hizbQuarter": 236,
                    "sajda": {
                        "recommended": false,
                        "obligatory": false
                    }
                },
                "text": {
                    "arab": "فَبَشِّرْهُم بِعَذَابٍ أَلِيمٍ",
                    "transliteration": {
                        "en": "Fabashshirhum bi'azaabin aleem"
                    }
                },
                "translation": {
                    "en": "So give them tidings of a painful punishment,",
                    "id": "Maka sampaikanlah kepada mereka (ancaman) azab yang pedih,"
                },
                "audio": {
                    "primary": "https://cdn.alquran.cloud/media/audio/ayah/ar.alafasy/5908",
                    "secondary": [
                        "https://cdn.islamic.network/quran/audio/128/ar.alafasy/5908.mp3",
                        "https://cdn.islamic.network/quran/audio/64/ar.alafasy/5908.mp3"
                    ]
                },
                "tafsir": {
                    "id": {
                        "short": "Atas pengingkaran mereka terhadap kebenaran yang datang dari Allah, maka sampaikanlah kepada mereka ancaman berupa azab yang pedih di akhirat.",
                        "long": "Dalam ayat-ayat berikut ini, Allah menerangkan sebab mereka tidak mau mengakuinya, yaitu:\n\n1.Mereka dengki kepada Nabi Muhammad atas kelebihan yang telah dikaruniakan Allah kepadanya.\n\n2.Mereka takut kehilangan pengaruh dan kedudukan sebagai pemimpin bangsanya.\n\n3.Mereka tidak mau mengganti kepercayaan yang telah dianut oleh nenek moyang mereka dengan kepercayaan yang lain. Allah mengetahui apa yang mereka sembunyikan dalam hati mereka. Oleh karena itu, Allah mengejek mereka dengan kata-kata, \"Berilah kabar gembira kepada mereka dengan azab yang pedih di hari Kiamat nanti.\""
                    }
                }
            },
            {
                "number": {
                    "inQuran": 5909,
                    "inSurah": 25
                },
                "meta": {
                    "juz": 30,
                    "page": 589,
                    "manzil": 7,
                    "ruku": 526,
                    "hizbQuarter": 236,
                    "sajda": {
                        "recommended": false,
                        "obligatory": false
                    }
                },
                "text": {
                    "arab": "إِلَّا الَّذِينَ آمَنُوا وَعَمِلُوا الصَّالِحَاتِ لَهُمْ أَجْرٌ غَيْرُ مَمْنُونٍ",
                    "transliteration": {
                        "en": "Illal lazeena aamanoo wa 'amilus saalihaati lahum ajrun ghairu mamnoon"
                    }
                },
                "translation": {
                    "en": "Except for those who believe and do righteous deeds. For them is a reward uninterrupted.",
                    "id": "kecuali orang-orang yang beriman dan mengerjakan kebajikan, mereka akan mendapat pahala yang tidak putus-putusnya."
                },
                "audio": {
                    "primary": "https://cdn.alquran.cloud/media/audio/ayah/ar.alafasy/5909",
                    "secondary": [
                        "https://cdn.islamic.network/quran/audio/128/ar.alafasy/5909.mp3",
                        "https://cdn.islamic.network/quran/audio/64/ar.alafasy/5909.mp3"
                    ]
                },
                "tafsir": {
                    "id": {
                        "short": "Demikianlah, Allah akan mengazab orang-orang yang ingkar. Kecuali orang-orang yang beriman dan mengerjakan kebajikan, mereka akan mendapat pahala yang tidak putus-putusnya sebagai anugerah dari Allah dan penghargaan atas perbuatan baiknya.",
                        "long": "Dalam ayat ini, Allah menerangkan bahwa orang-orang yang beriman kepada Allah dan Rasul-Nya, percaya kepada Al-Qur'an, serta mengerjakan ajarannya dengan sebaik-baiknya, akan mendapat ganjaran dari Allah yang tidak ada putus-putusnya, abadi selama-lamanya."
                    }
                }
            }
        ]
    }
}