{
    "code": 200,
    "status": "OK.",
    "message": "Success fetching surah.",
    "data": {
        "number": 90,
        "sequence": 35,
        "numberOfVerses": 20,
        "name": {
            "short": "البلد",
            "long": "سورة البلد",
            "transliteration": {
                "en": "Al-Balad",
                "id": "Al-Balad"
            },
            "translation": {
                "en": "The City",
                "id": "Negeri"
            }
        },
        "revelation": {
            "arab": "مكة",
            "en": "Meccan",
            "id": "Makkiyyah"
        },
        "tafsir": {
            "id": "Surat Al Balad terdiri atas 20 ayat, termasuk golongan surat-surat Makkiyyah, diturunkan sesudah surat Qaaf. Dinamai Al Balad, diambil dari perkataan Al Balad yang terdapat  pada ayat pertama surat ini. Yang dimaksud dengan kota di sini ialah kota Mekah."
        },
        "preBismillah": {
            "text": {
                "arab": "بِسْمِ اللَّهِ الرَّحْمَٰنِ الرَّحِيمِ",
                "transliteration": {
                    "en": "Bismillaahir Rahmaanir Raheem"
                }
            },
            "translation": {
                "en": "In the name of Allah, the Entirely Merciful, the Especially Merciful.",
                "id": "Dengan nama Allah Yang Maha Pengasih, Maha Penyayang."
            },
            "audio": {
                "primary": "https://cdn.alquran.cloud/media/audio/ayah/ar.alafasy/1",
                "secondary": [
                    "https://cdn.islamic.network/quran/audio/128/ar.alafasy/1.mp3",
                    "https://cdn.islamic.network/quran/audio/64/ar.alafasy/1.mp3"
                ]
            }
        },
        "verses": [
            {
                "number": {
                    "inQuran": 6024,
                    "inSurah": 1
                },
                "meta": {
                    "juz": 30,
                    "page": 594,
                    "manzil": 7,
                    "ruku": 532,
                    "hizbQuarter": 238,
                    "sajda": {
                        "recommended": false,
                        "obligatory": false
                    }
                },
                "text": {
                    "arab": "لَا أُقْسِمُ بِهَٰذَا الْبَلَدِ",
                    "transliteration": {
                        "en": "Laaa uqsimu bihaazal balad"
                    }
                },
                "translation": {
                    "en": "I swear by this city, Makkah -",
                    "id": "Aku bersumpah dengan negeri ini (Mekah),"
                },
                "audio": {
                    "primary": "https://cdn.alquran.cloud/media/audio/ayah/ar.alafasy/6024",
                    "secondary": [
                        "https://cdn.islamic.network/quran/audio/128/ar.alafasy/6024.mp3",
                        "https://cdn.islamic.network/quran/audio/64/ar.alafasy/6024.mp3"
                    ]
                },
                "tafsir": {
                    "id": {
                        "short": "Aku bersumpah dengan negeri ini, yakni kota Mekah, kota kelahiran Nabi dan kota suci umat Islam.",
                        "long": "Ayat ini secara harfiah terjemahannya, \"Aku tidak bersumpah dengan negeri ini.\" Kata \"tidak\" (lA) dalam ayat itu berfungsi menguatkan, karena itu maksudnya, \"Aku benar-benar bersumpah dengan negeri ini.\" Atau ayat itu dibaca, \"Tidak! Aku bersumpah dengan negeri ini,\" yang juga bermakna menekankan. \n\nAllah bersumpah dengan kota Mekah, tempat di mana terdapat Ka'bah yang dituju oleh manusia dari segala penjuru semenjak didirikan oleh Nabi Ibrahim sampai sekarang untuk melaksanakan ibadah haji. Di samping itu, kota ini juga menjadi pusat perdagangan semenjak lama sekali. Karena didatangi setiap tahun dari segenap penjuru itu, maka kota itu dinamai juga Ummul-Qura (Induk Negeri-negeri). Kota itu makmur sekalipun sekelilingnya padang pasir."
                    }
                }
            },
            {
                "number": {
                    "inQuran": 6025,
                    "inSurah": 2
                },
                "meta": {
                    "juz": 30,
                    "page": 594,
                    "manzil": 7,
                    "ruku": 532,
                    "hizbQuarter": 238,
                    "sajda": {
                        "recommended": false,
                        "obligatory": false
                    }
                },
                "text": {
                    "arab": "وَأَنتَ حِلٌّ بِهَٰذَا الْبَلَدِ",
                    "transliteration": {
                        "en": "Wa anta hillum bihaazal balad"
                    }
                },
                "translation": {
                    "en": "And you, [O Muhammad], are free of restriction in this city -",
                    "id": "dan engkau (Muhammad), bertempat di negeri (Mekah) ini,"
                },
                "audio": {
                    "primary": "https://cdn.alquran.cloud/media/audio/ayah/ar.alafasy/6025",
                    "secondary": [
                        "https://cdn.islamic.network/quran/audio/128/ar.alafasy/6025.mp3",
                        "https://cdn.islamic.network/quran/audio/64/ar.alafasy/6025.mp3"
                    ]
                },
                "tafsir": {
                    "id": {
                        "short": "Dan engkau, wahai Nabi, bertempat tinggal di negeri Mekah ini, membuatnya bertambah mulia.",
                        "long": "Kata hill dalam ayat itu berarti \"bertempat\". Maksudnya adalah bahwa kota ini adalah juga tempat lahir Nabi Muhammad yang merupakan nabi terbesar dan terakhir yang membawa agama Islam. Dengan demikian, Allah bersumpah dengan kota Mekah yang agung karena tempat kelahiran manusia agung, yaitu Muhammad saw. Ada pula yang menafsirkan hill dalam ayat itu \"halal\", yaitu halal bagi Nabi berperang dalam kota itu bila diperangi, apa yang tidak dihalalkan bagi orang lain."
                    }
                }
            },
            {
                "number": {
                    "inQuran": 6026,
                    "inSurah": 3
                },
                "meta": {
                    "juz": 30,
                    "page": 594,
                    "manzil": 7,
                    "ruku": 532,
                    "hizbQuarter": 238,
                    "sajda": {
                        "recommended": false,
                        "obligatory": false
                    }
                },
                "text": {
                    "arab": "وَوَالِدٍ وَمَا وَلَدَ",
                    "transliteration": {
                        "en": "Wa waalidinw wa maa walad"
                    }
                },
                "translation": {
                    "en": "And [by] the father and that which was born [of him],",
                    "id": "dan demi (pertalian) bapak dan anaknya."
                },
                "audio": {
                    "primary": "https://cdn.alquran.cloud/media/audio/ayah/ar.alafasy/6026",
                    "secondary": [
                        "https://cdn.islamic.network/quran/audio/128/ar.alafasy/6026.mp3",
                        "https://cdn.islamic.network/quran/audio/64/ar.alafasy/6026.mp3"
                    ]
                },
                "tafsir": {
                    "id": {
                        "short": "Dan demi pertalian bapak dan anaknya, demi Adam dan anak cucunya. Manusia dengan kehendak Allah mengalami siklus dari kanak-kanak menuju dewasa, berkeluarga, beranak pinak, dan berakhir dengan kematian. Inilah fenomena kehidupan yang perlu direnungi.",
                        "long": "Allah bersumpah dengan seorang ayah, yaitu Ibrahim, dan anaknya, yaitu Ismail yang nanti menurunkan Nabi Muhammad. Dengan demikian, Allah bersumpah dengan nenek moyang Nabi Muhammad setelah sebelumnya Allah bersumpah dengan beliau dan kota kelahiran beliau, yang menunjukkan pertalian kedua nabi tersebut. Ada pula yang menafsirkan \"ayah\" dengan Adam yang merupakan ayah umat manusia dan anak cucunya yang lahir sesudah itu siapa saja."
                    }
                }
            },
            {
                "number": {
                    "inQuran": 6027,
                    "inSurah": 4
                },
                "meta": {
                    "juz": 30,
                    "page": 594,
                    "manzil": 7,
                    "ruku": 532,
                    "hizbQuarter": 238,
                    "sajda": {
                        "recommended": false,
                        "obligatory": false
                    }
                },
                "text": {
                    "arab": "لَقَدْ خَلَقْنَا الْإِنسَانَ فِي كَبَدٍ",
                    "transliteration": {
                        "en": "Laqad khalaqnal insaana fee kabad"
                    }
                },
                "translation": {
                    "en": "We have certainly created man into hardship.",
                    "id": "Sungguh, Kami telah menciptakan manusia berada dalam susah payah."
                },
                "audio": {
                    "primary": "https://cdn.alquran.cloud/media/audio/ayah/ar.alafasy/6027",
                    "secondary": [
                        "https://cdn.islamic.network/quran/audio/128/ar.alafasy/6027.mp3",
                        "https://cdn.islamic.network/quran/audio/64/ar.alafasy/6027.mp3"
                    ]
                },
                "tafsir": {
                    "id": {
                        "short": "Sungguh, Kami telah menciptakan manusia berada dalam susah payah. Siapa pun, termasuk Nabi, dalam masa hidupnya pasti menemui kepayahan, sejak dalam kandungan sampai masa dewasa. Manusia mesti bersusah payah mencari nafkah, mengalami sakit, dan mati. Dalam alam kubur menuju alam mahsyar pun manusia menghadapi kepayahan. Manusia harus mengisi kehidupannya di dunia dengan amal saleh agar tidak menemukan kepayahan lagi di akhirat.",
                        "long": "Setelah bersumpah, Allah menyampaikan pesan penting yang hendak dikemukakan-Nya yang karena itu Ia perlu terlebih dahulu bersumpah. Pesan itu adalah bahwa manusia terlahir dalam kesulitan. Maksudnya, manusia tidak bisa lagi hidup tanpa susah payah sebagaimana dialami oleh nenek moyang mereka, Adam dan Hawa, di surga, karena semuanya tersedia. Tetapi mereka harus hidup dengan terlebih dahulu bersusah payah: berusaha, mencari rezeki, mengatasi berbagai rintangan, dan sebagainya. Berdasarkan perjuangan itulah, Allah menilai manusia tersebut. Semakin besar perjuangan yang dilakukan manusia dan semakin besar manfaat yang diberikan hasil perjuangannya itu bagi umat manusia, semakin tinggi nilai manusia itu dalam pandangan Allah. Begitu pulalah Nabi Muhammad di kota ini, beliau perlu berjuang agar kebenaran menjadi nyata dan kebatilan menjadi sirna. Demikian pula seluruh manusia. Oleh karena itu, manusia mati seharusnya meninggalkan jasa."
                    }
                }
            },
            {
                "number": {
                    "inQuran": 6028,
                    "inSurah": 5
                },
                "meta": {
                    "juz": 30,
                    "page": 594,
                    "manzil": 7,
                    "ruku": 532,
                    "hizbQuarter": 238,
                    "sajda": {
                        "recommended": false,
                        "obligatory": false
                    }
                },
                "text": {
                    "arab": "أَيَحْسَبُ أَن لَّن يَقْدِرَ عَلَيْهِ أَحَدٌ",
                    "transliteration": {
                        "en": "Ayahsabu al-lai yaqdira 'alaihi ahad"
                    }
                },
                "translation": {
                    "en": "Does he think that never will anyone overcome him?",
                    "id": "Apakah dia (manusia) itu mengira bahwa tidak ada sesuatu pun yang berkuasa atasnya?"
                },
                "audio": {
                    "primary": "https://cdn.alquran.cloud/media/audio/ayah/ar.alafasy/6028",
                    "secondary": [
                        "https://cdn.islamic.network/quran/audio/128/ar.alafasy/6028.mp3",
                        "https://cdn.islamic.network/quran/audio/64/ar.alafasy/6028.mp3"
                    ]
                },
                "tafsir": {
                    "id": {
                        "short": "Apakah dia yang Kami ciptakan dalam kepayahan itu mengira bahwa dirinya kuat dan berkuasa sehingga tidak ada sesuatu pun yang berkuasa atasnya? Apakah ia mengingkari kuasa Allah, Pencipta alam semesta, yang mampu menundukkan siapa pun, betapapun kuatnya?",
                        "long": "Dalam ayat ini, Allah bertanya apakah manusia yang selalu berada dalam kesulitan, dan untuk bisa hidup harus mampu mengatasi kesulitan itu, dapat menyombongkan dirinya setelah berhasil dalam perjuangan itu. Menyombongkan diri itu misalnya menyangka dirinya begitu kuasanya sehingga berpandangan bahwa tidak akan ada seorang pun yang akan mampu menyaingi dan mengalahkannya, termasuk Allah sendiri. Ia tidak boleh berpandangan demikian karena bila ada seorang yang hebat, pasti akan ada lagi orang yang lebih hebat darinya. Di atas segala yang hebat itu, Allah adalah yang terhebat dari segala yang hebat, sebagaimana difirmankan-Nya:\n\nDan di atas setiap orang yang berpengetahuan ada yang lebih mengetahui. (Yusuf/12: 76)"
                    }
                }
            },
            {
                "number": {
                    "inQuran": 6029,
                    "inSurah": 6
                },
                "meta": {
                    "juz": 30,
                    "page": 594,
                    "manzil": 7,
                    "ruku": 532,
                    "hizbQuarter": 238,
                    "sajda": {
                        "recommended": false,
                        "obligatory": false
                    }
                },
                "text": {
                    "arab": "يَقُولُ أَهْلَكْتُ مَالًا لُّبَدًا",
                    "transliteration": {
                        "en": "Yaqoolu ahlaktu maalal lubadaa"
                    }
                },
                "translation": {
                    "en": "He says, \"I have spent wealth in abundance.\"",
                    "id": "Dia mengatakan, “Aku telah menghabiskan harta yang banyak.”"
                },
                "audio": {
                    "primary": "https://cdn.alquran.cloud/media/audio/ayah/ar.alafasy/6029",
                    "secondary": [
                        "https://cdn.islamic.network/quran/audio/128/ar.alafasy/6029.mp3",
                        "https://cdn.islamic.network/quran/audio/64/ar.alafasy/6029.mp3"
                    ]
                },
                "tafsir": {
                    "id": {
                        "short": "Dia dengan angkuh mengatakan, “Aku telah menghabiskan harta yang banyak.” Sikap ini sangat tidak terpuji, apalagi jika dia membelanjakan harta untuk memusuhi Allah dan rasul-Nya.",
                        "long": "Kesombongannya itu misalnya berkenaan pengeluarannya untuk membantu orang lain. Pengeluaran itu dalam pandangannya sudah begitu besar, sehingga dianggapnya sia-sia. Ia merasa pengeluaran itu sudah sangat banyak sehingga tidak akan ada seorang pun yang akan mampu menandinginya, karena itu ia menjadi sombong."
                    }
                }
            },
            {
                "number": {
                    "inQuran": 6030,
                    "inSurah": 7
                },
                "meta": {
                    "juz": 30,
                    "page": 594,
                    "manzil": 7,
                    "ruku": 532,
                    "hizbQuarter": 238,
                    "sajda": {
                        "recommended": false,
                        "obligatory": false
                    }
                },
                "text": {
                    "arab": "أَيَحْسَبُ أَن لَّمْ يَرَهُ أَحَدٌ",
                    "transliteration": {
                        "en": "Ayahsabu al lam yarahooo ahad"
                    }
                },
                "translation": {
                    "en": "Does he think that no one has seen him?",
                    "id": "Apakah dia mengira bahwa tidak ada sesuatu pun yang melihatnya?"
                },
                "audio": {
                    "primary": "https://cdn.alquran.cloud/media/audio/ayah/ar.alafasy/6030",
                    "secondary": [
                        "https://cdn.islamic.network/quran/audio/128/ar.alafasy/6030.mp3",
                        "https://cdn.islamic.network/quran/audio/64/ar.alafasy/6030.mp3"
                    ]
                },
                "tafsir": {
                    "id": {
                        "short": "Apakah dia bermaksud pamer dengan perbuatannya itu lalu mengira bahwa tidak ada sesuatu pun yang melihatnya? Tidak demikian. Semua gerak-gerik manusia, kecil maupun besar, selalu dalam pantauan Allah. Dia akan membalas sekecil apa pun perbuatan manusia.",
                        "long": "Allah bertanya mengenai orang yang sombong dengan pengeluarannya itu, \"Apakah ia mengira bahwa tidak seorang pun yang melihat perbuatannya itu?\" Artinya, bila ia sombong dengan pengeluarannya itu, berarti ia mengorbankan kekayaannya hanya untuk mencari nama, maka pengorbanan itu tidak akan diterima-Nya. Jangan ia menyangka bahwa Allah tidak melihat perbuatannya itu dan tidak mengetahui motif di balik perbuatan baiknya itu, yang tidak diketahui oleh manusia."
                    }
                }
            },
            {
                "number": {
                    "inQuran": 6031,
                    "inSurah": 8
                },
                "meta": {
                    "juz": 30,
                    "page": 594,
                    "manzil": 7,
                    "ruku": 532,
                    "hizbQuarter": 238,
                    "sajda": {
                        "recommended": false,
                        "obligatory": false
                    }
                },
                "text": {
                    "arab": "أَلَمْ نَجْعَل لَّهُ عَيْنَيْنِ",
                    "transliteration": {
                        "en": "Alam naj'al lahoo 'aynayn"
                    }
                },
                "translation": {
                    "en": "Have We not made for him two eyes?",
                    "id": "Bukankah Kami telah menjadikan untuknya sepasang mata,"
                },
                "audio": {
                    "primary": "https://cdn.alquran.cloud/media/audio/ayah/ar.alafasy/6031",
                    "secondary": [
                        "https://cdn.islamic.network/quran/audio/128/ar.alafasy/6031.mp3",
                        "https://cdn.islamic.network/quran/audio/64/ar.alafasy/6031.mp3"
                    ]
                },
                "tafsir": {
                    "id": {
                        "short": "Allahlah yang berkuasa atasnya dan melihat setiap perbuatannya. Bukankah Kami telah menjadikan untuknya sepasang mata untuk membantunya melihat sekeliling,",
                        "long": "Allah selanjutnya bertanya mengenai orang itu, \"Tidakkah Kami beri ia dua mata?\" Artinya, untuk dapat mencari kekayaan, ia perlu dua mata, lalu siapakah yang memberinya dua mata itu bila bukan Allah? Untuk mencari rezeki ia perlu berbicara, lalu siapakah yang telah memberinya lidah dan dua bibir untuk mampu bicara? Dalam membesarkannya, ia telah menyusu pada kedua susu ibunya, siapakah yang telah menyediakan air susu ibunya itu bila bukan Allah? Dengan demikian, keberhasilannya adalah karena bantuan dan kasih sayang Allah. Oleh karena itu, ia tidak perlu menyombongkan dirinya karena hartanya.\n\nDi samping itu, mata, lidah, dan nafsu adalah nikmat Allah kepadanya yang tiada taranya. Ia akan bertemu dengan dua jalan yang disediakan Allah, yaitu jalan yang benar dan jalan yang salah. Ia perlu menggunakan mata, lidah, dan nafsu itu untuk jalan yang diridai oleh Allah."
                    }
                }
            },
            {
                "number": {
                    "inQuran": 6032,
                    "inSurah": 9
                },
                "meta": {
                    "juz": 30,
                    "page": 594,
                    "manzil": 7,
                    "ruku": 532,
                    "hizbQuarter": 238,
                    "sajda": {
                        "recommended": false,
                        "obligatory": false
                    }
                },
                "text": {
                    "arab": "وَلِسَانًا وَشَفَتَيْنِ",
                    "transliteration": {
                        "en": "Wa lisaananw wa shafatayn"
                    }
                },
                "translation": {
                    "en": "And a tongue and two lips?",
                    "id": "dan lidah dan sepasang bibir?"
                },
                "audio": {
                    "primary": "https://cdn.alquran.cloud/media/audio/ayah/ar.alafasy/6032",
                    "secondary": [
                        "https://cdn.islamic.network/quran/audio/128/ar.alafasy/6032.mp3",
                        "https://cdn.islamic.network/quran/audio/64/ar.alafasy/6032.mp3"
                    ]
                },
                "tafsir": {
                    "id": {
                        "short": "Dan lidah dan sepasang bibir untuk memungkinkannya mencecap, berbicara, dan memberi penjelasan kepada orang lain,",
                        "long": "Allah selanjutnya bertanya mengenai orang itu, \"Tidakkah Kami beri ia dua mata?\" Artinya, untuk dapat mencari kekayaan, ia perlu dua mata, lalu siapakah yang memberinya dua mata itu bila bukan Allah? Untuk mencari rezeki ia perlu berbicara, lalu siapakah yang telah memberinya lidah dan dua bibir untuk mampu bicara? Dalam membesarkannya, ia telah menyusu pada kedua susu ibunya, siapakah yang telah menyediakan air susu ibunya itu bila bukan Allah? Dengan demikian, keberhasilannya adalah karena bantuan dan kasih sayang Allah. Oleh karena itu, ia tidak perlu menyombongkan dirinya karena hartanya.\n\nDi samping itu, mata, lidah, dan nafsu adalah nikmat Allah kepadanya yang tiada taranya. Ia akan bertemu dengan dua jalan yang disediakan Allah, yaitu jalan yang benar dan jalan yang salah. Ia perlu menggunakan mata, lidah, dan nafsu itu untuk jalan yang diridai oleh Allah."
                    }
                }
            },
            {
                "number": {
                    "inQuran": 6033,
                    "inSurah": 10
                },
                "meta": {
                    "juz": 30,
                    "page": 594,
                    "manzil": 7,
                    "ruku": 532,
                    "hizbQuarter": 238,
                    "sajda": {
                        "recommended": false,
                        "obligatory": false
                    }
                },
                "text": {
                    "arab": "وَهَدَيْنَاهُ النَّجْدَيْنِ",
                    "transliteration": {
                        "en": "Wa hadaynaahun najdayn"
                    }
                },
                "translation": {
                    "en": "And have shown him the two ways?",
                    "id": "Dan Kami telah menunjukkan kepadanya dua jalan (kebajikan dan kejahatan),"
                },
                "audio": {
                    "primary": "https://cdn.alquran.cloud/media/audio/ayah/ar.alafasy/6033",
                    "secondary": [
                        "https://cdn.islamic.network/quran/audio/128/ar.alafasy/6033.mp3",
                        "https://cdn.islamic.network/quran/audio/64/ar.alafasy/6033.mp3"
                    ]
                },
                "tafsir": {
                    "id": {
                        "short": "dan bukankah Kami juga telah menunjukkan kepadanya dua jalan, yaitu kebaikan dan keburukan, kebenaran dan kebatilan, melalui fitrah, akal, dan petunjuk lain? Kami sudah memberinya petunjuk, lalu manusia itu sendiri yang akan memutuskan jalan hidupnya; apakah memilih jalan kesesatan atau kebenaran.",
                        "long": "Allah selanjutnya bertanya mengenai orang itu, \"Tidakkah Kami beri ia dua mata?\" Artinya, untuk dapat mencari kekayaan, ia perlu dua mata, lalu siapakah yang memberinya dua mata itu bila bukan Allah? Untuk mencari rezeki ia perlu berbicara, lalu siapakah yang telah memberinya lidah dan dua bibir untuk mampu bicara? Dalam membesarkannya, ia telah menyusu pada kedua susu ibunya, siapakah yang telah menyediakan air susu ibunya itu bila bukan Allah? Dengan demikian, keberhasilannya adalah karena bantuan dan kasih sayang Allah. Oleh karena itu, ia tidak perlu menyombongkan dirinya karena hartanya.\n\nDi samping itu, mata, lidah, dan nafsu adalah nikmat Allah kepadanya yang tiada taranya. Ia akan bertemu dengan dua jalan yang disediakan Allah, yaitu jalan yang benar dan jalan yang salah. Ia perlu menggunakan mata, lidah, dan nafsu itu untuk jalan yang diridai oleh Allah."
                    }
                }
            },
            {
                "number": {
                    "inQuran": 6034,
                    "inSurah": 11
                },
                "meta": {
                    "juz": 30,
                    "page": 594,
                    "manzil": 7,
                    "ruku": 532,
                    "hizbQuarter": 238,
                    "sajda": {
                        "recommended": false,
                        "obligatory": false
                    }
                },
                "text": {
                    "arab": "فَلَا اقْتَحَمَ الْعَقَبَةَ",
                    "transliteration": {
                        "en": "Falaq tahamal-'aqabah"
                    }
                },
                "translation": {
                    "en": "But he has not broken through the difficult pass.",
                    "id": "tetapi dia tidak menempuh jalan yang mendaki dan sukar?"
                },
                "audio": {
                    "primary": "https://cdn.alquran.cloud/media/audio/ayah/ar.alafasy/6034",
                    "secondary": [
                        "https://cdn.islamic.network/quran/audio/128/ar.alafasy/6034.mp3",
                        "https://cdn.islamic.network/quran/audio/64/ar.alafasy/6034.mp3"
                    ]
                },
                "tafsir": {
                    "id": {
                        "short": "Kami telah menganugerahkan itu semua kepada manusia, tetapi mengapa dia tidak mau menempuh jalan yang mendaki dan sukar, padahal itu baik baginya? Melakukan kebaikan tidak jarang memerlukan perjuangan dan kesabaran. Begitulah kehidupan dunia, semuanya terasa berat.",
                        "long": "Dalam ayat ini, Allah bertanya, \"Apakah tidak sebaiknya ia merapikan jalan mendaki yang terjal?\" Artinya, manusia seharusnya bekerja keras dan berjuang semaksimal mungkin mengatasi segala rintangan supaya berhasil menyelesaikan pekerjaan-pekerjaan besar dan meninggalkan jasa-jasa besar."
                    }
                }
            },
            {
                "number": {
                    "inQuran": 6035,
                    "inSurah": 12
                },
                "meta": {
                    "juz": 30,
                    "page": 594,
                    "manzil": 7,
                    "ruku": 532,
                    "hizbQuarter": 238,
                    "sajda": {
                        "recommended": false,
                        "obligatory": false
                    }
                },
                "text": {
                    "arab": "وَمَا أَدْرَاكَ مَا الْعَقَبَةُ",
                    "transliteration": {
                        "en": "Wa maaa adraaka mal'aqabah"
                    }
                },
                "translation": {
                    "en": "And what can make you know what is [breaking through] the difficult pass?",
                    "id": "Dan tahukah kamu apakah jalan yang mendaki dan sukar itu?"
                },
                "audio": {
                    "primary": "https://cdn.alquran.cloud/media/audio/ayah/ar.alafasy/6035",
                    "secondary": [
                        "https://cdn.islamic.network/quran/audio/128/ar.alafasy/6035.mp3",
                        "https://cdn.islamic.network/quran/audio/64/ar.alafasy/6035.mp3"
                    ]
                },
                "tafsir": {
                    "id": {
                        "short": "Dan tahukah kamu apakah jalan yang mendaki dan sukar itu, sehingga manusia merasa berat untuk menempuhnya?",
                        "long": "Allah bertanya kepada manusia untuk memotivasi mereka, \"Apakah jalan mendaki yang terjal itu?\" Artinya, pekerjaan-pekerjaan besar itu memang sulit dikerjakan tetapi harus diatasi."
                    }
                }
            },
            {
                "number": {
                    "inQuran": 6036,
                    "inSurah": 13
                },
                "meta": {
                    "juz": 30,
                    "page": 594,
                    "manzil": 7,
                    "ruku": 532,
                    "hizbQuarter": 238,
                    "sajda": {
                        "recommended": false,
                        "obligatory": false
                    }
                },
                "text": {
                    "arab": "فَكُّ رَقَبَةٍ",
                    "transliteration": {
                        "en": "Fakku raqabah"
                    }
                },
                "translation": {
                    "en": "It is the freeing of a slave",
                    "id": "(yaitu) melepaskan perbudakan (hamba sahaya),"
                },
                "audio": {
                    "primary": "https://cdn.alquran.cloud/media/audio/ayah/ar.alafasy/6036",
                    "secondary": [
                        "https://cdn.islamic.network/quran/audio/128/ar.alafasy/6036.mp3",
                        "https://cdn.islamic.network/quran/audio/64/ar.alafasy/6036.mp3"
                    ]
                },
                "tafsir": {
                    "id": {
                        "short": "Jalan yang mendaki dan sukar itu adalah melepaskan hamba sahaya dari perbudakan atau membantunya untuk membebaskan diri, karena perbudakan tidak sesuai dengan nilai-nilai kemanusiaan,",
                        "long": "Allah menegaskan bahwa pekerjaan besar yang sulit dilaksanakan itu adalah memerdekakan budak. Hal itu karena perbudakan pada waktu itu sudah sangat dalam merasuk ke dalam kehidupan masyarakat sehari-hari, baik di dunia Arab maupun di luarnya. Segala aktivitas manusia, seperti perdagangan, pertanian, kemiliteran, bahkan kehidupan sehari-hari, dan sebagainya, tidak akan bisa berjalan dengan baik pada waktu itu tanpa adanya budak yang mengerjakan pekerjaan-pekerjaan berat. Namun Allah meminta umat Islam agar menghapus perbudakan. Pelaksanaannya memang tidak sekaligus, tetapi berangsur-angsur. Seorang tuan seharusnya dapat memerdekakan budaknya, inilah yang dirasakan mereka sangat berat. Pemerdekaan budak juga dilakukan melalui cara-cara lain, misalnya dengan sanksi pelanggaran-pelanggaran yang hukumannya adalah memerdekakan budak. Juga dengan cara memberi kesempatan kepada budak itu untuk menebus dirinya."
                    }
                }
            },
            {
                "number": {
                    "inQuran": 6037,
                    "inSurah": 14
                },
                "meta": {
                    "juz": 30,
                    "page": 594,
                    "manzil": 7,
                    "ruku": 532,
                    "hizbQuarter": 238,
                    "sajda": {
                        "recommended": false,
                        "obligatory": false
                    }
                },
                "text": {
                    "arab": "أَوْ إِطْعَامٌ فِي يَوْمٍ ذِي مَسْغَبَةٍ",
                    "transliteration": {
                        "en": "Aw it'aamun fee yawmin zee masghabah"
                    }
                },
                "translation": {
                    "en": "Or feeding on a day of severe hunger",
                    "id": "atau memberi makan pada hari terjadi kelaparan,"
                },
                "audio": {
                    "primary": "https://cdn.alquran.cloud/media/audio/ayah/ar.alafasy/6037",
                    "secondary": [
                        "https://cdn.islamic.network/quran/audio/128/ar.alafasy/6037.mp3",
                        "https://cdn.islamic.network/quran/audio/64/ar.alafasy/6037.mp3"
                    ]
                },
                "tafsir": {
                    "id": {
                        "short": "atau memberi makan pada hari terjadi kelaparan kepada orang yang sangat membutuhkannya,",
                        "long": "Pekerjaan besar dan berat lainnya yang sulit dikerjakan adalah memberi makan orang pada musim kelaparan, ekonomi morat-marit, dan sebagainya. Hal itu karena yang memberi juga membutuhkannya. Namun demikian, Allah menguji umat Islam, apakah mereka mau dan mampu mengerjakannya."
                    }
                }
            },
            {
                "number": {
                    "inQuran": 6038,
                    "inSurah": 15
                },
                "meta": {
                    "juz": 30,
                    "page": 594,
                    "manzil": 7,
                    "ruku": 532,
                    "hizbQuarter": 238,
                    "sajda": {
                        "recommended": false,
                        "obligatory": false
                    }
                },
                "text": {
                    "arab": "يَتِيمًا ذَا مَقْرَبَةٍ",
                    "transliteration": {
                        "en": "Yateeman zaa maqrabah"
                    }
                },
                "translation": {
                    "en": "An orphan of near relationship",
                    "id": "(kepada) anak yatim yang ada hubungan kerabat,"
                },
                "audio": {
                    "primary": "https://cdn.alquran.cloud/media/audio/ayah/ar.alafasy/6038",
                    "secondary": [
                        "https://cdn.islamic.network/quran/audio/128/ar.alafasy/6038.mp3",
                        "https://cdn.islamic.network/quran/audio/64/ar.alafasy/6038.mp3"
                    ]
                },
                "tafsir": {
                    "id": {
                        "short": "yakni kepada anak yatim yang ada hubungan kerabat sehingga dia akan mendapat dua pahala kebaikan sekaligus, yakni pahala sedekah dan silaturrahim",
                        "long": "Memberi makan orang yang lapar pada masa kelaparan pertama sekali ditujukan pada anak-anak yatim yang ada hubungan keluarga dengan pemberi. Siapa lagi yang akan mau memperhatikan mereka bila bukan keluarga sendiri karena orang tuanya sudah tiada? Perhatian pada keluarga memang harus didahulukan sebagaimana sabda Rasulullah saw berikut:\n\nSedekah kepada orang miskin adalah sedekah (satu amal), sedekah kepada orang yang punya hubungan keluarga ada dua amal, sedekah dan silaturrahim. (Riwayat Ahmad, at-Tirmidhi, dan an-Nasa'i).\n\nSelanjutnya yang perlu mendapat perhatian utama adalah orang-orang miskin yang terhempas ke tanah, yaitu orang-orang yang begitu miskinnya sehingga tidak punya tempat untuk berteduh. Mereka misalnya tunawisma, gelandangan, anak jalanan, dan sebagainya."
                    }
                }
            },
            {
                "number": {
                    "inQuran": 6039,
                    "inSurah": 16
                },
                "meta": {
                    "juz": 30,
                    "page": 594,
                    "manzil": 7,
                    "ruku": 532,
                    "hizbQuarter": 238,
                    "sajda": {
                        "recommended": false,
                        "obligatory": false
                    }
                },
                "text": {
                    "arab": "أَوْ مِسْكِينًا ذَا مَتْرَبَةٍ",
                    "transliteration": {
                        "en": "Aw miskeenan zaa matrabah"
                    }
                },
                "translation": {
                    "en": "Or a needy person in misery",
                    "id": "atau orang miskin yang sangat fakir."
                },
                "audio": {
                    "primary": "https://cdn.alquran.cloud/media/audio/ayah/ar.alafasy/6039",
                    "secondary": [
                        "https://cdn.islamic.network/quran/audio/128/ar.alafasy/6039.mp3",
                        "https://cdn.islamic.network/quran/audio/64/ar.alafasy/6039.mp3"
                    ]
                },
                "tafsir": {
                    "id": {
                        "short": "atau kepada orang miskin yang sangat fakir. Kepedulian kepada anak yatim dan orang miskin adalah akhlak yang sangat terpuji, namun butuh sifat kedermawanan agar seseorang bisa melakukannya.",
                        "long": "Memberi makan orang yang lapar pada masa kelaparan pertama sekali ditujukan pada anak-anak yatim yang ada hubungan keluarga dengan pemberi. Siapa lagi yang akan mau memperhatikan mereka bila bukan keluarga sendiri karena orang tuanya sudah tiada? Perhatian pada keluarga memang harus didahulukan sebagaimana sabda Rasulullah saw berikut:\n\nSedekah kepada orang miskin adalah sedekah (satu amal), sedekah kepada orang yang punya hubungan keluarga ada dua amal, sedekah dan silaturrahim. (Riwayat Ahmad, at-Tirmidhi, dan an-Nasa'i).\n\nSelanjutnya yang perlu mendapat perhatian utama adalah orang-orang miskin yang terhempas ke tanah, yaitu orang-orang yang begitu miskinnya sehingga tidak punya tempat untuk berteduh. Mereka misalnya tunawisma, gelandangan, anak jalanan, dan sebagainya."
                    }
                }
            },
            {
                "number": {
                    "inQuran": 6040,
                    "inSurah": 17
                },
                "meta": {
                    "juz": 30,
                    "page": 594,
                    "manzil": 7,
                    "ruku": 532,
                    "hizbQuarter": 238,
                    "sajda": {
                        "recommended": false,
                        "obligatory": false
                    }
                },
                "text": {
                    "arab": "ثُمَّ كَانَ مِنَ الَّذِينَ آمَنُوا وَتَوَاصَوْا بِالصَّبْرِ وَتَوَاصَوْا بِالْمَرْحَمَةِ",
                    "transliteration": {
                        "en": "Summa kaana minal lazeena aamanoo wa tawaasaw bissabri wa tawaasaw bilmarhamah"
                    }
                },
                "translation": {
                    "en": "And then being among those who believed and advised one another to patience and advised one another to compassion.",
                    "id": "Kemudian dia termasuk orang-orang yang beriman dan saling berpesan untuk bersabar dan saling berpesan untuk berkasih sayang."
                },
                "audio": {
                    "primary": "https://cdn.alquran.cloud/media/audio/ayah/ar.alafasy/6040",
                    "secondary": [
                        "https://cdn.islamic.network/quran/audio/128/ar.alafasy/6040.mp3",
                        "https://cdn.islamic.network/quran/audio/64/ar.alafasy/6040.mp3"
                    ]
                },
                "tafsir": {
                    "id": {
                        "short": "Kemudian, bila dia mau menempuh jalan yang mendaki dan sukar itu maka dia termasuk orang-orang yang beriman dengan kukuh dan saling berpesan untuk bersabar dalam berbuat baik, menjauhi maksiat, serta menghadapi kesusahan hidup, dan saling berpesan untuk berkasih sayang kepada sesama makhluk.",
                        "long": "Pekerjaan berat lainnya adalah beriman dan saling menasihati untuk sabar dan menyayangi antara sesama Muslim. Sabar adalah kemampuan menahan diri, tabah menghadapi kesulitan, dan usaha keras mengatasi kesulitan tersebut. Kaum Muslimin harus mampu membuktikan imannya dengan melaksanakan sikap sabar itu, dan mendorong kaum Muslimin lainnya untuk melaksanakannya.\n\nJuga yang berat melaksanakannya adalah menyayangi orang lain seperti menyayangi diri sendiri atau keluarga sendiri. Akan tetapi, umat Islam harus mampu membuktikan imannya dengan melaksanakan sikap saling menyayangi itu, sebagaimana juga diperintahkan Rasulullah:\n\nOrang yang penyayang disayang oleh Yang Maha Penyayang. Sayangilah orang yang ada di bumi, maka yang ada di langit akan menyayangi kalian. (Riwayat at-Tirmidhi, Abu Dawud, dan Ahmad dari Abdullah bin 'Amr)."
                    }
                }
            },
            {
                "number": {
                    "inQuran": 6041,
                    "inSurah": 18
                },
                "meta": {
                    "juz": 30,
                    "page": 594,
                    "manzil": 7,
                    "ruku": 532,
                    "hizbQuarter": 238,
                    "sajda": {
                        "recommended": false,
                        "obligatory": false
                    }
                },
                "text": {
                    "arab": "أُولَٰئِكَ أَصْحَابُ الْمَيْمَنَةِ",
                    "transliteration": {
                        "en": "Ulaaa'ika As-haabul maimanah"
                    }
                },
                "translation": {
                    "en": "Those are the companions of the right.",
                    "id": "Mereka (orang-orang yang beriman dan saling berpesan itu) adalah golongan kanan."
                },
                "audio": {
                    "primary": "https://cdn.alquran.cloud/media/audio/ayah/ar.alafasy/6041",
                    "secondary": [
                        "https://cdn.islamic.network/quran/audio/128/ar.alafasy/6041.mp3",
                        "https://cdn.islamic.network/quran/audio/64/ar.alafasy/6041.mp3"
                    ]
                },
                "tafsir": {
                    "id": {
                        "short": "Apabila mereka berkenan menempuh jalan yang sukar, beriman, dan saling berpesan untuk bersabar dan berkasih sayang, mereka adalah golongan kanan yang akan menemui kebahagiaan di akhirat berupa surga dengan segala kenikmatan di dalamnya.",
                        "long": "Kaum Muslimin yang berhasil melaksanakan pekerjaan-pekerjaan sulit di atas digolongkan sebagai \"golongan kanan\". Balasan bagi \"golongan kanan\" tersebut adalah surga yang penuh nikmat, sebagaimana dinyatakan dalam Surah al-Waqi'ah/56: 27-40."
                    }
                }
            },
            {
                "number": {
                    "inQuran": 6042,
                    "inSurah": 19
                },
                "meta": {
                    "juz": 30,
                    "page": 594,
                    "manzil": 7,
                    "ruku": 532,
                    "hizbQuarter": 238,
                    "sajda": {
                        "recommended": false,
                        "obligatory": false
                    }
                },
                "text": {
                    "arab": "وَالَّذِينَ كَفَرُوا بِآيَاتِنَا هُمْ أَصْحَابُ الْمَشْأَمَةِ",
                    "transliteration": {
                        "en": "Wallazeena kafaroo bi aayaatinaa hum as-haabul Mash'amah"
                    }
                },
                "translation": {
                    "en": "But they who disbelieved in Our signs - those are the companions of the left.",
                    "id": "Dan orang-orang yang kafir kepada ayat-ayat Kami, mereka itu adalah golongan kiri."
                },
                "audio": {
                    "primary": "https://cdn.alquran.cloud/media/audio/ayah/ar.alafasy/6042",
                    "secondary": [
                        "https://cdn.islamic.network/quran/audio/128/ar.alafasy/6042.mp3",
                        "https://cdn.islamic.network/quran/audio/64/ar.alafasy/6042.mp3"
                    ]
                },
                "tafsir": {
                    "id": {
                        "short": "Dan sebaliknya, orang-orang yang kafir kepada ayat-ayat Kami, baik dengan ucapan maupun tindakan, mereka itu adalah golongan kiri yang akan celaka dan menjumpai azab yang pedih.",
                        "long": "Mereka yang ingkar tidak mau melaksanakan pekerjaan-pekerjaan besar dan sulit itu. Mereka disebut ashabul-masy'amah, yaitu golongan kiri. Tempat mereka adalah neraka yang tertutup rapat, sehingga neraka begitu luar biasa panasnya. Mereka itu tentu akan sangat menderita di dalamnya. Dengan demikian, ia menemukan kesulitan hidup yang tiada taranya di akhirat, tidak sebanding dengan kesulitan mengerjakan perbuat-perbuatan baik waktu di dunia."
                    }
                }
            },
            {
                "number": {
                    "inQuran": 6043,
                    "inSurah": 20
                },
                "meta": {
                    "juz": 30,
                    "page": 594,
                    "manzil": 7,
                    "ruku": 532,
                    "hizbQuarter": 238,
                    "sajda": {
                        "recommended": false,
                        "obligatory": false
                    }
                },
                "text": {
                    "arab": "عَلَيْهِمْ نَارٌ مُّؤْصَدَةٌ",
                    "transliteration": {
                        "en": "Alaihim naarum mu'sadah"
                    }
                },
                "translation": {
                    "en": "Over them will be fire closed in.",
                    "id": "Mereka berada dalam neraka yang ditutup rapat."
                },
                "audio": {
                    "primary": "https://cdn.alquran.cloud/media/audio/ayah/ar.alafasy/6043",
                    "secondary": [
                        "https://cdn.islamic.network/quran/audio/128/ar.alafasy/6043.mp3",
                        "https://cdn.islamic.network/quran/audio/64/ar.alafasy/6043.mp3"
                    ]
                },
                "tafsir": {
                    "id": {
                        "short": "Mereka berada dalam neraka yang ditutup rapat dari semua sisinya. Tidak ada jalan keluar bagi mereka dari neraka itu dan tidak pula mereka diberi kesempatan untuk sekadar beristirahat dari siksanya.",
                        "long": "Mereka yang ingkar tidak mau melaksanakan pekerjaan-pekerjaan besar dan sulit itu. Mereka disebut ashabul-masy'amah, yaitu golongan kiri. Tempat mereka adalah neraka yang tertutup rapat, sehingga neraka begitu luar biasa panasnya. Mereka itu tentu akan sangat menderita di dalamnya. Dengan demikian, ia menemukan kesulitan hidup yang tiada taranya di akhirat, tidak sebanding dengan kesulitan mengerjakan perbuat-perbuatan baik waktu di dunia."
                    }
                }
            }
        ]
    }
}