{
    "code": 200,
    "status": "OK.",
    "message": "Success fetching surah.",
    "data": {
        "number": 94,
        "sequence": 12,
        "numberOfVerses": 8,
        "name": {
            "short": "الشرح",
            "long": "سورة الشرح",
            "transliteration": {
                "en": "Ash-Sharh",
                "id": "Asy-Syarh"
            },
            "translation": {
                "en": "The Consolation",
                "id": "Lapang"
            }
        },
        "revelation": {
            "arab": "مكة",
            "en": "Meccan",
            "id": "Makkiyyah"
        },
        "tafsir": {
            "id": "Surat ini terdiri atas 8 ayat, termasuk golongan surat-surat Makkiyah dan diturunkan sesudah surat Adh Dhuhaa. Nama Alam Nasyrah diambil dari kata Alam Nasyrah yang terdapat pada ayat pertama, yang berarti: bukankah Kami telah melapangkan."
        },
        "preBismillah": {
            "text": {
                "arab": "بِسْمِ اللَّهِ الرَّحْمَٰنِ الرَّحِيمِ",
                "transliteration": {
                    "en": "Bismillaahir Rahmaanir Raheem"
                }
            },
            "translation": {
                "en": "In the name of Allah, the Entirely Merciful, the Especially Merciful.",
                "id": "Dengan nama Allah Yang Maha Pengasih, Maha Penyayang."
            },
            "audio": {
                "primary": "https://cdn.alquran.cloud/media/audio/ayah/ar.alafasy/1",
                "secondary": [
                    "https://cdn.islamic.network/quran/audio/128/ar.alafasy/1.mp3",
                    "https://cdn.islamic.network/quran/audio/64/ar.alafasy/1.mp3"
                ]
            }
        },
        "verses": [
            {
                "number": {
                    "inQuran": 6091,
                    "inSurah": 1
                },
                "meta": {
                    "juz": 30,
                    "page": 596,
                    "manzil": 7,
                    "ruku": 536,
                    "hizbQuarter": 239,
                    "sajda": {
                        "recommended": false,
                        "obligatory": false
                    }
                },
                "text": {
                    "arab": "أَلَمْ نَشْرَحْ لَكَ صَدْرَكَ",
                    "transliteration": {
                        "en": "Alam nashrah laka sadrak"
                    }
                },
                "translation": {
                    "en": "Did We not expand for you, [O Muhammad], your breast?",
                    "id": "Bukankah Kami telah melapangkan dadamu (Muhammad)?"
                },
                "audio": {
                    "primary": "https://cdn.alquran.cloud/media/audio/ayah/ar.alafasy/6091",
                    "secondary": [
                        "https://cdn.islamic.network/quran/audio/128/ar.alafasy/6091.mp3",
                        "https://cdn.islamic.network/quran/audio/64/ar.alafasy/6091.mp3"
                    ]
                },
                "tafsir": {
                    "id": {
                        "short": "Wahai Nabi, bukankah Kami telah melapangkan dadamu? Kami telah menjadikanmu seorang nabi yang menerima syariat agama, berakhlak mulia, berwawasan luas, santun, dan sabar dalam menghadapi kepahitan hidup.",
                        "long": "Dalam ayat ini dinyatakan bahwa Allah telah melapangkan dada Nabi Muhammad dan menyelamatkannya dari ketidaktahuan tentang syariat. Nabi juga dirisaukan akibat kebodohan dan keras kepala kaumnya. Mereka tidak mau mengikuti kebenaran, sedang Nabi saw selalu mencari jalan untuk melepaskan mereka dari lembah kebodohan, sehingga ia menemui jalan untuk itu dan menyelamatkan mereka dari kehancuran yang sedang mereka alami.\n\nMaksud dari ayat ini adalah Allah telah membersihkan jiwa Nabi saw dari segala macam perasaan cemas, sehingga dia tidak gelisah, susah, dan gusar. Nabi juga dijadikan selalu tenang dan percaya akan pertolongan dan bantuan Allah kepadanya. Nabi juga yakin bahwa Dia yang menugasinya sebagai rasul, sekali-kali tidak akan membantu musuh-musuhnya."
                    }
                }
            },
            {
                "number": {
                    "inQuran": 6092,
                    "inSurah": 2
                },
                "meta": {
                    "juz": 30,
                    "page": 596,
                    "manzil": 7,
                    "ruku": 536,
                    "hizbQuarter": 239,
                    "sajda": {
                        "recommended": false,
                        "obligatory": false
                    }
                },
                "text": {
                    "arab": "وَوَضَعْنَا عَنكَ وِزْرَكَ",
                    "transliteration": {
                        "en": "Wa wa d'ana 'anka wizrak"
                    }
                },
                "translation": {
                    "en": "And We removed from you your burden",
                    "id": "dan Kami pun telah menurunkan bebanmu darimu,"
                },
                "audio": {
                    "primary": "https://cdn.alquran.cloud/media/audio/ayah/ar.alafasy/6092",
                    "secondary": [
                        "https://cdn.islamic.network/quran/audio/128/ar.alafasy/6092.mp3",
                        "https://cdn.islamic.network/quran/audio/64/ar.alafasy/6092.mp3"
                    ]
                },
                "tafsir": {
                    "id": {
                        "short": "dan Kami pun telah menurunkan bebanmu darimu,",
                        "long": "Dalam ayat-ayat ini, Allah mengungkapkan bahwa Dia berkenan meringankan beban yang dipikulkan kepada Nabi Muhammad dalam menunaikan penyebaran risalah-Nya. Dengan demikian, dengan mudah Nabi dapat menyampaikannya kepada manusia, dan dengan jiwa yang tenteram menghadapi tantangan musuh-musuhnya walaupun kadang-kadang tantangan itu berbahaya.\n\nSetelah Muhammad diangkat menjadi rasul, maka beliau mulai melaksanakan tugas menyampaikan agama Allah kepada orang-orang Quraisy. Karena timbul reaksi yang kuat dari mereka, beliau menyiarkan agama Islam dengan sembunyi-sembunyi. Oleh karena itu, beliau merasakan sangat berat melakukan tugas itu. Dengan masuk Islamnya beberapa orang pembesar Quraisy seperti Umar bin al-Khaththab, Hamzah, dan lain-lain, Rasulullah merasa ringan melaksanakan tugasnya. Hal ini ditambah lagi dengan datangnya perintah Allah untuk menyiarkan agama Islam dengan terang-terangan dan adanya jaminan Allah untuk menolong beliau, sebagaimana firman-Nya:\n\nMaka sampaikanlah (Muhammad) secara terang-terangan segala apa yang diperintahkan (kepadamu) dan berpalinglah dari orang yang musyrik. Sesungguhnya Kami memelihara engkau (Muhammad) dari (kejahatan) orang yang memperolok-olokkan (engkau), (yaitu) orang yang menganggap adanya tuhan selain Allah. Mereka kelak akan mengetahui (akibatnya). (al-hijr/15: 94-96)"
                    }
                }
            },
            {
                "number": {
                    "inQuran": 6093,
                    "inSurah": 3
                },
                "meta": {
                    "juz": 30,
                    "page": 596,
                    "manzil": 7,
                    "ruku": 536,
                    "hizbQuarter": 239,
                    "sajda": {
                        "recommended": false,
                        "obligatory": false
                    }
                },
                "text": {
                    "arab": "الَّذِي أَنقَضَ ظَهْرَكَ",
                    "transliteration": {
                        "en": "Allazee anqada zahrak"
                    }
                },
                "translation": {
                    "en": "Which had weighed upon your back",
                    "id": "yang memberatkan punggungmu,"
                },
                "audio": {
                    "primary": "https://cdn.alquran.cloud/media/audio/ayah/ar.alafasy/6093",
                    "secondary": [
                        "https://cdn.islamic.network/quran/audio/128/ar.alafasy/6093.mp3",
                        "https://cdn.islamic.network/quran/audio/64/ar.alafasy/6093.mp3"
                    ]
                },
                "tafsir": {
                    "id": {
                        "short": "yang memberatkan punggungmu? Kami jadikan tugasmu yang sejatinya berat, seperti menyampaikan risalah dan mendakwahkan syariat, terasa ringan.",
                        "long": "Dalam ayat-ayat ini, Allah mengungkapkan bahwa Dia berkenan meringankan beban yang dipikulkan kepada Nabi Muhammad dalam menunaikan penyebaran risalah-Nya. Dengan demikian, dengan mudah Nabi dapat menyampaikannya kepada manusia, dan dengan jiwa yang tenteram menghadapi tantangan musuh-musuhnya walaupun kadang-kadang tantangan itu berbahaya.\n\nSetelah Muhammad diangkat menjadi rasul, maka beliau mulai melaksanakan tugas menyampaikan agama Allah kepada orang-orang Quraisy. Karena timbul reaksi yang kuat dari mereka, beliau menyiarkan agama Islam dengan sembunyi-sembunyi. Oleh karena itu, beliau merasakan sangat berat melakukan tugas itu. Dengan masuk Islamnya beberapa orang pembesar Quraisy seperti Umar bin al-Khaththab, Hamzah, dan lain-lain, Rasulullah merasa ringan melaksanakan tugasnya. Hal ini ditambah lagi dengan datangnya perintah Allah untuk menyiarkan agama Islam dengan terang-terangan dan adanya jaminan Allah untuk menolong beliau, sebagaimana firman-Nya:\n\nMaka sampaikanlah (Muhammad) secara terang-terangan segala apa yang diperintahkan (kepadamu) dan berpalinglah dari orang yang musyrik. Sesungguhnya Kami memelihara engkau (Muhammad) dari (kejahatan) orang yang memperolok-olokkan (engkau), (yaitu) orang yang menganggap adanya tuhan selain Allah. Mereka kelak akan mengetahui (akibatnya). (al-hijr/15: 94-96)"
                    }
                }
            },
            {
                "number": {
                    "inQuran": 6094,
                    "inSurah": 4
                },
                "meta": {
                    "juz": 30,
                    "page": 596,
                    "manzil": 7,
                    "ruku": 536,
                    "hizbQuarter": 239,
                    "sajda": {
                        "recommended": false,
                        "obligatory": false
                    }
                },
                "text": {
                    "arab": "وَرَفَعْنَا لَكَ ذِكْرَكَ",
                    "transliteration": {
                        "en": "Wa raf 'ana laka zikrak"
                    }
                },
                "translation": {
                    "en": "And raised high for you your repute.",
                    "id": "dan Kami tinggikan sebutan (nama)mu bagimu."
                },
                "audio": {
                    "primary": "https://cdn.alquran.cloud/media/audio/ayah/ar.alafasy/6094",
                    "secondary": [
                        "https://cdn.islamic.network/quran/audio/128/ar.alafasy/6094.mp3",
                        "https://cdn.islamic.network/quran/audio/64/ar.alafasy/6094.mp3"
                    ]
                },
                "tafsir": {
                    "id": {
                        "short": "dan Kami pun telah tinggikan sebutan namamu bagimu. Kami sebut namamu secara berurutan dengan nama-Ku, seperti dalam syahadat, azan, tasyahud, dan sebagainya. Itu adalah kemu­liaan tersendiri yang tidak Kami berikan kepada nabi-nabi yang lain.",
                        "long": "Dalam ayat ini diterangkan bahwa Allah mengangkat derajat Nabi Muhammad, meninggikan kedudukan dan memperbesar pengaruhnya. Apakah ada kedudukan yang lebih mulia dari kedudukan nubuwwah (kenabian) yang telah dianugerahkan Allah kepadanya? Apakah ada yang lebih utama dari tersebarnya ke seluruh dunia pengikut-pengikut yang setia yang patuh menjalankan segala perintah dan menjauhi segala larangannya.\n\nMereka melakukan yang demikian itu karena yakin bahwa dalam menjalankan perintah-perintahnya itu terdapat keuntungan yang besar, sedang mendurhakainya adalah kerugian besar. Apakah ada sebutan yang lebih mulia dan dapat membanggakan hati daripada menyebut namanya bersama nama Allah Yang Maha Pengasih, sebagai tanda kesempurnaan insani? Sebutan mana lagi yang lebih mulia daripada sebutan yang dijadikan tanda pengakuan kerasulannya dan pengakuan tersebut dijadikan syarat seseorang menjadi penghuni surga.\n\nSelain dari itu, Nabi saw telah membebaskan umat manusia dari perbudakan, kebodohan, dan kerusakan pikiran, serta membawa manusia kembali kepada fitrah yang menjamin kebebasan berpikir dan berkehendak. Dengan demikian, manusia dapat menemukan yang hak dan mengetahui siapakah sebenarnya yang harus disembah. Mereka kemudian bersatu dalam keimanan dan beribadah kepada Allah Yang Maha Esa, sesudah mereka berbeda-beda dalam penyembuhan mereka. Beliaulah yang menyingkirkan awan-awan kegelapan dari mereka, serta menerangi jalan yang harus ditempuh untuk menuju kepada kejayaan dan kebahagiaan."
                    }
                }
            },
            {
                "number": {
                    "inQuran": 6095,
                    "inSurah": 5
                },
                "meta": {
                    "juz": 30,
                    "page": 596,
                    "manzil": 7,
                    "ruku": 536,
                    "hizbQuarter": 239,
                    "sajda": {
                        "recommended": false,
                        "obligatory": false
                    }
                },
                "text": {
                    "arab": "فَإِنَّ مَعَ الْعُسْرِ يُسْرًا",
                    "transliteration": {
                        "en": "Fa inna ma'al usri yusra"
                    }
                },
                "translation": {
                    "en": "For indeed, with hardship [will be] ease.",
                    "id": "Maka sesungguhnya beserta kesulitan ada kemudahan,"
                },
                "audio": {
                    "primary": "https://cdn.alquran.cloud/media/audio/ayah/ar.alafasy/6095",
                    "secondary": [
                        "https://cdn.islamic.network/quran/audio/128/ar.alafasy/6095.mp3",
                        "https://cdn.islamic.network/quran/audio/64/ar.alafasy/6095.mp3"
                    ]
                },
                "tafsir": {
                    "id": {
                        "short": "Demikianlah nikmat-nikmat-Ku kepadamu. Maka tetaplah optimis dan berharap pada perto­longan Tuhanmu karena sesungguhnya beserta kesulitan apa pun pasti ada kemudahan yang menyertainya. Engkau hadapi kesulitan besar dalam menyampaikan dakwah kepada kaummu; mereka ingkar dan menentangmu, tetapi Allah memberimu kemudahan untuk menaklukkan mereka.",
                        "long": "Dalam ayat ini, Allah mengungkapkan bahwa sesungguhnya di dalam setiap kesempitan, terdapat kelapangan, dan di dalam setiap kekurangan sarana untuk mencapai suatu keinginan, terdapat pula jalan keluar. Namun demikian, dalam usaha untuk meraih sesuatu itu harus tetap berpegang pada kesabaran dan tawakal kepada Allah. Ini adalah sifat Nabi saw, baik sebelum beliau diangkat menjadi rasul maupun sesudahnya, ketika beliau terdesak menghadapi tantangan kaumnya.\n\nWalaupun demikian, beliau tidak pernah gelisah dan tidak pula mengubah tujuan, tetapi beliau bersabar menghadapi kejahatan kaumnya dan terus menjalankan dakwah sambil berserah diri dengan tawakal kepada Allah dan mengharap pahala daripada-Nya. Begitulah keadaan Nabi saw sejak permulaan dakwahnya. Pada akhirnya, Allah memberikan kepadanya pendukung-pendukung yang mencintai beliau sepenuh hati dan bertekad untuk menjaga diri pribadi beliau dan agama yang dibawanya. Mereka yakin bahwa hidup mereka tidak akan sempurna kecuali dengan menghancurleburkan segala sendi kemusyrikan dan kekufuran. Lalu mereka bersedia menebus pahala dan nikmat yang disediakan di sisi Allah bagi orang-orang yang berjihad pada jalan-Nya dengan jiwa, harta, dan semua yang mereka miliki. Dengan demikian, mereka sanggup menghancurkan kubu-kubu pertahanan raja-raja Persi dan Romawi.\n\nAyat tersebut seakan-akan menyatakan bahwa bila keadaan telah terlalu gawat, maka dengan sendirinya kita ingin keluar dengan selamat dari kesusahan tersebut dengan melalui segala jalan yang dapat ditempuh, sambil bertawakal kepada Allah. Dengan demikian, kemenangan bisa tercapai walau bagaimanapun hebatnya rintangan dan cobaan yang dihadapi.\n\nDengan ini pula, Allah memberitahukan kepada Nabi Muhammad bahwa keadaannya akan berubah dari miskin menjadi kaya, dari tidak mempunyai teman sampai mempunyai saudara yang banyak dan dari kebencian kaumnya kepada kecintaan yang tidak ada taranya."
                    }
                }
            },
            {
                "number": {
                    "inQuran": 6096,
                    "inSurah": 6
                },
                "meta": {
                    "juz": 30,
                    "page": 596,
                    "manzil": 7,
                    "ruku": 536,
                    "hizbQuarter": 239,
                    "sajda": {
                        "recommended": false,
                        "obligatory": false
                    }
                },
                "text": {
                    "arab": "إِنَّ مَعَ الْعُسْرِ يُسْرًا",
                    "transliteration": {
                        "en": "Inna ma'al 'usri yusra"
                    }
                },
                "translation": {
                    "en": "Indeed, with hardship [will be] ease.",
                    "id": "sesungguhnya beserta kesulitan itu ada kemudahan."
                },
                "audio": {
                    "primary": "https://cdn.alquran.cloud/media/audio/ayah/ar.alafasy/6096",
                    "secondary": [
                        "https://cdn.islamic.network/quran/audio/128/ar.alafasy/6096.mp3",
                        "https://cdn.islamic.network/quran/audio/64/ar.alafasy/6096.mp3"
                    ]
                },
                "tafsir": {
                    "id": {
                        "short": "Sesungguhnya beserta kesulitan itu pasti ada kemudahan.",
                        "long": "Ayat ini adalah ulangan ayat sebelumnya untuk menguatkan arti yang terkandung dalam ayat yang terdahulu. Bila kesulitan itu dihadapi dengan tekad yang sungguh-sungguh dan berusaha dengan sekuat tenaga dan pikiran untuk melepaskan diri darinya, tekun dan sabar serta tidak mengeluh atas kelambatan datangnya kemudahan, pasti kemudahan itu akan tiba."
                    }
                }
            },
            {
                "number": {
                    "inQuran": 6097,
                    "inSurah": 7
                },
                "meta": {
                    "juz": 30,
                    "page": 596,
                    "manzil": 7,
                    "ruku": 536,
                    "hizbQuarter": 239,
                    "sajda": {
                        "recommended": false,
                        "obligatory": false
                    }
                },
                "text": {
                    "arab": "فَإِذَا فَرَغْتَ فَانصَبْ",
                    "transliteration": {
                        "en": "Fa iza faragh ta fansab"
                    }
                },
                "translation": {
                    "en": "So when you have finished [your duties], then stand up [for worship].",
                    "id": "Maka apabila engkau telah selesai (dari sesuatu urusan), tetaplah bekerja keras (untuk urusan yang lain),"
                },
                "audio": {
                    "primary": "https://cdn.alquran.cloud/media/audio/ayah/ar.alafasy/6097",
                    "secondary": [
                        "https://cdn.islamic.network/quran/audio/128/ar.alafasy/6097.mp3",
                        "https://cdn.islamic.network/quran/audio/64/ar.alafasy/6097.mp3"
                    ]
                },
                "tafsir": {
                    "id": {
                        "short": "Maka apabila engkau telah selesai dari suatu urusan, tetaplah bekerja keras untuk urusan yang lain. Bila engkau menyelesaikan suatu urusan dunia atau berdakwah, bergegaslah bersimpuh di hadapan Tuhanmu. Begitu engkau selesai beribadah, bersungguh-sungguhlah dalam ber­doa. Demikian seterusnya.",
                        "long": "Sesudah menyatakan nikmat-nikmat-Nya kepada Nabi Muhammad dan janji-Nya akan menyelamatkan beliau dari bahaya-bahaya yang menimpa, Allah memerintahkan kepadanya agar menyukuri nikmat-nikmat tersebut dengan tekun beramal saleh sambil bertawakal kepada-Nya. Bila telah selesai mengerjakan suatu amal perbuatan, maka hendaklah beliau mengerjakan amal perbuatan lainnya. Sebab, dalam keadaan terus beramal, beliau akan menemui ketenangan jiwa dan kelapangan hati. Ayat ini menganjurkan agar Nabi saw tetap rajin dan terus-menerus tekun beramal."
                    }
                }
            },
            {
                "number": {
                    "inQuran": 6098,
                    "inSurah": 8
                },
                "meta": {
                    "juz": 30,
                    "page": 596,
                    "manzil": 7,
                    "ruku": 536,
                    "hizbQuarter": 239,
                    "sajda": {
                        "recommended": false,
                        "obligatory": false
                    }
                },
                "text": {
                    "arab": "وَإِلَىٰ رَبِّكَ فَارْغَب",
                    "transliteration": {
                        "en": "Wa ilaa rabbika far ghab"
                    }
                },
                "translation": {
                    "en": "And to your Lord direct [your] longing.",
                    "id": "dan hanya kepada Tuhanmulah engkau berharap."
                },
                "audio": {
                    "primary": "https://cdn.alquran.cloud/media/audio/ayah/ar.alafasy/6098",
                    "secondary": [
                        "https://cdn.islamic.network/quran/audio/128/ar.alafasy/6098.mp3",
                        "https://cdn.islamic.network/quran/audio/64/ar.alafasy/6098.mp3"
                    ]
                },
                "tafsir": {
                    "id": {
                        "short": "Dan hanya kepada Tuhanmulah engkau patut berharap dengan selalu bertawakal serta meng­harap rahmat dan rida-Nya.",
                        "long": "Dalam ayat ini, Allah menegaskan agar Nabi Muhammad tidak mengharapkan pahala dari hasil amal perbuatannya, akan tetapi hanya menuntut keridaan Allah semata. Karena Dia-lah sebenarnya yang dituju dalam amal ibadah dan pada-Nyalah tempat merendahkan diri."
                    }
                }
            }
        ]
    }
}